liquid/Binder,Cement (kg/m3),GGBS (kg/m3),Fly ash (kg/m3),Silica fume (kg/m3),Alkaline Solution (kg/m3),Fine aggregate (Kg/m3),Coarse aggregate (Kg/m3),Superplasticizer (kg/m3),Additional Water (Kg/m3),NaOH (Molarity),SS/SH Ratio,Age,Curing Temp (C),Compressive_strength,CO2 Emission (Kg/m3)
0.55,0.0,108.0,252.0,0.0,198.0,770.0,1090.0,0.0,0.0,8.0,2.5,7.0,30.0,33.83,101.13
0.55,0.0,108.0,252.0,0.0,198.0,770.0,1090.0,0.0,0.0,8.0,2.5,28.0,30.0,41.1,101.13
0.55,0.0,108.0,252.0,0.0,198.0,770.0,1090.0,0.0,0.0,8.0,2.5,7.0,60.0,34.53,101.13
0.55,0.0,108.0,252.0,0.0,198.0,770.0,1090.0,0.0,0.0,8.0,2.5,28.0,60.0,41.27,101.13
0.55,0.0,72.0,288.0,0.0,198.0,770.0,1090.0,0.0,0.0,8.0,2.5,7.0,30.0,30.87,99.41
0.55,0.0,72.0,288.0,0.0,198.0,770.0,1090.0,0.0,0.0,8.0,2.5,28.0,30.0,35.8,99.41
0.55,0.0,72.0,288.0,0.0,198.0,770.0,1090.0,0.0,0.0,8.0,2.5,7.0,60.0,32.2,99.41
0.55,0.0,72.0,288.0,0.0,198.0,770.0,1090.0,0.0,0.0,8.0,2.5,28.0,60.0,37.6,99.41
0.55,0.0,36.0,324.0,0.0,198.0,770.0,1090.0,0.0,0.0,8.0,2.5,7.0,30.0,27.93,97.68
0.55,0.0,36.0,324.0,0.0,198.0,770.0,1090.0,0.0,0.0,8.0,2.5,28.0,30.0,34.83,97.68
0.55,0.0,36.0,324.0,0.0,198.0,770.0,1090.0,0.0,0.0,8.0,2.5,7.0,60.0,28.2,97.68
0.55,0.0,36.0,324.0,0.0,198.0,770.0,1090.0,0.0,0.0,8.0,2.5,28.0,60.0,35.13,97.68
0.55,0.0,108.0,252.0,0.0,198.0,770.0,1090.0,0.0,0.0,8.0,1.5,7.0,30.0,34.5,106.85
0.55,0.0,108.0,252.0,0.0,198.0,770.0,1090.0,0.0,0.0,8.0,1.5,28.0,30.0,43.1,106.85
0.55,0.0,108.0,252.0,0.0,198.0,770.0,1090.0,0.0,0.0,8.0,1.5,7.0,60.0,35.73,106.85
0.55,0.0,108.0,252.0,0.0,198.0,770.0,1090.0,0.0,0.0,8.0,1.5,28.0,60.0,43.6,106.85
0.55,0.0,72.0,288.0,0.0,198.0,770.0,1090.0,0.0,0.0,8.0,1.5,7.0,30.0,32.53,105.13
0.55,0.0,72.0,288.0,0.0,198.0,770.0,1090.0,0.0,0.0,8.0,1.5,28.0,30.0,38.8,105.13
0.55,0.0,72.0,288.0,0.0,198.0,770.0,1090.0,0.0,0.0,8.0,1.5,7.0,60.0,32.7,105.13
0.55,0.0,72.0,288.0,0.0,198.0,770.0,1090.0,0.0,0.0,8.0,1.5,28.0,60.0,39.6,105.13
0.55,0.0,36.0,324.0,0.0,198.0,770.0,1090.0,0.0,0.0,8.0,1.5,7.0,30.0,28.9,103.4
0.55,0.0,36.0,324.0,0.0,198.0,770.0,1090.0,0.0,0.0,8.0,1.5,28.0,30.0,36.8,103.4
0.55,0.0,36.0,324.0,0.0,198.0,770.0,1090.0,0.0,0.0,8.0,1.5,7.0,60.0,29.2,103.4
0.55,0.0,36.0,324.0,0.0,198.0,770.0,1090.0,0.0,0.0,8.0,1.5,28.0,60.0,37.3,103.4
0.48,0.0,204.5,204.5,0.0,143.0,554.0,776.0,0.0,55.0,10.0,2.5,3.0,30.0,12.1,85.9
0.48,0.0,204.5,204.5,0.0,143.0,554.0,776.0,0.0,55.0,10.0,2.5,7.0,30.0,15.4,85.9
0.48,0.0,204.5,204.5,0.0,143.0,554.0,776.0,0.0,55.0,10.0,2.5,14.0,30.0,26.5,85.9
0.48,0.0,204.5,204.5,0.0,143.0,554.0,776.0,0.0,55.0,10.0,2.5,21.0,30.0,29.2,85.9
0.48,0.0,204.5,204.5,0.0,143.0,554.0,776.0,0.0,55.0,10.0,2.5,28.0,30.0,33.5,85.9
0.48,0.0,307.0,102.0,0.0,143.0,554.0,776.0,0.0,55.0,10.0,2.5,3.0,30.0,16.5,90.82
0.48,0.0,307.0,102.0,0.0,143.0,554.0,776.0,0.0,55.0,10.0,2.5,7.0,30.0,18.1,90.82
0.48,0.0,307.0,102.0,0.0,143.0,554.0,776.0,0.0,55.0,10.0,2.5,14.0,30.0,28.4,90.82
0.48,0.0,307.0,102.0,0.0,143.0,554.0,776.0,0.0,55.0,10.0,2.5,21.0,30.0,32.2,90.82
0.48,0.0,307.0,102.0,0.0,143.0,554.0,776.0,0.0,55.0,10.0,2.5,28.0,30.0,35.5,90.82
0.48,0.0,409.0,0.0,0.0,143.0,554.0,776.0,0.0,55.0,10.0,2.5,3.0,30.0,18.4,95.72
0.48,0.0,409.0,0.0,0.0,143.0,554.0,776.0,0.0,55.0,10.0,2.5,7.0,30.0,24.2,95.72
0.48,0.0,409.0,0.0,0.0,143.0,554.0,776.0,0.0,55.0,10.0,2.5,14.0,30.0,32.4,95.72
0.48,0.0,409.0,0.0,0.0,143.0,554.0,776.0,0.0,55.0,10.0,2.5,21.0,30.0,36.2,95.72
0.48,0.0,409.0,0.0,0.0,143.0,554.0,776.0,0.0,55.0,10.0,2.5,28.0,30.0,38.6,95.72
0.4,0.0,0.0,400.0,0.0,160.0,651.0,1209.0,0.0,0.0,10.0,2.5,3.0,22.0,5.0,86.69
0.4,0.0,40.0,360.0,0.0,160.0,651.0,1209.0,0.0,0.0,10.0,2.5,3.0,22.0,13.0,88.61
0.4,0.0,80.0,320.0,0.0,160.0,651.0,1209.0,0.0,0.0,10.0,2.5,3.0,22.0,20.0,90.53
0.4,0.0,120.0,280.0,0.0,160.0,651.0,1209.0,0.0,0.0,10.0,2.5,3.0,22.0,29.0,92.45
0.35,0.0,40.0,360.0,0.0,140.0,651.0,1209.0,0.0,0.0,10.0,2.5,3.0,22.0,20.0,79.09
0.45,0.0,40.0,360.0,0.0,180.0,651.0,1209.0,0.0,0.0,10.0,2.5,3.0,22.0,14.0,98.13
0.4,0.0,40.0,360.0,0.0,160.0,651.0,1209.0,0.0,0.0,10.0,1.5,3.0,22.0,12.0,96.03
0.4,0.0,40.0,360.0,0.0,160.0,651.0,1209.0,0.0,0.0,10.0,2.0,3.0,22.0,14.0,91.7
0.4,0.0,0.0,400.0,0.0,160.0,651.0,1209.0,0.0,0.0,10.0,2.5,7.0,22.0,16.0,86.69
0.4,0.0,40.0,360.0,0.0,160.0,651.0,1209.0,0.0,0.0,10.0,2.5,7.0,22.0,22.0,88.61
0.4,0.0,80.0,320.0,0.0,160.0,651.0,1209.0,0.0,0.0,10.0,2.5,7.0,22.0,29.5,90.53
0.4,0.0,120.0,280.0,0.0,160.0,651.0,1209.0,0.0,0.0,10.0,2.5,7.0,22.0,40.5,92.45
0.35,0.0,40.0,360.0,0.0,140.0,651.0,1209.0,0.0,0.0,10.0,2.5,7.0,22.0,33.0,79.09
0.45,0.0,40.0,360.0,0.0,180.0,651.0,1209.0,0.0,0.0,10.0,2.5,7.0,22.0,20.0,98.13
0.4,0.0,40.0,360.0,0.0,160.0,651.0,1209.0,0.0,0.0,10.0,1.5,7.0,22.0,20.0,96.03
0.4,0.0,40.0,360.0,0.0,160.0,651.0,1209.0,0.0,0.0,10.0,2.0,7.0,22.0,21.0,91.7
0.4,0.0,0.0,400.0,0.0,160.0,651.0,1209.0,0.0,0.0,10.0,2.5,28.0,22.0,28.0,86.69
0.4,0.0,40.0,360.0,0.0,160.0,651.0,1209.0,0.0,0.0,10.0,2.5,28.0,22.0,35.0,88.61
0.4,0.0,80.0,320.0,0.0,160.0,651.0,1209.0,0.0,0.0,10.0,2.5,28.0,22.0,45.0,90.53
0.4,0.0,120.0,280.0,0.0,160.0,651.0,1209.0,0.0,0.0,10.0,2.5,28.0,22.0,56.0,92.45
0.35,0.0,40.0,360.0,0.0,140.0,651.0,1209.0,0.0,0.0,10.0,2.5,28.0,22.0,45.5,79.09
0.45,0.0,40.0,360.0,0.0,180.0,651.0,1209.0,0.0,0.0,10.0,2.5,28.0,22.0,31.0,98.13
0.4,0.0,40.0,360.0,0.0,160.0,651.0,1209.0,0.0,0.0,10.0,1.5,28.0,22.0,35.5,96.03
0.4,0.0,40.0,360.0,0.0,160.0,651.0,1209.0,0.0,0.0,10.0,2.0,28.0,22.0,35.0,91.7
0.4,0.0,0.0,400.0,0.0,160.0,651.0,1209.0,0.0,0.0,10.0,2.5,56.0,22.0,30.0,86.69
0.4,0.0,40.0,360.0,0.0,160.0,651.0,1209.0,0.0,0.0,10.0,2.5,56.0,22.0,38.0,88.61
0.4,0.0,80.0,320.0,0.0,160.0,651.0,1209.0,0.0,0.0,10.0,2.5,56.0,22.0,46.0,90.53
0.4,0.0,120.0,280.0,0.0,160.0,651.0,1209.0,0.0,0.0,10.0,2.5,56.0,22.0,62.0,92.45
0.35,0.0,40.0,360.0,0.0,140.0,651.0,1209.0,0.0,0.0,10.0,2.5,56.0,22.0,52.0,79.09
0.45,0.0,40.0,360.0,0.0,180.0,651.0,1209.0,0.0,0.0,10.0,2.5,56.0,22.0,35.0,98.13
0.4,0.0,40.0,360.0,0.0,160.0,651.0,1209.0,0.0,0.0,10.0,1.5,56.0,22.0,41.0,96.03
0.4,0.0,40.0,360.0,0.0,160.0,651.0,1209.0,0.0,0.0,10.0,2.0,56.0,22.0,40.0,91.7
0.4,0.0,40.0,360.0,0.0,160.0,651.0,1209.0,0.0,0.0,10.0,2.5,3.0,60.0,50.0,88.61
0.4,0.0,40.0,360.0,0.0,160.0,651.0,1209.0,0.0,0.0,10.0,2.5,7.0,60.0,52.0,88.61
0.4,0.0,40.0,360.0,0.0,160.0,651.0,1209.0,0.0,0.0,10.0,2.5,28.0,60.0,56.0,88.61
0.4,0.0,40.0,360.0,0.0,160.0,651.0,1209.0,0.0,0.0,10.0,2.5,56.0,60.0,58.0,88.61
0.46,0.0,158.0,237.0,0.0,181.0,547.0,1277.0,7.9,0.0,8.0,2.5,3.0,30.0,18.53,111.0
0.46,0.0,158.0,237.0,0.0,181.0,547.0,1277.0,7.9,0.0,8.0,2.5,7.0,30.0,24.49,111.0
0.46,0.0,158.0,237.0,0.0,181.0,547.0,1277.0,7.9,0.0,8.0,2.5,28.0,30.0,28.36,111.0
0.55,175.0,0.0,140.0,35.0,0.0,770.95,376.6,0.0,192.5,0.0,0.0,28.0,30.0,16.9,153.56
0.6,330.0,0.0,0.0,0.0,0.0,710.0,1240.0,0.0,198.0,0.0,0.0,7.0,30.0,18.9,286.56
0.55,175.0,0.0,140.0,35.0,0.0,770.95,519.05,0.0,192.5,0.0,0.0,28.0,30.0,21.3,154.24
0.65,13.02,0.0,0.0,0.0,0.0,36.6,26.53,0.0,8.46,0.0,0.0,7.0,30.0,21.37,11.24
0.45,280.0,0.0,120.0,0.0,0.0,776.18,217.77,0.0,180.0,0.0,0.0,28.0,30.0,22.1,240.45
0.6,330.0,0.0,0.0,0.0,0.0,710.0,1240.0,0.0,198.0,0.0,0.0,14.0,30.0,22.2,286.56
0.45,440.0,0.0,0.0,0.0,0.0,600.0,1240.0,0.0,200.0,0.0,0.0,7.0,30.0,22.4,378.43
0.55,350.0,0.0,0.0,0.0,0.0,823.22,217.77,0.0,192.5,0.0,0.0,28.0,30.0,22.5,299.0
0.6,14.11,0.0,0.0,0.0,0.0,34.44,26.4,0.0,8.46,0.0,0.0,7.0,30.0,23.32,12.14
0.45,340.0,0.0,60.0,0.0,0.0,794.47,217.77,0.0,180.0,0.0,0.0,28.0,30.0,23.7,290.7
0.6,330.0,0.0,0.0,0.0,0.0,710.0,1240.0,0.0,198.0,0.0,0.0,28.0,30.0,23.9,286.56
0.55,15.38,0.0,0.0,0.0,0.0,34.6,26.53,0.0,8.46,0.0,0.0,7.0,30.0,24.52,13.21
0.55,245.0,0.0,105.0,0.0,0.0,794.47,376.6,0.0,192.5,0.0,0.0,28.0,30.0,25.2,211.84
0.55,175.0,0.0,140.0,35.0,0.0,770.95,463.01,0.0,192.5,0.0,0.0,28.0,30.0,25.9,153.97
0.65,13.02,0.0,0.0,0.0,0.0,36.6,26.53,0.0,8.46,0.0,0.0,28.0,30.0,26.06,11.24
0.55,350.0,0.0,0.0,0.0,0.0,821.94,940.4,0.0,192.5,0.0,0.0,28.0,30.0,26.1,302.46
0.45,400.0,0.0,0.0,0.0,0.0,810.15,217.77,0.0,180.0,0.0,0.0,28.0,30.0,26.1,340.93
0.55,245.0,0.0,70.0,35.0,0.0,791.86,376.6,0.0,192.5,0.0,0.0,28.0,30.0,26.1,212.18
0.45,200.0,0.0,160.0,40.0,0.0,752.66,376.6,0.0,180.0,0.0,0.0,28.0,30.0,26.6,174.62
0.5,16.92,0.0,0.0,0.0,0.0,33.28,26.53,0.0,8.46,0.0,0.0,7.0,30.0,27.03,14.5
0.45,440.0,0.0,0.0,0.0,0.0,600.0,1240.0,0.0,200.0,0.0,0.0,14.0,30.0,27.1,378.43
0.6,330.0,0.0,0.0,0.0,0.0,710.0,1240.0,0.0,198.0,0.0,0.0,90.0,30.0,28.1,286.56
0.35,450.0,0.0,0.0,0.0,0.0,820.61,217.77,0.0,157.5,0.0,0.0,28.0,30.0,28.5,382.98
0.45,200.0,0.0,160.0,40.0,0.0,752.66,519.05,0.0,180.0,0.0,0.0,28.0,30.0,28.6,175.3
0.55,297.5,0.0,52.5,0.0,0.0,807.54,376.6,0.0,192.5,0.0,0.0,28.0,30.0,28.7,255.79
0.6,330.0,0.0,0.0,0.0,0.0,710.0,1240.0,0.0,198.0,0.0,0.0,180.0,30.0,29.1,286.56
0.55,245.0,0.0,105.0,0.0,0.0,794.47,519.05,0.0,192.5,0.0,0.0,28.0,30.0,29.2,212.52
0.35,225.0,0.0,180.0,45.0,0.0,757.89,376.6,0.0,157.5,0.0,0.0,28.0,30.0,29.3,195.8
0.6,14.11,0.0,0.0,0.0,0.0,34.44,26.4,0.0,8.46,0.0,0.0,28.0,30.0,29.38,12.14
0.45,440.0,0.0,0.0,0.0,0.0,600.0,1240.0,0.0,200.0,0.0,0.0,28.0,30.0,29.7,378.43
0.55,318.5,0.0,0.0,31.5,0.0,810.15,376.6,0.0,192.5,0.0,0.0,28.0,30.0,29.8,273.68
0.55,15.38,0.0,0.0,0.0,0.0,34.6,26.53,0.0,8.46,0.0,0.0,28.0,30.0,29.91,13.21
0.45,400.0,0.0,0.0,0.0,0.0,816.57,935.1,0.0,180.0,0.0,0.0,28.0,30.0,30.3,344.41
0.45,280.0,0.0,120.0,0.0,0.0,776.18,376.6,0.0,180.0,0.0,0.0,28.0,30.0,30.3,241.21
0.45,440.0,0.0,0.0,0.0,0.0,600.0,1240.0,0.0,200.0,0.0,0.0,7.0,30.0,30.5,378.43
0.55,245.0,0.0,105.0,0.0,0.0,687.01,1046.36,0.0,192.5,0.0,0.0,28.0,30.0,30.7,214.54
0.45,440.0,0.0,0.0,0.0,0.0,646.0,372.82,0.0,198.0,0.0,0.0,28.0,30.0,30.9,374.49
0.38,500.0,0.0,0.0,0.0,0.0,321.0,518.0,2.52,190.0,0.0,0.0,7.0,30.0,31.0,428.76
0.38,500.0,0.0,0.0,0.0,0.0,321.0,518.0,0.0,188.0,0.0,0.0,7.0,30.0,31.0,424.03
0.35,450.0,0.0,0.0,0.0,0.0,1042.0,266.35,3.16,158.0,0.0,0.0,28.0,30.0,31.2,390.22
0.45,280.0,0.0,80.0,40.0,0.0,703.0,376.6,0.0,180.0,0.0,0.0,28.0,30.0,31.2,241.26
0.55,329.0,0.0,0.0,21.0,0.0,815.38,376.6,0.0,192.5,0.0,0.0,28.0,30.0,31.3,282.38
0.4,21.15,0.0,0.0,0.0,0.0,27.53,26.51,0.0,8.46,0.0,0.0,7.0,30.0,31.89,18.03
0.38,500.0,0.0,0.0,0.0,0.0,517.0,518.0,2.76,190.0,0.0,0.0,7.0,30.0,32.0,430.16
0.55,245.0,0.0,70.0,35.0,0.0,791.86,519.05,0.0,192.5,0.0,0.0,28.0,30.0,32.3,212.86
0.55,350.0,0.0,0.0,0.0,0.0,823.22,376.6,0.0,192.5,0.0,0.0,28.0,30.0,32.6,299.76
0.45,364.0,0.0,0.0,36.0,0.0,797.09,376.6,0.0,180.0,0.0,0.0,28.0,30.0,33.3,311.9
0.45,340.0,0.0,60.0,0.0,0.0,794.47,376.6,0.0,180.0,0.0,0.0,28.0,30.0,33.5,291.46
0.45,440.0,0.0,0.0,0.0,0.0,600.0,1240.0,0.0,200.0,0.0,0.0,14.0,30.0,33.7,378.43
0.45,18.8,0.0,0.0,0.0,0.0,31.73,26.53,0.0,8.46,0.0,0.0,7.0,30.0,33.81,16.07
0.45,280.0,0.0,120.0,0.0,0.0,776.18,468.3,0.0,180.0,0.0,0.0,28.0,30.0,33.9,241.65
0.38,500.0,0.0,0.0,0.0,0.0,321.0,518.0,0.0,188.0,0.0,0.0,28.0,30.0,34.0,424.03
0.45,376.0,0.0,0.0,24.0,0.0,802.31,376.6,0.0,180.0,0.0,0.0,28.0,30.0,34.4,321.83
0.5,16.92,0.0,0.0,0.0,0.0,33.28,26.53,0.0,8.46,0.0,0.0,28.0,30.0,34.41,14.5
0.38,454.0,0.0,0.0,0.0,0.0,729.0,1094.0,0.0,173.0,0.0,0.0,28.0,30.0,34.6,390.11
0.4,460.0,0.0,0.0,0.0,0.0,671.0,372.82,0.92,184.0,0.0,0.0,28.0,30.0,34.8,393.14
0.35,315.0,0.0,135.0,0.0,0.0,784.02,376.6,0.0,157.5,0.0,0.0,28.0,30.0,35.4,270.71
0.35,450.0,0.0,0.0,0.0,0.0,819.17,940.4,0.0,157.5,0.0,0.0,28.0,30.0,35.9,386.45
0.55,245.0,0.0,105.0,0.0,0.0,794.47,463.01,0.0,192.5,0.0,0.0,28.0,30.0,36.0,212.26
0.55,297.5,0.0,52.5,0.0,0.0,807.54,519.05,0.0,192.5,0.0,0.0,28.0,30.0,36.7,256.48
0.47,286.0,0.0,123.0,0.0,0.0,689.0,1041.0,0.0,192.0,0.0,0.0,28.0,30.0,36.7,249.04
0.35,270.0,0.0,180.0,0.0,0.0,825.0,372.82,1.9,158.0,0.0,0.0,28.0,30.0,37.1,236.83
0.35,270.0,0.0,180.0,0.0,0.0,825.0,372.82,1.9,158.0,0.0,0.0,28.0,30.0,37.1,236.83
0.45,340.0,0.0,60.0,0.0,0.0,794.47,468.3,0.0,180.0,0.0,0.0,28.0,30.0,37.1,291.9
0.55,350.0,0.0,0.0,0.0,0.0,823.22,468.3,0.0,192.5,0.0,0.0,28.0,30.0,37.3,300.2
0.35,450.0,0.0,0.0,0.0,0.0,680.0,372.82,2.26,158.0,0.0,0.0,28.0,30.0,37.5,387.3
0.45,400.0,0.0,0.0,0.0,0.0,810.15,376.6,0.0,180.0,0.0,0.0,28.0,30.0,37.6,341.7
0.38,500.0,0.0,0.0,0.0,0.0,321.0,518.0,2.52,190.0,0.0,0.0,28.0,30.0,38.0,428.76
0.45,200.0,0.0,160.0,40.0,0.0,752.66,463.01,0.0,180.0,0.0,0.0,28.0,30.0,38.0,175.04
0.45,400.0,0.0,0.0,0.0,0.0,744.82,430.4,0.0,180.0,0.0,0.0,28.0,30.0,38.1,341.64
0.45,280.0,0.0,120.0,0.0,0.0,776.18,519.05,0.0,180.0,0.0,0.0,28.0,30.0,38.4,241.9
0.45,376.0,0.0,0.0,24.0,0.0,802.31,468.3,0.0,180.0,0.0,0.0,28.0,30.0,38.5,322.27
0.45,440.0,0.0,0.0,0.0,0.0,600.0,1240.0,0.0,200.0,0.0,0.0,90.0,30.0,38.5,378.43
0.55,297.5,0.0,52.5,0.0,0.0,692.23,1056.95,0.0,192.5,0.0,0.0,28.0,30.0,38.6,258.51
0.45,18.8,0.0,0.0,0.0,0.0,31.73,26.53,0.0,8.46,0.0,0.0,28.0,30.0,38.79,16.07
0.4,21.15,0.0,0.0,0.0,0.0,27.53,26.51,0.0,8.46,0.0,0.0,28.0,30.0,39.0,18.03
0.45,440.0,0.0,0.0,0.0,0.0,969.0,372.82,0.0,198.0,0.0,0.0,28.0,30.0,39.0,376.04
0.55,315.0,0.0,79.0,0.0,0.0,810.0,451.5,0.0,217.0,0.0,0.0,28.0,30.0,39.1,270.97
0.55,315.0,0.0,79.0,0.0,0.0,810.0,451.5,0.0,217.0,0.0,0.0,28.0,30.0,39.1,270.97
0.35,315.0,0.0,90.0,45.0,0.0,781.41,376.6,0.0,157.5,0.0,0.0,28.0,30.0,39.2,271.15
0.55,318.5,0.0,0.0,31.5,0.0,810.15,519.05,0.0,192.5,0.0,0.0,28.0,30.0,39.9,274.36
0.54,400.0,0.0,0.0,0.0,0.0,517.0,1098.0,0.0,215.0,0.0,0.0,7.0,30.0,40.0,343.75
0.55,245.0,0.0,70.0,35.0,0.0,791.86,463.01,0.0,192.5,0.0,0.0,28.0,30.0,40.1,212.59
0.35,382.5,0.0,67.5,0.0,0.0,802.31,376.6,0.0,157.5,0.0,0.0,28.0,30.0,40.4,327.23
0.45,280.0,0.0,80.0,40.0,0.0,773.57,519.05,0.0,180.0,0.0,0.0,28.0,30.0,40.4,242.28
0.65,367.0,0.0,0.0,0.0,0.0,587.2,880.8,0.0,238.55,0.0,0.0,126.0,30.0,40.6,315.33
0.45,440.0,0.0,0.0,0.0,0.0,600.0,1240.0,0.0,200.0,0.0,0.0,28.0,30.0,40.6,378.43
0.38,500.0,0.0,0.0,0.0,0.0,517.0,518.0,2.76,190.0,0.0,0.0,91.0,30.0,41.0,430.16
0.55,350.0,0.0,0.0,0.0,0.0,822.18,940.4,0.0,192.5,0.0,0.0,28.0,30.0,41.1,302.46
0.45,400.0,0.0,0.0,0.0,0.0,810.15,468.3,0.0,180.0,0.0,0.0,28.0,30.0,41.2,342.14
0.45,400.0,0.0,0.0,0.0,0.0,875.49,401.4,0.0,180.0,0.0,0.0,28.0,30.0,41.3,342.13
0.35,409.5,0.0,0.0,40.5,0.0,807.54,376.6,0.0,157.5,0.0,0.0,28.0,30.0,41.4,350.23
0.55,363.0,0.0,0.0,32.0,0.0,866.0,451.5,0.0,217.0,0.0,0.0,28.0,30.0,41.5,311.69
0.55,363.0,0.0,0.0,32.0,0.0,866.0,451.5,0.0,217.0,0.0,0.0,28.0,30.0,41.5,311.69
0.45,400.0,0.0,0.0,0.0,0.0,875.49,322.8,0.0,180.0,0.0,0.0,28.0,30.0,41.5,341.75
0.45,400.0,0.0,0.0,0.0,0.0,744.82,535.2,0.0,180.0,0.0,0.0,28.0,30.0,41.5,342.14
0.55,350.0,0.0,0.0,0.0,0.0,823.22,519.05,0.0,192.5,0.0,0.0,28.0,30.0,41.5,300.44
0.45,400.0,0.0,0.0,0.0,0.0,940.82,269.0,0.0,180.0,0.0,0.0,28.0,30.0,41.7,341.81
0.45,400.0,0.0,0.0,0.0,0.0,940.82,334.5,0.0,180.0,0.0,0.0,28.0,30.0,41.9,342.12
0.38,500.0,0.0,0.0,0.0,0.0,517.0,518.0,2.76,190.0,0.0,0.0,28.0,30.0,42.0,430.16
0.38,500.0,0.0,0.0,0.0,0.0,517.0,607.0,2.77,191.0,0.0,0.0,7.0,30.0,42.0,430.61
0.38,500.0,0.0,0.0,0.0,0.0,321.0,518.0,0.0,188.0,0.0,0.0,91.0,30.0,42.0,424.03
0.55,297.5,0.0,52.5,0.0,0.0,807.54,463.01,0.0,192.5,0.0,0.0,28.0,30.0,42.2,256.21
0.35,225.0,0.0,180.0,45.0,0.0,757.89,519.05,0.0,157.5,0.0,0.0,28.0,30.0,42.3,196.48
0.35,350.0,0.0,100.0,0.0,0.0,922.0,372.82,2.46,158.0,0.0,0.0,28.0,30.0,42.4,305.24
0.35,350.0,0.0,100.0,0.0,0.0,922.0,372.82,2.46,158.0,0.0,0.0,28.0,30.0,42.4,305.24
0.55,329.0,0.0,0.0,21.0,0.0,815.38,519.05,0.0,192.5,0.0,0.0,28.0,30.0,42.4,283.06
0.4,460.0,0.0,0.0,0.0,0.0,1001.0,372.82,0.92,184.0,0.0,0.0,28.0,30.0,42.6,394.72
0.45,350.0,0.0,0.0,0.0,0.0,1003.0,372.82,0.0,158.0,0.0,0.0,28.0,30.0,43.1,300.6
0.35,450.0,0.0,0.0,0.0,0.0,820.61,376.6,0.0,157.5,0.0,0.0,28.0,30.0,43.3,383.75
0.45,440.0,0.0,0.0,0.0,0.0,600.0,1240.0,0.0,200.0,0.0,0.0,180.0,30.0,43.3,378.43
0.38,454.0,0.0,0.0,0.0,0.0,729.0,1094.0,0.0,173.0,0.0,0.0,90.0,30.0,43.4,390.11
0.45,364.0,0.0,0.0,36.0,0.0,797.09,519.05,0.0,180.0,0.0,0.0,28.0,30.0,43.8,312.58
0.45,340.0,0.0,60.0,0.0,0.0,794.47,519.05,0.0,180.0,0.0,0.0,28.0,30.0,43.8,292.14
0.35,423.0,0.0,0.0,27.0,0.0,812.77,376.6,0.0,157.5,0.0,0.0,28.0,30.0,43.9,361.41
0.45,440.0,0.0,0.0,0.0,0.0,600.0,1240.0,0.0,200.0,0.0,0.0,90.0,30.0,44.0,378.43
0.47,348.0,0.0,61.0,0.0,0.0,697.0,1054.0,0.0,192.0,0.0,0.0,28.0,30.0,44.4,300.97
0.55,329.0,0.0,0.0,21.0,0.0,694.77,1059.6,0.0,192.5,0.0,0.0,28.0,30.0,44.5,285.07
0.45,280.0,0.0,120.0,0.0,0.0,647.77,1075.49,0.0,180.0,0.0,0.0,28.0,30.0,44.6,243.95
0.45,440.0,0.0,0.0,0.0,0.0,600.0,1240.0,0.0,200.0,0.0,0.0,180.0,30.0,44.8,378.43
0.38,500.0,0.0,0.0,0.0,0.0,321.0,518.0,2.52,190.0,0.0,0.0,91.0,30.0,45.0,428.76
0.55,318.5,0.0,0.0,31.5,0.0,810.15,463.01,0.0,192.5,0.0,0.0,28.0,30.0,45.0,274.09
0.47,409.0,0.0,0.0,0.0,0.0,720.0,1079.0,0.0,192.0,0.0,0.0,28.0,30.0,45.5,352.2
0.35,450.0,0.0,0.0,0.0,0.0,951.0,426.08,2.71,158.0,0.0,0.0,28.0,30.0,45.7,389.7
0.45,280.0,0.0,120.0,0.0,0.0,776.18,463.01,0.0,180.0,0.0,0.0,28.0,30.0,45.7,241.63
0.35,315.0,0.0,135.0,0.0,0.0,784.02,519.05,0.0,157.5,0.0,0.0,28.0,30.0,45.7,271.39
0.45,376.0,0.0,0.0,24.0,0.0,802.31,519.05,0.0,180.0,0.0,0.0,28.0,30.0,45.7,322.52
0.45,400.0,0.0,0.0,0.0,0.0,1037.0,692.0,0.0,180.0,0.0,0.0,28.0,30.0,46.0,344.3
0.45,400.0,0.0,0.0,0.0,0.0,1037.0,692.0,0.0,180.0,0.0,0.0,28.0,30.0,46.0,344.3
0.35,450.0,0.0,0.0,0.0,0.0,1043.0,372.82,3.16,158.0,0.0,0.0,28.0,30.0,46.5,390.74
0.35,450.0,0.0,0.0,0.0,0.0,1043.0,372.82,3.16,158.0,0.0,0.0,28.0,30.0,46.5,390.74
0.55,383.0,0.0,0.0,0.0,0.0,612.8,919.2,0.0,210.65,0.0,0.0,126.0,30.0,46.57,329.07
0.38,454.0,0.0,0.0,0.0,0.0,729.0,1094.0,0.0,173.0,0.0,0.0,180.0,30.0,46.8,390.11
0.38,500.0,0.0,0.0,0.0,0.0,517.0,607.0,2.77,191.0,0.0,0.0,28.0,30.0,47.0,430.61
0.38,500.0,0.0,0.0,0.0,0.0,517.0,643.0,3.24,190.0,0.0,0.0,7.0,30.0,47.0,431.66
0.55,329.0,0.0,0.0,21.0,0.0,815.38,463.01,0.0,192.5,0.0,0.0,28.0,30.0,47.0,282.79
0.35,414.0,0.0,0.0,36.0,0.0,997.0,372.82,3.74,158.0,0.0,0.0,28.0,30.0,47.6,361.87
0.55,350.0,0.0,0.0,0.0,0.0,699.99,1062.25,0.0,192.5,0.0,0.0,28.0,30.0,47.7,302.46
0.55,350.0,0.0,0.0,0.0,0.0,823.22,463.01,0.0,192.5,0.0,0.0,28.0,30.0,47.8,300.17
0.35,450.0,0.0,0.0,0.0,0.0,820.61,468.3,0.0,157.5,0.0,0.0,28.0,30.0,47.8,384.19
0.45,400.0,0.0,0.0,0.0,0.0,744.82,593.2,0.0,180.0,0.0,0.0,28.0,30.0,48.0,342.42
0.45,336.0,0.0,84.0,0.0,0.0,866.0,451.5,0.0,189.0,0.0,0.0,28.0,30.0,48.1,288.9
0.45,336.0,0.0,84.0,0.0,0.0,866.0,451.5,0.0,189.0,0.0,0.0,28.0,30.0,48.1,288.9
0.45,280.0,0.0,80.0,40.0,0.0,773.57,463.01,0.0,180.0,0.0,0.0,28.0,30.0,48.5,242.02
0.46,360.0,0.0,0.0,0.0,0.0,640.0,1225.0,0.0,165.0,0.0,0.0,28.0,30.0,48.6,311.35
0.35,450.0,0.0,0.0,0.0,0.0,1043.0,372.82,3.35,158.0,0.0,0.0,28.0,30.0,48.6,391.1
0.35,450.0,0.0,0.0,0.0,0.0,1043.0,372.82,3.25,158.0,0.0,0.0,28.0,30.0,48.6,390.91
0.35,450.0,0.0,0.0,0.0,0.0,1043.0,372.82,3.16,158.0,0.0,0.0,28.0,30.0,48.6,390.74
0.35,450.0,0.0,0.0,0.0,0.0,1043.0,372.82,3.16,158.0,0.0,0.0,28.0,30.0,48.6,390.74
0.54,400.0,0.0,0.0,0.0,0.0,517.0,1098.0,0.0,215.0,0.0,0.0,28.0,30.0,49.0,343.75
0.38,500.0,0.0,0.0,0.0,0.0,517.0,607.0,2.77,191.0,0.0,0.0,91.0,30.0,49.0,430.61
0.36,245.0,147.0,98.0,0.0,0.0,622.0,1068.0,4.41,176.4,0.0,0.0,28.0,30.0,49.1,230.24
0.45,340.0,0.0,60.0,0.0,0.0,652.99,1080.79,0.0,180.0,0.0,0.0,28.0,30.0,49.6,294.16
0.46,360.0,0.0,0.0,0.0,0.0,640.0,1225.0,0.0,165.0,0.0,0.0,28.0,30.0,49.7,311.35
0.36,288.0,0.0,192.0,0.0,0.0,638.0,1066.0,4.32,172.8,0.0,0.0,28.0,30.0,49.8,258.99
0.45,400.0,0.0,0.0,0.0,0.0,810.15,519.05,0.0,180.0,0.0,0.0,28.0,30.0,49.9,342.38
0.3,525.0,0.0,0.0,0.0,0.0,1073.0,372.82,4.21,158.0,0.0,0.0,28.0,30.0,50.0,455.86
0.38,500.0,0.0,0.0,0.0,0.0,517.0,643.0,3.24,190.0,0.0,0.0,28.0,30.0,50.0,431.66
0.54,400.0,0.0,0.0,0.0,0.0,517.0,1098.0,0.0,215.0,0.0,0.0,91.0,30.0,50.0,343.75
0.45,386.0,0.0,0.0,34.0,0.0,926.0,451.5,0.0,189.0,0.0,0.0,28.0,30.0,50.1,331.33
0.46,360.0,0.0,0.0,0.0,0.0,640.0,1225.0,0.0,165.0,0.0,0.0,28.0,30.0,50.2,311.35
0.36,192.0,144.0,144.0,0.0,0.0,619.0,1066.0,4.32,172.8,0.0,0.0,28.0,30.0,50.5,185.55
0.45,350.0,0.0,0.0,0.0,0.0,1096.0,731.0,0.53,157.5,0.0,0.0,28.0,30.0,50.5,303.76
0.45,350.0,0.0,0.0,0.0,0.0,1096.0,731.0,0.53,157.5,0.0,0.0,28.0,30.0,50.5,303.76
0.36,282.0,0.0,173.9,14.1,0.0,625.0,1076.0,4.7,169.2,0.0,0.0,28.0,30.0,50.8,254.77
0.45,440.0,0.0,0.0,0.0,0.0,959.0,451.5,0.0,198.0,0.0,0.0,28.0,30.0,50.8,376.37
0.45,440.0,0.0,0.0,0.0,0.0,959.0,451.5,0.0,198.0,0.0,0.0,28.0,30.0,50.8,376.37
0.36,288.0,0.0,168.0,24.0,0.0,696.0,1147.0,4.8,172.8,0.0,0.0,28.0,30.0,50.9,260.8
0.45,400.0,0.0,0.0,0.0,0.0,814.27,935.1,0.0,180.0,0.0,0.0,28.0,30.0,51.1,344.4
0.45,376.0,0.0,0.0,24.0,0.0,658.21,1088.74,0.0,180.0,0.0,0.0,28.0,30.0,51.5,324.56
0.45,400.0,0.0,0.0,0.0,0.0,875.49,444.9,0.0,180.0,0.0,0.0,28.0,30.0,52.3,342.34
0.35,315.0,0.0,90.0,45.0,0.0,781.41,519.05,0.0,157.5,0.0,0.0,28.0,30.0,52.9,271.83
0.45,340.0,0.0,60.0,0.0,0.0,794.47,463.01,0.0,180.0,0.0,0.0,28.0,30.0,53.4,291.88
0.45,400.0,0.0,0.0,0.0,0.0,940.82,370.75,0.0,180.0,0.0,0.0,28.0,30.0,53.4,342.3
0.41,400.0,0.0,0.0,0.0,0.0,626.0,1200.0,0.0,165.0,0.0,0.0,28.0,30.0,53.7,344.76
0.55,300.0,0.0,0.0,0.0,0.0,956.0,915.53,0.0,165.0,0.0,0.0,28.0,30.0,53.7,260.98
0.55,300.0,0.0,0.0,0.0,0.0,956.0,915.53,0.0,165.0,0.0,0.0,28.0,30.0,53.7,260.98
0.38,500.0,0.0,0.0,0.0,0.0,517.0,1098.0,2.97,188.0,0.0,0.0,7.0,30.0,54.0,433.33
0.36,240.0,0.0,216.0,24.0,0.0,614.0,1061.0,4.8,172.8,0.0,0.0,28.0,30.0,54.2,219.86
0.35,382.5,0.0,67.5,0.0,0.0,802.31,519.05,0.0,157.5,0.0,0.0,28.0,30.0,54.2,327.91
0.36,288.0,0.0,192.0,0.0,0.0,624.0,1070.0,4.32,172.8,0.0,0.0,28.0,30.0,54.6,258.94
0.4,460.0,0.0,0.0,0.0,0.0,991.0,451.5,0.92,184.0,0.0,0.0,28.0,30.0,54.6,395.05
0.4,460.0,0.0,0.0,0.0,0.0,991.0,451.5,0.92,184.0,0.0,0.0,28.0,30.0,54.6,395.05
0.47,409.0,0.0,0.0,0.0,0.0,720.0,1079.0,0.0,192.0,0.0,0.0,90.0,30.0,55.2,352.2
0.36,288.0,0.0,192.0,0.0,0.0,638.0,1066.0,4.32,172.8,0.0,0.0,60.0,30.0,55.9,258.99
0.35,315.0,0.0,135.0,0.0,0.0,616.75,1109.93,0.0,157.5,0.0,0.0,28.0,30.0,56.0,273.43
0.36,245.0,147.0,98.0,0.0,0.0,622.0,1068.0,4.41,176.4,0.0,0.0,60.0,30.0,56.6,230.24
0.36,480.0,0.0,0.0,0.0,0.0,642.0,1105.0,4.32,172.8,0.0,0.0,28.0,30.0,56.8,419.71
0.36,288.0,0.0,168.0,24.0,0.0,696.0,1147.0,4.8,172.8,0.0,0.0,60.0,30.0,57.6,260.8
0.45,350.0,0.0,0.0,0.0,0.0,993.0,451.5,0.0,158.0,0.0,0.0,28.0,30.0,57.6,300.93
0.45,400.0,0.0,0.0,0.0,0.0,810.15,463.01,0.0,180.0,0.0,0.0,28.0,30.0,57.7,342.11
0.36,192.0,144.0,144.0,0.0,0.0,619.0,1066.0,4.32,172.8,0.0,0.0,60.0,30.0,57.9,185.55
0.38,500.0,0.0,0.0,0.0,0.0,517.0,643.0,3.24,190.0,0.0,0.0,91.0,30.0,58.0,431.66
0.45,370.0,0.0,0.0,30.0,0.0,1037.0,692.0,1.0,180.0,0.0,0.0,28.0,30.0,58.0,321.4
0.45,370.0,0.0,0.0,30.0,0.0,1037.0,692.0,1.0,180.0,0.0,0.0,28.0,30.0,58.0,321.4
0.45,400.0,0.0,0.0,0.0,0.0,658.21,1091.39,0.0,180.0,0.0,0.0,28.0,30.0,58.1,344.4
0.35,225.0,0.0,180.0,45.0,0.0,757.89,463.01,0.0,157.5,0.0,0.0,28.0,30.0,58.2,196.21
0.53,396.0,0.0,0.0,0.0,0.0,718.0,1076.0,0.0,210.0,0.0,0.0,28.0,30.0,58.2,341.25
0.45,364.0,0.0,0.0,36.0,0.0,797.09,463.01,0.0,180.0,0.0,0.0,28.0,30.0,58.8,312.31
0.36,288.0,0.0,192.0,0.0,0.0,624.0,1070.0,4.32,172.8,0.0,0.0,60.0,30.0,59.1,258.94
0.47,409.0,0.0,0.0,0.0,0.0,720.0,1079.0,0.0,192.0,0.0,0.0,180.0,30.0,59.5,352.2
0.45,376.0,0.0,0.0,24.0,0.0,802.31,463.01,0.0,180.0,0.0,0.0,28.0,30.0,59.8,322.25
0.36,282.0,0.0,173.9,14.1,0.0,625.0,1076.0,4.7,169.2,0.0,0.0,60.0,30.0,60.0,254.77
0.35,350.0,0.0,100.0,0.0,0.0,913.0,451.5,2.11,158.0,0.0,0.0,28.0,30.0,60.0,304.91
0.36,480.0,0.0,0.0,0.0,0.0,642.0,1105.0,4.32,172.8,0.0,0.0,60.0,30.0,60.3,419.71
0.45,323.75,0.0,0.0,26.25,0.0,1096.0,731.0,1.86,157.5,0.0,0.0,28.0,30.0,60.3,284.57
0.45,340.0,0.0,0.0,60.0,0.0,1037.0,692.0,2.56,180.0,0.0,0.0,28.0,30.0,60.3,299.55
0.45,323.75,0.0,0.0,26.25,0.0,1096.0,731.0,1.86,157.5,0.0,0.0,28.0,30.0,60.3,284.57
0.45,340.0,0.0,0.0,60.0,0.0,1037.0,692.0,2.56,180.0,0.0,0.0,28.0,30.0,60.3,299.55
0.45,440.0,0.0,0.0,0.0,0.0,756.0,915.53,0.0,198.0,0.0,0.0,28.0,30.0,60.5,377.62
0.35,414.0,0.0,0.0,36.0,0.0,988.0,451.5,3.74,158.0,0.0,0.0,28.0,30.0,60.8,362.2
0.47,348.0,0.0,61.0,0.0,0.0,697.0,1054.0,0.0,192.0,0.0,0.0,90.0,30.0,61.1,300.97
0.35,409.5,0.0,0.0,40.5,0.0,807.54,519.05,0.0,157.5,0.0,0.0,28.0,30.0,61.3,350.91
0.35,400.0,0.0,0.0,0.0,0.0,1099.0,732.0,1.36,140.0,0.0,0.0,28.0,30.0,62.3,347.35
0.35,400.0,0.0,0.0,0.0,0.0,1099.0,732.0,1.36,140.0,0.0,0.0,28.0,30.0,62.3,347.35
0.36,240.0,0.0,216.0,24.0,0.0,614.0,1061.0,4.8,172.8,0.0,0.0,60.0,30.0,63.1,219.86
0.35,382.5,0.0,67.5,0.0,0.0,606.18,1141.72,0.0,157.5,0.0,0.0,28.0,30.0,63.2,329.96
0.45,400.0,0.0,0.0,0.0,0.0,640.0,960.0,0.0,180.0,0.0,0.0,126.0,30.0,63.22,343.68
0.45,380.0,0.0,0.0,20.0,0.0,640.0,960.0,0.0,180.0,0.0,0.0,126.0,30.0,63.46,327.16
0.35,450.0,0.0,0.0,0.0,0.0,1033.0,451.5,3.16,158.0,0.0,0.0,28.0,30.0,63.5,391.07
0.47,286.0,0.0,123.0,0.0,0.0,689.0,1041.0,0.0,192.0,0.0,0.0,90.0,30.0,63.9,249.04
0.45,297.5,0.0,0.0,52.5,0.0,1096.0,731.0,3.15,157.5,0.0,0.0,28.0,30.0,64.3,265.33
0.45,297.5,0.0,0.0,52.5,0.0,1096.0,731.0,3.15,157.5,0.0,0.0,28.0,30.0,64.3,265.33
0.35,450.0,0.0,0.0,0.0,0.0,1033.0,451.5,3.35,158.0,0.0,0.0,28.0,30.0,64.6,391.43
0.35,450.0,0.0,0.0,0.0,0.0,1033.0,451.5,3.25,158.0,0.0,0.0,28.0,30.0,64.6,391.24
0.35,450.0,0.0,0.0,0.0,0.0,1033.0,451.5,3.16,158.0,0.0,0.0,28.0,30.0,64.6,391.07
0.35,450.0,0.0,0.0,0.0,0.0,1033.0,451.5,3.16,158.0,0.0,0.0,28.0,30.0,64.6,391.07
0.35,450.0,0.0,0.0,0.0,0.0,820.61,519.05,0.0,157.5,0.0,0.0,28.0,30.0,65.3,384.43
0.35,423.0,0.0,0.0,27.0,0.0,812.77,519.05,0.0,157.5,0.0,0.0,28.0,30.0,65.3,362.09
0.15,350.0,0.0,735.0,0.0,0.0,933.0,915.53,0.0,158.0,0.0,0.0,28.0,30.0,65.8,305.81
0.15,350.0,0.0,735.0,0.0,0.0,933.0,915.53,0.0,158.0,0.0,0.0,28.0,30.0,65.8,305.81
0.35,350.0,0.0,0.0,0.0,0.0,1150.0,766.0,1.93,122.5,0.0,0.0,28.0,30.0,65.8,306.82
0.35,350.0,0.0,0.0,0.0,0.0,1150.0,766.0,1.93,122.5,0.0,0.0,28.0,30.0,65.8,306.82
0.35,450.0,0.0,0.0,0.0,0.0,821.94,940.4,0.0,157.5,0.0,0.0,28.0,30.0,66.1,386.46
0.28,360.0,0.0,240.0,0.0,0.0,853.0,698.0,0.0,165.0,0.0,0.0,28.0,30.0,66.2,310.8
0.4,460.0,0.0,0.0,0.0,0.0,773.0,915.53,0.92,184.0,0.0,0.0,28.0,30.0,66.3,396.23
0.47,348.0,0.0,61.0,0.0,0.0,697.0,1054.0,0.0,192.0,0.0,0.0,180.0,30.0,67.4,300.97
0.35,382.5,0.0,67.5,0.0,0.0,802.31,463.01,0.0,157.5,0.0,0.0,28.0,30.0,68.1,327.64
0.35,315.0,0.0,135.0,0.0,0.0,784.02,463.01,0.0,157.5,0.0,0.0,28.0,30.0,68.1,271.13
0.53,396.0,0.0,0.0,0.0,0.0,718.0,1076.0,0.0,210.0,0.0,0.0,90.0,30.0,69.2,341.25
0.35,315.0,0.0,90.0,45.0,0.0,781.41,463.01,0.0,157.5,0.0,0.0,28.0,30.0,70.7,271.56
0.45,360.0,0.0,0.0,40.0,0.0,640.0,960.0,0.0,180.0,0.0,0.0,126.0,30.0,70.88,310.64
0.38,500.0,0.0,0.0,0.0,0.0,517.0,1098.0,2.97,188.0,0.0,0.0,28.0,30.0,71.0,433.33
0.47,286.0,0.0,123.0,0.0,0.0,689.0,1041.0,0.0,192.0,0.0,0.0,180.0,30.0,72.2,249.04
0.35,423.0,0.0,0.0,27.0,0.0,812.77,463.01,0.0,157.5,0.0,0.0,28.0,30.0,74.3,361.82
0.53,396.0,0.0,0.0,0.0,0.0,718.0,1076.0,0.0,210.0,0.0,0.0,180.0,30.0,74.3,341.25
0.45,320.0,0.0,0.0,80.0,0.0,640.0,960.0,0.0,180.0,0.0,0.0,126.0,30.0,74.51,277.6
0.38,500.0,0.0,0.0,0.0,0.0,517.0,1098.0,2.97,188.0,0.0,0.0,91.0,30.0,75.0,433.33
0.13,450.0,0.0,732.0,0.0,0.0,846.0,915.53,1.28,158.0,0.0,0.0,28.0,30.0,76.2,391.78
0.13,450.0,0.0,732.0,0.0,0.0,846.0,915.53,1.24,158.0,0.0,0.0,28.0,30.0,76.2,391.71
0.13,450.0,0.0,732.0,0.0,0.0,846.0,915.53,1.2,158.0,0.0,0.0,28.0,30.0,76.2,391.65
0.13,450.0,0.0,732.0,0.0,0.0,846.0,915.53,1.2,158.0,0.0,0.0,28.0,30.0,76.2,391.65
0.35,450.0,0.0,0.0,0.0,0.0,820.61,463.01,0.0,157.5,0.0,0.0,28.0,30.0,76.3,384.16
0.35,450.0,0.0,0.0,0.0,0.0,611.42,1154.96,0.0,157.5,0.0,0.0,28.0,30.0,77.0,386.48
0.35,423.0,0.0,0.0,27.0,0.0,608.8,1147.02,0.0,157.5,0.0,0.0,28.0,30.0,78.0,364.13
0.35,370.0,0.0,0.0,30.0,0.0,1099.0,732.0,2.4,140.0,0.0,0.0,28.0,30.0,78.0,324.52
0.35,323.75,0.0,0.0,26.25,0.0,1150.0,766.0,2.8,122.5,0.0,0.0,28.0,30.0,78.0,286.78
0.35,370.0,0.0,0.0,30.0,0.0,1099.0,732.0,2.4,140.0,0.0,0.0,28.0,30.0,78.0,324.52
0.35,323.75,0.0,0.0,26.25,0.0,1150.0,766.0,2.8,122.5,0.0,0.0,28.0,30.0,78.0,286.78
0.35,340.0,0.0,0.0,60.0,0.0,1099.0,732.0,3.92,140.0,0.0,0.0,28.0,30.0,78.5,302.6
0.35,340.0,0.0,0.0,60.0,0.0,1099.0,732.0,3.92,140.0,0.0,0.0,28.0,30.0,78.5,302.6
0.35,297.5,0.0,0.0,52.5,0.0,1150.0,766.0,3.85,122.5,0.0,0.0,28.0,30.0,80.0,267.07
0.35,297.5,0.0,0.0,52.5,0.0,1150.0,766.0,3.85,122.5,0.0,0.0,28.0,30.0,80.0,267.07
0.35,409.5,0.0,0.0,40.5,0.0,807.54,463.01,0.0,157.5,0.0,0.0,28.0,30.0,84.2,350.65
0.45,0.0,414.0,0.0,0.0,186.0,686.0,1252.0,0.0,0.0,8.0,2.5,28.0,30.0,48.04,111.22
0.45,0.0,414.0,0.0,0.0,186.0,686.0,1252.0,0.0,0.0,10.0,2.5,28.0,30.0,50.14,119.37
0.45,0.0,414.0,0.0,0.0,186.0,686.0,1252.0,0.0,0.0,12.0,2.5,28.0,30.0,51.44,127.51
0.45,0.0,414.0,0.0,0.0,186.0,686.0,1252.0,0.0,0.0,14.0,2.5,28.0,30.0,54.93,135.65
0.45,0.0,414.0,0.0,0.0,186.0,686.0,1252.0,0.0,0.0,16.0,2.5,28.0,30.0,60.03,143.79
0.45,0.0,414.0,0.0,0.0,186.0,686.0,1252.0,0.0,0.0,8.0,2.5,56.0,30.0,64.66,111.22
0.45,0.0,414.0,0.0,0.0,186.0,686.0,1252.0,0.0,0.0,10.0,2.5,56.0,30.0,66.16,119.37
0.45,0.0,414.0,0.0,0.0,186.0,686.0,1252.0,0.0,0.0,12.0,2.5,56.0,30.0,69.32,127.51
0.45,0.0,414.0,0.0,0.0,186.0,686.0,1252.0,0.0,0.0,14.0,2.5,56.0,30.0,72.8,135.65
0.45,0.0,414.0,0.0,0.0,186.0,686.0,1252.0,0.0,0.0,16.0,2.5,56.0,30.0,74.97,143.79
0.48,0.0,409.0,0.0,0.0,143.0,554.0,1293.0,0.0,55.0,10.0,2.5,28.0,30.0,60.23,98.2
0.48,0.0,306.7,102.3,0.0,143.0,554.0,1293.0,0.0,55.0,10.0,2.5,28.0,30.0,58.12,93.29
0.48,0.0,204.5,204.5,0.0,143.0,554.0,1293.0,0.0,55.0,10.0,2.5,28.0,30.0,46.32,88.39
0.45,350.0,0.0,0.0,0.0,0.0,919.0,258.3,0.0,158.0,0.0,0.0,28.0,22.0,57.6,299.65
0.45,440.0,0.0,0.0,0.0,0.0,742.0,258.3,0.0,198.0,0.0,0.0,28.0,22.0,50.8,374.4
0.4,460.0,0.0,0.0,0.0,0.0,759.0,258.3,0.92,184.0,0.0,0.0,28.0,22.0,54.6,393.01
0.35,450.0,0.0,0.0,0.0,0.0,833.0,258.3,3.15,158.0,0.0,0.0,28.0,22.0,64.6,389.16
0.35,450.0,0.0,0.0,0.0,0.0,833.0,258.3,3.15,158.0,0.0,0.0,28.0,22.0,63.5,389.16
0.35,350.0,0.0,100.0,0.0,0.0,805.0,258.3,2.1,158.0,0.0,0.0,28.0,22.0,60.0,303.45
0.55,315.0,0.0,79.0,0.0,0.0,707.0,258.3,0.0,217.0,0.0,0.0,28.0,22.0,39.1,269.55
0.45,336.0,0.0,84.0,0.0,0.0,757.0,258.3,0.0,189.0,0.0,0.0,28.0,22.0,48.1,287.45
0.35,414.0,0.0,0.0,36.0,0.0,820.0,258.3,3.73,158.0,0.0,0.0,28.0,22.0,60.8,360.44
0.55,363.0,0.0,0.0,32.0,0.0,719.0,258.3,0.0,217.0,0.0,0.0,28.0,22.0,41.5,310.06
0.45,386.0,0.0,0.0,34.0,0.0,771.0,258.3,0.0,189.0,0.0,0.0,28.0,22.0,50.1,329.66
0.45,350.0,0.0,0.0,0.0,0.0,933.0,205.63,0.0,158.0,0.0,0.0,28.0,22.0,43.1,299.47
0.45,440.0,0.0,0.0,0.0,0.0,756.0,205.63,0.0,198.0,0.0,0.0,28.0,22.0,39.0,374.22
0.4,460.0,0.0,0.0,0.0,0.0,773.0,205.63,0.92,184.0,0.0,0.0,28.0,22.0,42.6,392.83
0.35,450.0,0.0,0.0,0.0,0.0,847.0,205.63,3.15,158.0,0.0,0.0,28.0,22.0,48.6,388.97
0.35,450.0,0.0,0.0,0.0,0.0,847.0,205.63,3.15,158.0,0.0,0.0,28.0,22.0,46.5,388.97
0.35,450.0,0.0,0.0,0.0,0.0,847.0,205.63,3.15,158.0,0.0,0.0,28.0,22.0,46.5,388.97
0.3,525.0,0.0,0.0,0.0,0.0,783.0,205.63,4.2,158.0,0.0,0.0,28.0,22.0,50.0,453.64
0.35,450.0,0.0,0.0,0.0,0.0,716.0,235.0,2.7,158.0,0.0,0.0,28.0,22.0,45.7,387.64
0.35,350.0,0.0,100.0,0.0,0.0,817.0,205.63,2.45,158.0,0.0,0.0,28.0,22.0,42.4,303.91
0.35,270.0,0.0,180.0,0.0,0.0,793.0,205.63,1.89,158.0,0.0,0.0,28.0,22.0,37.1,235.87
0.35,414.0,0.0,0.0,36.0,0.0,833.0,205.63,3.73,158.0,0.0,0.0,28.0,22.0,47.6,360.25
0.45,440.0,0.0,0.0,0.0,0.0,456.0,205.63,0.0,198.0,0.0,0.0,28.0,22.0,30.9,372.78
0.4,460.0,0.0,0.0,0.0,0.0,467.0,205.63,0.92,184.0,0.0,0.0,28.0,22.0,34.8,391.36
0.35,450.0,0.0,0.0,0.0,0.0,510.0,205.63,2.25,158.0,0.0,0.0,28.0,22.0,37.5,385.67
0.35,450.0,0.0,0.0,0.0,0.0,846.0,143.5,3.15,158.0,0.0,0.0,28.0,22.0,31.2,388.67
0.55,300.0,0.0,0.0,0.0,0.0,956.0,476.0,0.0,165.0,0.0,0.0,28.0,22.0,53.7,258.87
0.45,440.0,0.0,0.0,0.0,0.0,756.0,476.0,0.0,198.0,0.0,0.0,28.0,22.0,60.5,375.51
0.4,460.0,0.0,0.0,0.0,0.0,773.0,476.0,0.92,184.0,0.0,0.0,28.0,22.0,66.3,394.12
0.4,0.0,40.0,360.0,0.0,160.0,651.0,1209.0,0.0,0.0,14.0,2.5,7.0,22.0,27.0,102.61
0.4,0.0,40.0,360.0,0.0,160.0,651.0,1209.0,0.0,0.0,14.0,2.5,28.0,22.0,40.0,102.61
0.4,0.0,40.0,360.0,0.0,160.0,651.0,1209.0,0.0,0.0,14.0,2.5,56.0,22.0,45.0,102.61
0.4,0.0,40.0,360.0,0.0,160.0,651.0,1209.0,0.0,0.0,14.0,2.5,90.0,22.0,47.0,102.61
0.4,0.0,40.0,360.0,0.0,160.0,651.0,1209.0,0.0,0.0,14.0,2.5,180.0,22.0,49.0,102.61
0.4,0.0,80.0,320.0,0.0,160.0,651.0,1209.0,0.0,0.0,14.0,2.5,7.0,22.0,31.0,104.53
0.4,0.0,80.0,320.0,0.0,160.0,651.0,1209.0,0.0,0.0,14.0,2.5,28.0,22.0,47.0,104.53
0.4,0.0,80.0,320.0,0.0,160.0,651.0,1209.0,0.0,0.0,14.0,2.5,56.0,22.0,50.0,104.53
0.4,0.0,80.0,320.0,0.0,160.0,651.0,1209.0,0.0,0.0,14.0,2.5,90.0,22.0,54.0,104.53
0.4,0.0,80.0,320.0,0.0,160.0,651.0,1209.0,0.0,0.0,14.0,2.5,180.0,22.0,59.0,104.53
0.4,0.0,40.0,360.0,0.0,160.0,651.0,1209.0,0.0,0.0,14.0,1.5,7.0,22.0,25.0,115.64
0.4,0.0,40.0,360.0,0.0,160.0,651.0,1209.0,0.0,0.0,14.0,1.5,28.0,22.0,43.0,115.64
0.4,0.0,40.0,360.0,0.0,160.0,651.0,1209.0,0.0,0.0,14.0,1.5,56.0,22.0,50.0,115.64
0.4,0.0,40.0,360.0,0.0,160.0,651.0,1209.0,0.0,0.0,14.0,1.5,90.0,22.0,52.0,115.64
0.4,0.0,40.0,360.0,0.0,160.0,651.0,1209.0,0.0,0.0,14.0,1.5,180.0,22.0,54.0,115.64
0.4,0.0,80.0,320.0,0.0,160.0,651.0,1209.0,0.0,0.0,14.0,1.5,7.0,22.0,29.0,117.56
0.4,0.0,80.0,320.0,0.0,160.0,651.0,1209.0,0.0,0.0,14.0,1.5,28.0,22.0,54.0,117.56
0.4,0.0,80.0,320.0,0.0,160.0,651.0,1209.0,0.0,0.0,14.0,1.5,56.0,22.0,63.0,117.56
0.4,0.0,80.0,320.0,0.0,160.0,651.0,1209.0,0.0,0.0,14.0,1.5,90.0,22.0,68.0,117.56
0.4,0.0,80.0,320.0,0.0,160.0,651.0,1209.0,0.0,0.0,14.0,1.5,180.0,22.0,70.0,117.56
0.35,0.0,0.0,400.0,0.0,140.0,658.0,1222.0,6.0,0.0,14.0,2.5,7.0,22.0,11.0,100.8
0.35,0.0,0.0,400.0,0.0,140.0,658.0,1222.0,6.0,0.0,14.0,2.5,28.0,22.0,25.0,100.8
0.35,0.0,0.0,400.0,0.0,140.0,658.0,1222.0,6.0,0.0,14.0,2.5,56.0,22.0,30.0,100.8
0.35,0.0,0.0,400.0,0.0,140.0,658.0,1222.0,6.0,0.0,14.0,2.5,90.0,22.0,33.0,100.8
0.35,0.0,0.0,400.0,0.0,140.0,658.0,1222.0,6.0,0.0,14.0,2.5,180.0,22.0,35.0,100.8
0.37,0.0,40.0,360.0,0.0,140.0,655.0,1216.0,6.0,8.0,14.0,2.5,7.0,22.0,15.0,102.68
0.37,0.0,40.0,360.0,0.0,140.0,655.0,1216.0,6.0,8.0,14.0,2.5,28.0,22.0,27.0,102.68
0.37,0.0,40.0,360.0,0.0,140.0,655.0,1216.0,6.0,8.0,14.0,2.5,56.0,22.0,35.0,102.68
0.37,0.0,40.0,360.0,0.0,140.0,655.0,1216.0,6.0,8.0,14.0,2.5,90.0,22.0,38.0,102.68
0.37,0.0,40.0,360.0,0.0,140.0,655.0,1216.0,6.0,8.0,14.0,2.5,180.0,22.0,39.0,102.68
0.37,0.0,80.0,320.0,0.0,140.0,655.0,1216.0,6.0,8.0,14.0,2.5,7.0,22.0,22.0,104.6
0.37,0.0,80.0,320.0,0.0,140.0,655.0,1216.0,6.0,8.0,14.0,2.5,28.0,22.0,35.0,104.6
0.37,0.0,80.0,320.0,0.0,140.0,655.0,1216.0,6.0,8.0,14.0,2.5,56.0,22.0,40.0,104.6
0.37,0.0,80.0,320.0,0.0,140.0,655.0,1216.0,6.0,8.0,14.0,2.5,90.0,22.0,43.0,104.6
0.37,0.0,80.0,320.0,0.0,140.0,655.0,1216.0,6.0,8.0,14.0,2.5,180.0,22.0,44.0,104.6
0.35,0.0,0.0,400.0,0.0,140.0,658.0,1222.0,6.0,0.0,14.0,1.5,7.0,22.0,8.0,112.2
0.35,0.0,0.0,400.0,0.0,140.0,658.0,1222.0,6.0,0.0,14.0,1.5,28.0,22.0,27.0,112.2
0.35,0.0,0.0,400.0,0.0,140.0,658.0,1222.0,6.0,0.0,14.0,1.5,56.0,22.0,32.0,112.2
0.35,0.0,0.0,400.0,0.0,140.0,658.0,1222.0,6.0,0.0,14.0,1.5,90.0,22.0,34.0,112.2
0.35,0.0,0.0,400.0,0.0,140.0,658.0,1222.0,6.0,0.0,14.0,1.5,180.0,22.0,37.0,112.2
0.37,0.0,40.0,360.0,0.0,140.0,655.0,1216.0,6.0,8.0,14.0,1.5,7.0,22.0,14.0,114.08
0.37,0.0,40.0,360.0,0.0,140.0,655.0,1216.0,6.0,8.0,14.0,1.5,28.0,22.0,27.0,114.08
0.37,0.0,40.0,360.0,0.0,140.0,655.0,1216.0,6.0,8.0,14.0,1.5,56.0,22.0,35.0,114.08
0.37,0.0,40.0,360.0,0.0,140.0,655.0,1216.0,6.0,8.0,14.0,1.5,90.0,22.0,41.0,114.08
0.37,0.0,40.0,360.0,0.0,140.0,655.0,1216.0,6.0,8.0,14.0,1.5,180.0,22.0,44.0,114.08
0.37,0.0,80.0,320.0,0.0,140.0,655.0,1216.0,6.0,8.0,14.0,1.5,7.0,22.0,25.0,116.0
0.37,0.0,80.0,320.0,0.0,140.0,655.0,1216.0,6.0,8.0,14.0,1.5,28.0,22.0,45.0,116.0
0.37,0.0,80.0,320.0,0.0,140.0,655.0,1216.0,6.0,8.0,14.0,1.5,56.0,22.0,52.0,116.0
0.37,0.0,80.0,320.0,0.0,140.0,655.0,1216.0,6.0,8.0,14.0,1.5,90.0,22.0,54.0,116.0
0.37,0.0,80.0,320.0,0.0,140.0,655.0,1216.0,6.0,8.0,14.0,1.5,180.0,22.0,57.0,116.0
0.37,446.0,0.0,0.0,0.0,0.0,768.0,1054.0,0.0,165.0,0.0,0.0,7.0,22.0,36.0,383.39
0.37,446.0,0.0,0.0,0.0,0.0,768.0,1054.0,0.0,165.0,0.0,0.0,28.0,22.0,48.0,383.39
0.37,446.0,0.0,0.0,0.0,0.0,768.0,1054.0,0.0,165.0,0.0,0.0,56.0,22.0,56.0,383.39
0.37,446.0,0.0,0.0,0.0,0.0,768.0,1054.0,0.0,165.0,0.0,0.0,90.0,22.0,62.0,383.39
0.37,446.0,0.0,0.0,0.0,0.0,768.0,1054.0,0.0,165.0,0.0,0.0,180.0,22.0,65.0,383.39
0.55,366.4,0.0,0.0,0.0,0.0,740.0,1054.0,0.0,201.6,0.0,0.0,7.0,22.0,23.0,316.39
0.55,366.4,0.0,0.0,0.0,0.0,740.0,1054.0,0.0,201.6,0.0,0.0,28.0,22.0,33.0,316.39
0.55,366.4,0.0,0.0,0.0,0.0,740.0,1054.0,0.0,201.6,0.0,0.0,56.0,22.0,37.0,316.39
0.55,366.4,0.0,0.0,0.0,0.0,740.0,1054.0,0.0,201.6,0.0,0.0,90.0,22.0,40.0,316.39
0.55,366.4,0.0,0.0,0.0,0.0,740.0,1054.0,0.0,201.6,0.0,0.0,180.0,22.0,43.0,316.39
0.53,396.0,0.0,0.0,0.0,0.0,718.0,1076.0,0.0,210.0,0.0,0.0,28.0,22.0,34.6,341.25
0.53,396.0,0.0,0.0,0.0,0.0,718.0,1076.0,0.0,210.0,0.0,0.0,90.0,22.0,43.4,341.25
0.53,396.0,0.0,0.0,0.0,0.0,718.0,1076.0,0.0,210.0,0.0,0.0,180.0,22.0,48.8,341.25
0.47,409.0,0.0,0.0,0.0,0.0,720.0,1079.0,0.0,192.0,0.0,0.0,28.0,22.0,45.5,352.2
0.47,409.0,0.0,0.0,0.0,0.0,720.0,1079.0,0.0,192.0,0.0,0.0,90.0,22.0,55.2,352.2
0.47,409.0,0.0,0.0,0.0,0.0,720.0,1079.0,0.0,192.0,0.0,0.0,180.0,22.0,59.5,352.2
0.38,454.0,0.0,0.0,0.0,0.0,729.0,1094.0,0.0,173.0,0.0,0.0,28.0,22.0,58.2,390.11
0.38,454.0,0.0,0.0,0.0,0.0,729.0,1094.0,0.0,173.0,0.0,0.0,90.0,22.0,69.2,390.11
0.38,454.0,0.0,0.0,0.0,0.0,729.0,1094.0,0.0,173.0,0.0,0.0,180.0,22.0,74.3,390.11
0.47,348.0,0.0,61.0,0.0,0.0,697.0,1054.0,0.0,192.0,0.0,0.0,28.0,22.0,44.4,300.97
0.47,348.0,0.0,61.0,0.0,0.0,697.0,1054.0,0.0,192.0,0.0,0.0,90.0,22.0,61.1,300.97
0.47,348.0,0.0,61.0,0.0,0.0,697.0,1054.0,0.0,192.0,0.0,0.0,180.0,22.0,67.4,300.97
0.47,286.0,0.0,123.0,0.0,0.0,689.0,1041.0,0.0,192.0,0.0,0.0,28.0,22.0,36.7,249.04
0.47,286.0,0.0,123.0,0.0,0.0,689.0,1041.0,0.0,192.0,0.0,0.0,90.0,22.0,63.9,249.04
0.47,286.0,0.0,123.0,0.0,0.0,689.0,1041.0,0.0,192.0,0.0,0.0,180.0,22.0,72.2,249.04
0.38,500.0,0.0,0.0,0.0,0.0,765.0,850.0,3.0,188.0,0.0,0.0,7.0,29.0,54.0,433.39
0.38,500.0,0.0,0.0,0.0,0.0,765.0,850.0,3.0,188.0,0.0,0.0,28.0,29.0,71.0,433.39
0.38,500.0,0.0,0.0,0.0,0.0,765.0,850.0,3.0,188.0,0.0,0.0,91.0,29.0,75.0,433.39
0.54,400.0,0.0,0.0,0.0,0.0,765.0,850.0,0.0,215.0,0.0,0.0,7.0,29.0,40.0,343.75
0.54,400.0,0.0,0.0,0.0,0.0,765.0,850.0,0.0,215.0,0.0,0.0,28.0,29.0,49.0,343.75
0.54,400.0,0.0,0.0,0.0,0.0,765.0,850.0,0.0,215.0,0.0,0.0,91.0,29.0,50.0,343.75
0.38,500.0,0.0,0.0,0.0,0.0,765.0,395.0,3.24,190.0,0.0,0.0,7.0,29.0,47.0,431.66
0.38,500.0,0.0,0.0,0.0,0.0,765.0,395.0,3.24,190.0,0.0,0.0,28.0,29.0,50.0,431.66
0.38,500.0,0.0,0.0,0.0,0.0,765.0,395.0,3.24,190.0,0.0,0.0,91.0,29.0,58.0,431.66
0.38,500.0,0.0,0.0,0.0,0.0,729.0,395.0,2.76,191.0,0.0,0.0,7.0,29.0,42.0,430.58
0.38,500.0,0.0,0.0,0.0,0.0,729.0,395.0,2.76,191.0,0.0,0.0,28.0,29.0,47.0,430.58
0.38,500.0,0.0,0.0,0.0,0.0,729.0,395.0,2.76,191.0,0.0,0.0,91.0,29.0,49.0,430.58
0.38,500.0,0.0,0.0,0.0,0.0,640.0,395.0,2.76,190.0,0.0,0.0,7.0,29.0,32.0,430.16
0.38,500.0,0.0,0.0,0.0,0.0,640.0,395.0,2.76,190.0,0.0,0.0,28.0,29.0,42.0,430.16
0.38,500.0,0.0,0.0,0.0,0.0,640.0,395.0,2.76,190.0,0.0,0.0,91.0,29.0,41.0,430.16
0.38,500.0,0.0,0.0,0.0,0.0,444.0,395.0,2.52,190.0,0.0,0.0,7.0,29.0,31.0,428.76
0.38,500.0,0.0,0.0,0.0,0.0,444.0,395.0,2.52,190.0,0.0,0.0,28.0,29.0,38.0,428.76
0.38,500.0,0.0,0.0,0.0,0.0,444.0,395.0,2.52,190.0,0.0,0.0,91.0,29.0,45.0,428.76
0.38,500.0,0.0,0.0,0.0,0.0,444.0,395.0,0.0,188.0,0.0,0.0,7.0,29.0,31.0,424.03
0.38,500.0,0.0,0.0,0.0,0.0,444.0,395.0,0.0,188.0,0.0,0.0,28.0,29.0,34.0,424.03
0.38,500.0,0.0,0.0,0.0,0.0,444.0,395.0,0.0,188.0,0.0,0.0,91.0,29.0,42.0,424.03
0.45,0.0,0.0,523.0,0.0,236.0,459.0,1124.0,5.2,0.0,10.0,1.0,28.0,30.0,36.5,152.33
0.45,0.0,0.0,500.0,0.0,226.0,475.0,1166.0,5.0,0.0,10.0,1.0,28.0,30.0,33.5,146.51
0.45,0.0,0.0,478.0,0.0,216.0,490.0,1211.0,4.8,0.0,10.0,1.0,28.0,30.0,25.5,140.71
0.5,0.0,0.0,470.0,0.0,236.0,474.0,1161.0,4.7,0.0,10.0,1.0,28.0,30.0,32.0,151.43
0.5,0.0,0.0,450.0,0.0,226.0,489.0,1201.0,4.5,0.0,10.0,1.0,28.0,30.0,31.5,145.61
0.5,0.0,0.0,430.0,0.0,216.0,504.0,1245.0,4.3,0.0,10.0,1.0,28.0,30.0,27.0,139.81
0.55,0.0,0.0,428.0,0.0,236.0,487.0,1191.0,4.3,0.0,10.0,1.0,28.0,30.0,31.5,150.72
0.55,0.0,0.0,409.0,0.0,226.0,501.0,1231.0,4.1,0.0,10.0,1.0,28.0,30.0,30.0,144.9
0.55,0.0,0.0,391.0,0.0,216.0,515.0,1273.0,3.9,0.0,10.0,1.0,28.0,30.0,28.0,139.09
0.6,0.0,0.0,392.0,0.0,236.0,497.0,1216.0,3.9,0.0,10.0,1.0,28.0,30.0,25.0,149.99
0.6,0.0,0.0,375.0,0.0,226.0,511.0,1255.0,3.8,0.0,10.0,1.0,28.0,30.0,21.0,144.36
0.6,0.0,0.0,359.0,0.0,216.0,525.0,1296.0,3.6,0.0,10.0,1.0,28.0,30.0,20.5,138.55
0.45,0.0,0.0,523.0,0.0,236.0,460.0,1126.0,5.2,0.0,15.0,1.0,28.0,30.0,35.0,197.54
0.45,0.0,0.0,500.0,0.0,226.0,475.0,1168.0,5.0,0.0,15.0,1.0,28.0,30.0,32.0,189.8
0.45,0.0,0.0,478.0,0.0,216.0,491.0,1212.0,4.8,0.0,15.0,1.0,28.0,30.0,31.0,182.08
0.5,0.0,0.0,470.0,0.0,236.0,475.0,1163.0,4.7,0.0,15.0,1.0,28.0,30.0,36.0,196.64
0.5,0.0,0.0,450.0,0.0,226.0,490.0,1203.0,4.5,0.0,15.0,1.0,28.0,30.0,34.5,188.9
0.5,0.0,0.0,430.0,0.0,216.0,505.0,1246.0,4.3,0.0,15.0,1.0,28.0,30.0,33.5,181.18
0.55,0.0,0.0,428.0,0.0,236.0,487.0,1193.0,4.3,0.0,15.0,1.0,28.0,30.0,33.0,195.92
0.55,0.0,0.0,409.0,0.0,226.0,502.0,1232.0,4.1,0.0,15.0,1.0,28.0,30.0,33.5,188.18
0.55,0.0,0.0,391.0,0.0,216.0,516.0,1274.0,3.9,0.0,15.0,1.0,28.0,30.0,33.0,180.46
0.6,0.0,0.0,392.0,0.0,236.0,498.0,1218.0,3.9,0.0,15.0,1.0,28.0,30.0,19.0,195.2
0.6,0.0,0.0,375.0,0.0,226.0,512.0,1257.0,3.8,0.0,15.0,1.0,28.0,30.0,19.0,187.65
0.6,0.0,0.0,359.0,0.0,216.0,525.0,1298.0,3.6,0.0,15.0,1.0,28.0,30.0,15.5,179.93
0.45,350.22,0.0,0.0,0.0,0.0,770.16,1204.61,0.0,157.6,0.0,0.0,7.0,30.0,24.3,303.66
0.45,315.2,35.02,0.0,0.0,0.0,770.16,1204.61,0.0,157.6,0.0,0.0,7.0,30.0,24.8,276.07
0.45,280.18,70.04,0.0,0.0,0.0,770.16,1204.61,0.0,157.6,0.0,0.0,7.0,30.0,26.5,248.47
0.45,245.16,105.06,0.0,0.0,0.0,770.16,1204.61,0.0,157.6,0.0,0.0,7.0,30.0,22.0,220.88
0.45,210.13,140.09,0.0,0.0,0.0,770.16,1204.61,0.0,157.6,0.0,0.0,7.0,30.0,20.1,193.27
0.45,350.22,0.0,0.0,0.0,0.0,770.16,1204.61,0.0,157.6,0.0,0.0,14.0,30.0,29.5,303.66
0.45,315.2,35.02,0.0,0.0,0.0,770.16,1204.61,0.0,157.6,0.0,0.0,14.0,30.0,32.7,276.07
0.45,280.18,70.04,0.0,0.0,0.0,770.16,1204.61,0.0,157.6,0.0,0.0,14.0,30.0,36.0,248.47
0.45,245.16,105.06,0.0,0.0,0.0,770.16,1204.61,0.0,157.6,0.0,0.0,14.0,30.0,30.8,220.88
0.45,210.13,140.09,0.0,0.0,0.0,770.16,1204.61,0.0,157.6,0.0,0.0,14.0,30.0,27.7,193.27
0.45,350.22,0.0,0.0,0.0,0.0,770.16,1204.61,0.0,157.6,0.0,0.0,28.0,30.0,43.6,303.66
0.45,315.2,35.02,0.0,0.0,0.0,770.16,1204.61,0.0,157.6,0.0,0.0,28.0,30.0,43.2,276.07
0.45,280.18,70.04,0.0,0.0,0.0,770.16,1204.61,0.0,157.6,0.0,0.0,28.0,30.0,48.4,248.47
0.45,245.16,105.06,0.0,0.0,0.0,770.16,1204.61,0.0,157.6,0.0,0.0,28.0,30.0,41.8,220.88
0.45,210.13,140.09,0.0,0.0,0.0,770.16,1204.61,0.0,157.6,0.0,0.0,28.0,30.0,40.5,193.27
0.3,350.0,0.0,0.0,0.0,0.0,906.89,1117.41,28.5,105.0,0.0,0.0,3.0,22.0,43.6,357.3
0.3,315.0,0.0,0.0,35.0,0.0,906.89,1117.41,28.5,105.0,0.0,0.0,3.0,22.0,46.2,328.39
0.3,297.5,0.0,0.0,52.5,0.0,906.89,1117.41,28.5,105.0,0.0,0.0,3.0,22.0,44.2,313.93
0.3,280.0,0.0,0.0,70.0,0.0,906.89,1117.41,28.5,105.0,0.0,0.0,3.0,22.0,41.2,299.48
0.4,350.0,0.0,0.0,0.0,0.0,865.36,1066.24,8.54,140.0,0.0,0.0,3.0,22.0,41.0,319.33
0.4,315.0,0.0,0.0,35.0,0.0,865.36,1066.24,8.54,140.0,0.0,0.0,3.0,22.0,45.5,290.42
0.4,297.5,0.0,0.0,52.5,0.0,865.36,1066.24,8.54,140.0,0.0,0.0,3.0,22.0,47.3,275.96
0.4,280.0,0.0,0.0,70.0,0.0,865.36,1066.24,8.54,140.0,0.0,0.0,3.0,22.0,45.4,261.51
0.5,350.0,0.0,0.0,0.0,0.0,823.78,1015.02,2.85,175.0,0.0,0.0,3.0,22.0,32.7,308.18
0.5,315.0,0.0,0.0,35.0,0.0,823.78,1015.02,2.85,175.0,0.0,0.0,3.0,22.0,34.3,279.27
0.5,297.5,0.0,0.0,52.5,0.0,823.78,1015.02,2.85,175.0,0.0,0.0,3.0,22.0,34.7,264.82
0.5,280.0,0.0,0.0,70.0,0.0,823.78,1015.02,2.85,175.0,0.0,0.0,3.0,22.0,31.1,250.36
0.6,350.0,0.0,0.0,0.0,0.0,782.25,963.85,1.42,210.0,0.0,0.0,3.0,22.0,20.7,305.05
0.6,315.0,0.0,0.0,35.0,0.0,782.25,963.85,1.42,210.0,0.0,0.0,3.0,22.0,21.3,276.14
0.6,297.5,0.0,0.0,52.5,0.0,782.25,963.85,1.42,210.0,0.0,0.0,3.0,22.0,21.5,261.69
0.6,280.0,0.0,0.0,70.0,0.0,782.25,963.85,1.42,210.0,0.0,0.0,3.0,22.0,20.9,247.23
0.3,400.0,0.0,0.0,0.0,0.0,870.24,1072.26,22.76,120.0,0.0,0.0,3.0,22.0,47.1,388.11
0.3,360.0,0.0,0.0,40.0,0.0,870.24,1072.26,22.76,120.0,0.0,0.0,3.0,22.0,56.0,355.07
0.3,340.0,0.0,0.0,60.0,0.0,870.24,1072.26,22.76,120.0,0.0,0.0,3.0,22.0,51.8,338.55
0.3,320.0,0.0,0.0,80.0,0.0,870.24,1072.26,22.76,120.0,0.0,0.0,3.0,22.0,49.5,322.03
0.4,400.0,0.0,0.0,0.0,0.0,822.75,1013.75,4.88,160.0,0.0,0.0,3.0,22.0,45.5,353.99
0.4,360.0,0.0,0.0,40.0,0.0,822.75,1013.75,4.88,160.0,0.0,0.0,3.0,22.0,53.3,320.95
0.4,340.0,0.0,0.0,60.0,0.0,822.75,1013.75,4.88,160.0,0.0,0.0,3.0,22.0,49.0,304.43
0.4,320.0,0.0,0.0,80.0,0.0,822.75,1013.75,4.88,160.0,0.0,0.0,3.0,22.0,44.9,287.91
0.5,400.0,0.0,0.0,0.0,0.0,775.26,955.24,3.25,200.0,0.0,0.0,3.0,22.0,33.4,350.42
0.5,360.0,0.0,0.0,40.0,0.0,775.26,955.24,3.25,200.0,0.0,0.0,3.0,22.0,34.3,317.38
0.5,340.0,0.0,0.0,60.0,0.0,775.26,955.24,3.25,200.0,0.0,0.0,3.0,22.0,31.3,300.86
0.5,320.0,0.0,0.0,80.0,0.0,775.26,955.24,3.25,200.0,0.0,0.0,3.0,22.0,28.1,284.34
0.6,400.0,0.0,0.0,0.0,0.0,727.78,896.72,1.63,240.0,0.0,0.0,3.0,22.0,24.0,346.86
0.6,360.0,0.0,0.0,40.0,0.0,727.78,896.72,1.63,240.0,0.0,0.0,3.0,22.0,20.6,313.82
0.6,340.0,0.0,0.0,60.0,0.0,727.78,896.72,1.63,240.0,0.0,0.0,3.0,22.0,23.2,297.3
0.6,320.0,0.0,0.0,80.0,0.0,727.78,896.72,1.63,240.0,0.0,0.0,3.0,22.0,21.8,280.78
0.3,450.0,0.0,0.0,0.0,0.0,833.59,1027.11,18.3,135.0,0.0,0.0,3.0,22.0,53.1,421.34
0.3,405.0,0.0,0.0,45.0,0.0,833.59,1027.11,18.3,135.0,0.0,0.0,3.0,22.0,55.8,384.17
0.3,382.5,0.0,0.0,67.5,0.0,833.59,1027.11,18.3,135.0,0.0,0.0,3.0,22.0,57.0,365.58
0.3,360.0,0.0,0.0,90.0,0.0,833.59,1027.11,18.3,135.0,0.0,0.0,3.0,22.0,55.6,347.0
0.4,450.0,0.0,0.0,0.0,0.0,780.15,961.25,5.49,180.0,0.0,0.0,3.0,22.0,41.0,396.68
0.4,405.0,0.0,0.0,45.0,0.0,780.15,961.25,5.49,180.0,0.0,0.0,3.0,22.0,47.2,359.51
0.4,382.5,0.0,0.0,67.5,0.0,780.15,961.25,5.49,180.0,0.0,0.0,3.0,22.0,44.0,340.92
0.4,360.0,0.0,0.0,90.0,0.0,780.15,961.25,5.49,180.0,0.0,0.0,3.0,22.0,44.4,322.34
0.5,450.0,0.0,0.0,0.0,0.0,726.75,895.45,2.2,225.0,0.0,0.0,3.0,22.0,32.2,389.92
0.5,405.0,0.0,0.0,45.0,0.0,726.75,895.45,2.2,225.0,0.0,0.0,3.0,22.0,30.8,352.75
0.5,382.5,0.0,0.0,67.5,0.0,726.75,895.45,2.2,225.0,0.0,0.0,3.0,22.0,30.3,334.17
0.5,360.0,0.0,0.0,90.0,0.0,726.75,895.45,2.2,225.0,0.0,0.0,3.0,22.0,29.7,315.58
0.6,450.0,0.0,0.0,0.0,0.0,673.3,829.6,1.1,270.0,0.0,0.0,3.0,22.0,20.5,387.28
0.6,405.0,0.0,0.0,45.0,0.0,673.3,829.6,1.1,270.0,0.0,0.0,3.0,22.0,23.7,350.11
0.6,382.5,0.0,0.0,67.5,0.0,673.3,829.6,1.1,270.0,0.0,0.0,3.0,22.0,20.2,331.53
0.6,360.0,0.0,0.0,90.0,0.0,673.3,829.6,1.1,270.0,0.0,0.0,3.0,22.0,21.2,312.94
0.3,350.0,0.0,0.0,0.0,0.0,906.89,1117.41,28.5,105.0,0.0,0.0,7.0,22.0,55.0,357.3
0.3,315.0,0.0,0.0,35.0,0.0,906.89,1117.41,28.5,105.0,0.0,0.0,7.0,22.0,64.4,328.39
0.3,297.5,0.0,0.0,52.5,0.0,906.89,1117.41,28.5,105.0,0.0,0.0,7.0,22.0,60.4,313.93
0.3,280.0,0.0,0.0,70.0,0.0,906.89,1117.41,28.5,105.0,0.0,0.0,7.0,22.0,58.0,299.48
0.4,350.0,0.0,0.0,0.0,0.0,865.36,1066.24,8.54,140.0,0.0,0.0,7.0,22.0,51.7,319.33
0.4,315.0,0.0,0.0,35.0,0.0,865.36,1066.24,8.54,140.0,0.0,0.0,7.0,22.0,62.4,290.42
0.4,297.5,0.0,0.0,52.5,0.0,865.36,1066.24,8.54,140.0,0.0,0.0,7.0,22.0,66.1,275.96
0.4,280.0,0.0,0.0,70.0,0.0,865.36,1066.24,8.54,140.0,0.0,0.0,7.0,22.0,62.2,261.51
0.5,350.0,0.0,0.0,0.0,0.0,823.78,1015.02,2.85,175.0,0.0,0.0,7.0,22.0,44.1,308.18
0.5,315.0,0.0,0.0,35.0,0.0,823.78,1015.02,2.85,175.0,0.0,0.0,7.0,22.0,45.6,279.27
0.5,297.5,0.0,0.0,52.5,0.0,823.78,1015.02,2.85,175.0,0.0,0.0,7.0,22.0,46.5,264.82
0.5,280.0,0.0,0.0,70.0,0.0,823.78,1015.02,2.85,175.0,0.0,0.0,7.0,22.0,45.0,250.36
0.6,350.0,0.0,0.0,0.0,0.0,782.25,963.85,1.42,210.0,0.0,0.0,7.0,22.0,28.0,305.05
0.6,315.0,0.0,0.0,35.0,0.0,782.25,963.85,1.42,210.0,0.0,0.0,7.0,22.0,31.7,276.14
0.6,297.5,0.0,0.0,52.5,0.0,782.25,963.85,1.42,210.0,0.0,0.0,7.0,22.0,32.6,261.69
0.6,280.0,0.0,0.0,70.0,0.0,782.25,963.85,1.42,210.0,0.0,0.0,7.0,22.0,31.2,247.23
0.3,400.0,0.0,0.0,0.0,0.0,870.24,1072.26,22.76,120.0,0.0,0.0,7.0,22.0,53.9,388.11
0.3,360.0,0.0,0.0,40.0,0.0,870.24,1072.26,22.76,120.0,0.0,0.0,7.0,22.0,68.8,355.07
0.3,340.0,0.0,0.0,60.0,0.0,870.24,1072.26,22.76,120.0,0.0,0.0,7.0,22.0,65.1,338.55
0.3,320.0,0.0,0.0,80.0,0.0,870.24,1072.26,22.76,120.0,0.0,0.0,7.0,22.0,69.8,322.03
0.4,400.0,0.0,0.0,0.0,0.0,822.75,1013.75,4.88,160.0,0.0,0.0,7.0,22.0,57.7,353.99
0.4,360.0,0.0,0.0,40.0,0.0,822.75,1013.75,4.88,160.0,0.0,0.0,7.0,22.0,62.0,320.95
0.4,340.0,0.0,0.0,60.0,0.0,822.75,1013.75,4.88,160.0,0.0,0.0,7.0,22.0,64.6,304.43
0.4,320.0,0.0,0.0,80.0,0.0,822.75,1013.75,4.88,160.0,0.0,0.0,7.0,22.0,61.0,287.91
0.5,400.0,0.0,0.0,0.0,0.0,775.26,955.24,3.25,200.0,0.0,0.0,7.0,22.0,41.1,350.42
0.5,360.0,0.0,0.0,40.0,0.0,775.26,955.24,3.25,200.0,0.0,0.0,7.0,22.0,43.9,317.38
0.5,340.0,0.0,0.0,60.0,0.0,775.26,955.24,3.25,200.0,0.0,0.0,7.0,22.0,44.1,300.86
0.5,320.0,0.0,0.0,80.0,0.0,775.26,955.24,3.25,200.0,0.0,0.0,7.0,22.0,42.3,284.34
0.6,400.0,0.0,0.0,0.0,0.0,727.78,896.72,1.63,240.0,0.0,0.0,7.0,22.0,31.5,346.86
0.6,360.0,0.0,0.0,40.0,0.0,727.78,896.72,1.63,240.0,0.0,0.0,7.0,22.0,30.9,313.82
0.6,340.0,0.0,0.0,60.0,0.0,727.78,896.72,1.63,240.0,0.0,0.0,7.0,22.0,35.3,297.3
0.6,320.0,0.0,0.0,80.0,0.0,727.78,896.72,1.63,240.0,0.0,0.0,7.0,22.0,32.7,280.78
0.3,450.0,0.0,0.0,0.0,0.0,833.59,1027.11,18.3,135.0,0.0,0.0,7.0,22.0,63.7,421.34
0.3,405.0,0.0,0.0,45.0,0.0,833.59,1027.11,18.3,135.0,0.0,0.0,7.0,22.0,71.9,384.17
0.3,382.5,0.0,0.0,67.5,0.0,833.59,1027.11,18.3,135.0,0.0,0.0,7.0,22.0,76.5,365.58
0.3,360.0,0.0,0.0,90.0,0.0,833.59,1027.11,18.3,135.0,0.0,0.0,7.0,22.0,77.2,347.0
0.4,450.0,0.0,0.0,0.0,0.0,780.15,961.25,5.49,180.0,0.0,0.0,7.0,22.0,51.5,396.68
0.4,405.0,0.0,0.0,45.0,0.0,780.15,961.25,5.49,180.0,0.0,0.0,7.0,22.0,66.7,359.51
0.4,382.5,0.0,0.0,67.5,0.0,780.15,961.25,5.49,180.0,0.0,0.0,7.0,22.0,65.0,340.92
0.4,360.0,0.0,0.0,90.0,0.0,780.15,961.25,5.49,180.0,0.0,0.0,7.0,22.0,62.8,322.34
0.5,450.0,0.0,0.0,0.0,0.0,726.75,895.45,2.2,225.0,0.0,0.0,7.0,22.0,40.1,389.92
0.5,405.0,0.0,0.0,45.0,0.0,726.75,895.45,2.2,225.0,0.0,0.0,7.0,22.0,41.0,352.75
0.5,382.5,0.0,0.0,67.5,0.0,726.75,895.45,2.2,225.0,0.0,0.0,7.0,22.0,42.0,334.17
0.5,360.0,0.0,0.0,90.0,0.0,726.75,895.45,2.2,225.0,0.0,0.0,7.0,22.0,42.6,315.58
0.6,450.0,0.0,0.0,0.0,0.0,673.3,829.6,1.1,270.0,0.0,0.0,7.0,22.0,25.0,387.28
0.6,405.0,0.0,0.0,45.0,0.0,673.3,829.6,1.1,270.0,0.0,0.0,7.0,22.0,30.5,350.11
0.6,382.5,0.0,0.0,67.5,0.0,673.3,829.6,1.1,270.0,0.0,0.0,7.0,22.0,31.5,331.53
0.6,360.0,0.0,0.0,90.0,0.0,673.3,829.6,1.1,270.0,0.0,0.0,7.0,22.0,31.6,312.94
0.3,350.0,0.0,0.0,0.0,0.0,906.89,1117.41,28.5,105.0,0.0,0.0,28.0,22.0,64.4,357.3
0.3,315.0,0.0,0.0,35.0,0.0,906.89,1117.41,28.5,105.0,0.0,0.0,28.0,22.0,83.5,328.39
0.3,297.5,0.0,0.0,52.5,0.0,906.89,1117.41,28.5,105.0,0.0,0.0,28.0,22.0,82.7,313.93
0.3,280.0,0.0,0.0,70.0,0.0,906.89,1117.41,28.5,105.0,0.0,0.0,28.0,22.0,85.9,299.48
0.4,350.0,0.0,0.0,0.0,0.0,865.36,1066.24,8.54,140.0,0.0,0.0,28.0,22.0,59.7,319.33
0.4,315.0,0.0,0.0,35.0,0.0,865.36,1066.24,8.54,140.0,0.0,0.0,28.0,22.0,87.8,290.42
0.4,297.5,0.0,0.0,52.5,0.0,865.36,1066.24,8.54,140.0,0.0,0.0,28.0,22.0,88.7,275.96
0.4,280.0,0.0,0.0,70.0,0.0,865.36,1066.24,8.54,140.0,0.0,0.0,28.0,22.0,87.9,261.51
0.5,350.0,0.0,0.0,0.0,0.0,823.78,1015.02,2.85,175.0,0.0,0.0,28.0,22.0,51.7,308.18
0.5,315.0,0.0,0.0,35.0,0.0,823.78,1015.02,2.85,175.0,0.0,0.0,28.0,22.0,61.8,279.27
0.5,297.5,0.0,0.0,52.5,0.0,823.78,1015.02,2.85,175.0,0.0,0.0,28.0,22.0,63.6,264.82
0.5,280.0,0.0,0.0,70.0,0.0,823.78,1015.02,2.85,175.0,0.0,0.0,28.0,22.0,62.7,250.36
0.6,350.0,0.0,0.0,0.0,0.0,782.25,963.85,1.42,210.0,0.0,0.0,28.0,22.0,37.5,305.05
0.6,315.0,0.0,0.0,35.0,0.0,782.25,963.85,1.42,210.0,0.0,0.0,28.0,22.0,48.5,276.14
0.6,297.5,0.0,0.0,52.5,0.0,782.25,963.85,1.42,210.0,0.0,0.0,28.0,22.0,48.8,261.69
0.6,280.0,0.0,0.0,70.0,0.0,782.25,963.85,1.42,210.0,0.0,0.0,28.0,22.0,46.7,247.23
0.3,400.0,0.0,0.0,0.0,0.0,870.24,1072.26,22.76,120.0,0.0,0.0,28.0,22.0,65.4,388.11
0.3,360.0,0.0,0.0,40.0,0.0,870.24,1072.26,22.76,120.0,0.0,0.0,28.0,22.0,86.7,355.07
0.3,340.0,0.0,0.0,60.0,0.0,870.24,1072.26,22.76,120.0,0.0,0.0,28.0,22.0,90.5,338.55
0.3,320.0,0.0,0.0,80.0,0.0,870.24,1072.26,22.76,120.0,0.0,0.0,28.0,22.0,94.0,322.03
0.4,400.0,0.0,0.0,0.0,0.0,822.75,1013.75,4.88,160.0,0.0,0.0,28.0,22.0,65.3,353.99
0.4,360.0,0.0,0.0,40.0,0.0,822.75,1013.75,4.88,160.0,0.0,0.0,28.0,22.0,88.0,320.95
0.4,340.0,0.0,0.0,60.0,0.0,822.75,1013.75,4.88,160.0,0.0,0.0,28.0,22.0,81.5,304.43
0.4,320.0,0.0,0.0,80.0,0.0,822.75,1013.75,4.88,160.0,0.0,0.0,28.0,22.0,80.3,287.91
0.5,400.0,0.0,0.0,0.0,0.0,775.26,955.24,3.25,200.0,0.0,0.0,28.0,22.0,50.0,350.42
0.5,360.0,0.0,0.0,40.0,0.0,775.26,955.24,3.25,200.0,0.0,0.0,28.0,22.0,62.3,317.38
0.5,340.0,0.0,0.0,60.0,0.0,775.26,955.24,3.25,200.0,0.0,0.0,28.0,22.0,60.6,300.86
0.5,320.0,0.0,0.0,80.0,0.0,775.26,955.24,3.25,200.0,0.0,0.0,28.0,22.0,58.0,284.34
0.6,400.0,0.0,0.0,0.0,0.0,727.78,896.72,1.63,240.0,0.0,0.0,28.0,22.0,41.6,346.86
0.6,360.0,0.0,0.0,40.0,0.0,727.78,896.72,1.63,240.0,0.0,0.0,28.0,22.0,44.9,313.82
0.6,340.0,0.0,0.0,60.0,0.0,727.78,896.72,1.63,240.0,0.0,0.0,28.0,22.0,49.6,297.3
0.6,320.0,0.0,0.0,80.0,0.0,727.78,896.72,1.63,240.0,0.0,0.0,28.0,22.0,45.7,280.78
0.3,450.0,0.0,0.0,0.0,0.0,833.59,1027.11,18.3,135.0,0.0,0.0,28.0,22.0,73.3,421.34
0.3,405.0,0.0,0.0,45.0,0.0,833.59,1027.11,18.3,135.0,0.0,0.0,28.0,22.0,90.4,384.17
0.3,382.5,0.0,0.0,67.5,0.0,833.59,1027.11,18.3,135.0,0.0,0.0,28.0,22.0,91.0,365.58
0.3,360.0,0.0,0.0,90.0,0.0,833.59,1027.11,18.3,135.0,0.0,0.0,28.0,22.0,101.0,347.0
0.4,450.0,0.0,0.0,0.0,0.0,780.15,961.25,5.49,180.0,0.0,0.0,28.0,22.0,60.5,396.68
0.4,405.0,0.0,0.0,45.0,0.0,780.15,961.25,5.49,180.0,0.0,0.0,28.0,22.0,85.0,359.51
0.4,382.5,0.0,0.0,67.5,0.0,780.15,961.25,5.49,180.0,0.0,0.0,28.0,22.0,87.7,340.92
0.4,360.0,0.0,0.0,90.0,0.0,780.15,961.25,5.49,180.0,0.0,0.0,28.0,22.0,78.4,322.34
0.5,450.0,0.0,0.0,0.0,0.0,726.75,895.45,2.2,225.0,0.0,0.0,28.0,22.0,50.9,389.92
0.5,405.0,0.0,0.0,45.0,0.0,726.75,895.45,2.2,225.0,0.0,0.0,28.0,22.0,55.8,352.75
0.5,382.5,0.0,0.0,67.5,0.0,726.75,895.45,2.2,225.0,0.0,0.0,28.0,22.0,53.0,334.17
0.5,360.0,0.0,0.0,90.0,0.0,726.75,895.45,2.2,225.0,0.0,0.0,28.0,22.0,55.0,315.58
0.6,450.0,0.0,0.0,0.0,0.0,673.3,829.6,1.1,270.0,0.0,0.0,28.0,22.0,38.3,387.28
0.6,405.0,0.0,0.0,45.0,0.0,673.3,829.6,1.1,270.0,0.0,0.0,28.0,22.0,41.6,350.11
0.6,382.5,0.0,0.0,67.5,0.0,673.3,829.6,1.1,270.0,0.0,0.0,28.0,22.0,43.5,331.53
0.6,360.0,0.0,0.0,90.0,0.0,673.3,829.6,1.1,270.0,0.0,0.0,28.0,22.0,42.1,312.94
0.3,350.0,0.0,0.0,0.0,0.0,906.89,1117.41,28.5,105.0,0.0,0.0,180.0,22.0,69.0,357.3
0.3,315.0,0.0,0.0,35.0,0.0,906.89,1117.41,28.5,105.0,0.0,0.0,180.0,22.0,88.2,328.39
0.3,297.5,0.0,0.0,52.5,0.0,906.89,1117.41,28.5,105.0,0.0,0.0,180.0,22.0,85.5,313.93
0.3,280.0,0.0,0.0,70.0,0.0,906.89,1117.41,28.5,105.0,0.0,0.0,180.0,22.0,89.3,299.48
0.4,350.0,0.0,0.0,0.0,0.0,865.36,1066.24,8.54,140.0,0.0,0.0,180.0,22.0,72.7,319.33
0.4,315.0,0.0,0.0,35.0,0.0,865.36,1066.24,8.54,140.0,0.0,0.0,180.0,22.0,90.0,290.42
0.4,297.5,0.0,0.0,52.5,0.0,865.36,1066.24,8.54,140.0,0.0,0.0,180.0,22.0,93.9,275.96
0.4,280.0,0.0,0.0,70.0,0.0,865.36,1066.24,8.54,140.0,0.0,0.0,180.0,22.0,95.5,261.51
0.5,350.0,0.0,0.0,0.0,0.0,823.78,1015.02,2.85,175.0,0.0,0.0,180.0,22.0,61.6,308.18
0.5,315.0,0.0,0.0,35.0,0.0,823.78,1015.02,2.85,175.0,0.0,0.0,180.0,22.0,65.6,279.27
0.5,297.5,0.0,0.0,52.5,0.0,823.78,1015.02,2.85,175.0,0.0,0.0,180.0,22.0,66.5,264.82
0.5,280.0,0.0,0.0,70.0,0.0,823.78,1015.02,2.85,175.0,0.0,0.0,180.0,22.0,63.5,250.36
0.6,350.0,0.0,0.0,0.0,0.0,782.25,963.85,1.42,210.0,0.0,0.0,180.0,22.0,45.0,305.05
0.6,315.0,0.0,0.0,35.0,0.0,782.25,963.85,1.42,210.0,0.0,0.0,180.0,22.0,50.7,276.14
0.6,297.5,0.0,0.0,52.5,0.0,782.25,963.85,1.42,210.0,0.0,0.0,180.0,22.0,51.0,261.69
0.6,280.0,0.0,0.0,70.0,0.0,782.25,963.85,1.42,210.0,0.0,0.0,180.0,22.0,48.0,247.23
0.3,400.0,0.0,0.0,0.0,0.0,870.24,1072.26,22.76,120.0,0.0,0.0,180.0,22.0,77.0,388.11
0.3,360.0,0.0,0.0,40.0,0.0,870.24,1072.26,22.76,120.0,0.0,0.0,180.0,22.0,92.1,355.07
0.3,340.0,0.0,0.0,60.0,0.0,870.24,1072.26,22.76,120.0,0.0,0.0,180.0,22.0,91.4,338.55
0.3,320.0,0.0,0.0,80.0,0.0,870.24,1072.26,22.76,120.0,0.0,0.0,180.0,22.0,102.6,322.03
0.4,400.0,0.0,0.0,0.0,0.0,822.75,1013.75,4.88,160.0,0.0,0.0,180.0,22.0,75.8,353.99
0.4,360.0,0.0,0.0,40.0,0.0,822.75,1013.75,4.88,160.0,0.0,0.0,180.0,22.0,91.7,320.95
0.4,340.0,0.0,0.0,60.0,0.0,822.75,1013.75,4.88,160.0,0.0,0.0,180.0,22.0,85.3,304.43
0.4,320.0,0.0,0.0,80.0,0.0,822.75,1013.75,4.88,160.0,0.0,0.0,180.0,22.0,82.9,287.91
0.5,400.0,0.0,0.0,0.0,0.0,775.26,955.24,3.25,200.0,0.0,0.0,180.0,22.0,58.3,350.42
0.5,360.0,0.0,0.0,40.0,0.0,775.26,955.24,3.25,200.0,0.0,0.0,180.0,22.0,62.5,317.38
0.5,340.0,0.0,0.0,60.0,0.0,775.26,955.24,3.25,200.0,0.0,0.0,180.0,22.0,63.8,300.86
0.5,320.0,0.0,0.0,80.0,0.0,775.26,955.24,3.25,200.0,0.0,0.0,180.0,22.0,60.5,284.34
0.6,400.0,0.0,0.0,0.0,0.0,727.78,896.72,1.63,240.0,0.0,0.0,180.0,22.0,45.7,346.86
0.6,360.0,0.0,0.0,40.0,0.0,727.78,896.72,1.63,240.0,0.0,0.0,180.0,22.0,46.2,313.82
0.6,340.0,0.0,0.0,60.0,0.0,727.78,896.72,1.63,240.0,0.0,0.0,180.0,22.0,50.9,297.3
0.6,320.0,0.0,0.0,80.0,0.0,727.78,896.72,1.63,240.0,0.0,0.0,180.0,22.0,50.0,280.78
0.3,450.0,0.0,0.0,0.0,0.0,833.59,1027.11,18.3,135.0,0.0,0.0,180.0,22.0,85.8,421.34
0.3,405.0,0.0,0.0,45.0,0.0,833.59,1027.11,18.3,135.0,0.0,0.0,180.0,22.0,96.4,384.17
0.3,382.5,0.0,0.0,67.5,0.0,833.59,1027.11,18.3,135.0,0.0,0.0,180.0,22.0,102.0,365.58
0.3,360.0,0.0,0.0,90.0,0.0,833.59,1027.11,18.3,135.0,0.0,0.0,180.0,22.0,109.0,347.0
0.4,450.0,0.0,0.0,0.0,0.0,780.15,961.25,5.49,180.0,0.0,0.0,180.0,22.0,73.9,396.68
0.4,405.0,0.0,0.0,45.0,0.0,780.15,961.25,5.49,180.0,0.0,0.0,180.0,22.0,86.6,359.51
0.4,382.5,0.0,0.0,67.5,0.0,780.15,961.25,5.49,180.0,0.0,0.0,180.0,22.0,91.3,340.92
0.4,360.0,0.0,0.0,90.0,0.0,780.15,961.25,5.49,180.0,0.0,0.0,180.0,22.0,81.3,322.34
0.5,450.0,0.0,0.0,0.0,0.0,726.75,895.45,2.2,225.0,0.0,0.0,180.0,22.0,56.7,389.92
0.5,405.0,0.0,0.0,45.0,0.0,726.75,895.45,2.2,225.0,0.0,0.0,180.0,22.0,59.6,352.75
0.5,382.5,0.0,0.0,67.5,0.0,726.75,895.45,2.2,225.0,0.0,0.0,180.0,22.0,59.5,334.17
0.5,360.0,0.0,0.0,90.0,0.0,726.75,895.45,2.2,225.0,0.0,0.0,180.0,22.0,58.4,315.58
0.6,450.0,0.0,0.0,0.0,0.0,673.3,829.6,1.1,270.0,0.0,0.0,180.0,22.0,43.1,387.28
0.6,405.0,0.0,0.0,45.0,0.0,673.3,829.6,1.1,270.0,0.0,0.0,180.0,22.0,44.0,350.11
0.6,382.5,0.0,0.0,67.5,0.0,673.3,829.6,1.1,270.0,0.0,0.0,180.0,22.0,42.6,331.53
0.6,360.0,0.0,0.0,90.0,0.0,673.3,829.6,1.1,270.0,0.0,0.0,180.0,22.0,41.4,312.94
0.3,350.0,0.0,0.0,0.0,0.0,906.89,1117.41,28.5,105.0,0.0,0.0,500.0,22.0,77.0,357.3
0.3,315.0,0.0,0.0,35.0,0.0,906.89,1117.41,28.5,105.0,0.0,0.0,500.0,22.0,90.5,328.39
0.3,297.5,0.0,0.0,52.5,0.0,906.89,1117.41,28.5,105.0,0.0,0.0,500.0,22.0,87.0,313.93
0.3,280.0,0.0,0.0,70.0,0.0,906.89,1117.41,28.5,105.0,0.0,0.0,500.0,22.0,89.5,299.48
0.4,350.0,0.0,0.0,0.0,0.0,865.36,1066.24,8.54,140.0,0.0,0.0,500.0,22.0,73.2,319.33
0.4,315.0,0.0,0.0,35.0,0.0,865.36,1066.24,8.54,140.0,0.0,0.0,500.0,22.0,94.1,290.42
0.4,297.5,0.0,0.0,52.5,0.0,865.36,1066.24,8.54,140.0,0.0,0.0,500.0,22.0,94.0,275.96
0.4,280.0,0.0,0.0,70.0,0.0,865.36,1066.24,8.54,140.0,0.0,0.0,500.0,22.0,95.8,261.51
0.5,350.0,0.0,0.0,0.0,0.0,823.78,1015.02,2.85,175.0,0.0,0.0,500.0,22.0,64.5,308.18
0.5,315.0,0.0,0.0,35.0,0.0,823.78,1015.02,2.85,175.0,0.0,0.0,500.0,22.0,65.9,279.27
0.5,297.5,0.0,0.0,52.5,0.0,823.78,1015.02,2.85,175.0,0.0,0.0,500.0,22.0,68.6,264.82
0.5,280.0,0.0,0.0,70.0,0.0,823.78,1015.02,2.85,175.0,0.0,0.0,500.0,22.0,63.9,250.36
0.6,350.0,0.0,0.0,0.0,0.0,782.25,963.85,1.42,210.0,0.0,0.0,500.0,22.0,45.5,305.05
0.6,315.0,0.0,0.0,35.0,0.0,782.25,963.85,1.42,210.0,0.0,0.0,500.0,22.0,51.0,276.14
0.6,297.5,0.0,0.0,52.5,0.0,782.25,963.85,1.42,210.0,0.0,0.0,500.0,22.0,50.5,261.69
0.6,280.0,0.0,0.0,70.0,0.0,782.25,963.85,1.42,210.0,0.0,0.0,500.0,22.0,49.6,247.23
0.3,400.0,0.0,0.0,0.0,0.0,870.24,1072.26,22.76,120.0,0.0,0.0,500.0,22.0,79.2,388.11
0.3,360.0,0.0,0.0,40.0,0.0,870.24,1072.26,22.76,120.0,0.0,0.0,500.0,22.0,93.3,355.07
0.3,340.0,0.0,0.0,60.0,0.0,870.24,1072.26,22.76,120.0,0.0,0.0,500.0,22.0,99.0,338.55
0.3,320.0,0.0,0.0,80.0,0.0,870.24,1072.26,22.76,120.0,0.0,0.0,500.0,22.0,104.1,322.03
0.4,400.0,0.0,0.0,0.0,0.0,822.75,1013.75,4.88,160.0,0.0,0.0,500.0,22.0,76.1,353.99
0.4,360.0,0.0,0.0,40.0,0.0,822.75,1013.75,4.88,160.0,0.0,0.0,500.0,22.0,91.5,320.95
0.4,340.0,0.0,0.0,60.0,0.0,822.75,1013.75,4.88,160.0,0.0,0.0,500.0,22.0,85.2,304.43
0.4,320.0,0.0,0.0,80.0,0.0,822.75,1013.75,4.88,160.0,0.0,0.0,500.0,22.0,83.2,287.91
0.5,400.0,0.0,0.0,0.0,0.0,775.26,955.24,3.25,200.0,0.0,0.0,500.0,22.0,58.9,350.42
0.5,360.0,0.0,0.0,40.0,0.0,775.26,955.24,3.25,200.0,0.0,0.0,500.0,22.0,62.8,317.38
0.5,340.0,0.0,0.0,60.0,0.0,775.26,955.24,3.25,200.0,0.0,0.0,500.0,22.0,62.0,300.86
0.5,320.0,0.0,0.0,80.0,0.0,775.26,955.24,3.25,200.0,0.0,0.0,500.0,22.0,60.8,284.34
0.6,400.0,0.0,0.0,0.0,0.0,727.78,896.72,1.63,240.0,0.0,0.0,500.0,22.0,48.8,346.86
0.6,360.0,0.0,0.0,40.0,0.0,727.78,896.72,1.63,240.0,0.0,0.0,500.0,22.0,48.1,313.82
0.6,340.0,0.0,0.0,60.0,0.0,727.78,896.72,1.63,240.0,0.0,0.0,500.0,22.0,51.0,297.3
0.6,320.0,0.0,0.0,80.0,0.0,727.78,896.72,1.63,240.0,0.0,0.0,500.0,22.0,50.5,280.78
0.3,450.0,0.0,0.0,0.0,0.0,833.59,1027.11,18.3,135.0,0.0,0.0,500.0,22.0,91.3,421.34
0.3,405.0,0.0,0.0,45.0,0.0,833.59,1027.11,18.3,135.0,0.0,0.0,500.0,22.0,96.8,384.17
0.3,382.5,0.0,0.0,67.5,0.0,833.59,1027.11,18.3,135.0,0.0,0.0,500.0,22.0,101.5,365.58
0.3,360.0,0.0,0.0,90.0,0.0,833.59,1027.11,18.3,135.0,0.0,0.0,500.0,22.0,110.0,347.0
0.4,450.0,0.0,0.0,0.0,0.0,780.15,961.25,5.49,180.0,0.0,0.0,500.0,22.0,80.0,396.68
0.4,405.0,0.0,0.0,45.0,0.0,780.15,961.25,5.49,180.0,0.0,0.0,500.0,22.0,87.4,359.51
0.4,382.5,0.0,0.0,67.5,0.0,780.15,961.25,5.49,180.0,0.0,0.0,500.0,22.0,91.5,340.92
0.4,360.0,0.0,0.0,90.0,0.0,780.15,961.25,5.49,180.0,0.0,0.0,500.0,22.0,82.5,322.34
0.5,450.0,0.0,0.0,0.0,0.0,726.75,895.45,2.2,225.0,0.0,0.0,500.0,22.0,64.1,389.92
0.5,405.0,0.0,0.0,45.0,0.0,726.75,895.45,2.2,225.0,0.0,0.0,500.0,22.0,60.3,352.75
0.5,382.5,0.0,0.0,67.5,0.0,726.75,895.45,2.2,225.0,0.0,0.0,500.0,22.0,59.5,334.17
0.5,360.0,0.0,0.0,90.0,0.0,726.75,895.45,2.2,225.0,0.0,0.0,500.0,22.0,59.0,315.58
0.6,450.0,0.0,0.0,0.0,0.0,673.3,829.6,1.1,270.0,0.0,0.0,500.0,22.0,49.1,387.28
0.6,405.0,0.0,0.0,45.0,0.0,673.3,829.6,1.1,270.0,0.0,0.0,500.0,22.0,45.9,350.11
0.6,382.5,0.0,0.0,67.5,0.0,673.3,829.6,1.1,270.0,0.0,0.0,500.0,22.0,43.2,331.53
0.6,360.0,0.0,0.0,90.0,0.0,673.3,829.6,1.1,270.0,0.0,0.0,500.0,22.0,41.6,312.94
0.35,154.0,0.0,309.0,51.0,0.0,980.0,621.0,2.06,179.9,0.0,0.0,7.0,30.0,40.5,142.86
0.32,220.0,0.0,247.5,82.5,0.0,685.0,880.0,8.89,176.0,0.0,0.0,90.0,30.0,68.3,211.17
0.39,220.0,0.0,180.0,0.0,0.0,916.0,900.0,1.4,156.0,0.0,0.0,28.0,30.0,45.0,196.87
0.3,540.0,0.0,0.0,60.0,0.0,1059.0,595.0,8.58,180.0,0.0,0.0,7.0,30.0,84.5,478.51
0.35,206.0,0.0,257.0,51.0,0.0,1001.0,621.0,2.57,179.9,0.0,0.0,7.0,30.0,48.2,187.4
0.35,327.0,0.0,173.0,0.0,0.0,902.0,803.0,4.42,175.0,0.0,0.0,28.0,30.0,61.6,291.87
0.4,428.0,0.0,0.0,23.0,0.0,1157.0,640.0,8.57,180.4,0.0,0.0,28.0,30.0,75.3,384.58
0.67,0.0,0.0,410.0,0.0,196.6,530.6,1044.4,0.0,79.2,10.0,1.5,7.0,75.0,10.0,111.9
0.67,0.0,0.0,410.0,0.0,196.6,530.6,1044.4,0.0,79.2,10.0,1.5,7.0,30.0,4.5,111.9
0.67,0.0,0.0,410.0,0.0,196.6,530.6,1044.4,0.0,79.2,10.0,1.5,28.0,75.0,30.0,111.9
0.67,0.0,0.0,410.0,0.0,196.6,530.6,1044.4,0.0,79.2,10.0,1.5,28.0,30.0,10.0,111.9
0.67,0.0,0.0,410.0,0.0,196.6,530.6,1044.4,0.0,79.2,10.0,1.5,56.0,75.0,31.0,111.9
0.67,0.0,0.0,410.0,0.0,196.6,530.6,1044.4,0.0,79.2,10.0,1.5,56.0,30.0,14.0,111.9
0.67,0.0,0.0,410.0,0.0,196.6,530.6,1044.4,0.0,79.2,10.0,1.5,90.0,75.0,33.0,111.9
0.67,0.0,0.0,410.0,0.0,196.6,530.6,1044.4,0.0,79.2,10.0,1.5,90.0,30.0,20.0,111.9
0.67,0.0,0.0,410.0,0.0,196.6,530.6,1044.4,0.0,79.2,10.0,1.5,180.0,75.0,36.0,111.9
0.67,0.0,0.0,410.0,0.0,196.6,530.6,1044.4,0.0,79.2,10.0,1.5,180.0,30.0,28.0,111.9
0.57,0.0,180.0,180.0,0.0,162.0,746.0,1120.0,6.88,43.75,14.0,2.5,28.0,6.0,18.28,123.27
0.57,0.0,180.0,180.0,0.0,162.0,746.0,1120.0,6.88,43.75,14.0,2.0,28.0,6.0,12.08,128.76
0.57,0.0,180.0,180.0,0.0,162.0,746.0,1120.0,8.44,43.75,14.0,1.5,28.0,6.0,10.04,139.39
0.57,0.0,180.0,180.0,0.0,162.0,746.0,1120.0,10.0,43.75,14.0,1.0,28.0,6.0,5.64,153.86
0.57,0.0,180.0,180.0,0.0,162.0,746.0,1120.0,6.88,43.75,10.0,2.5,28.0,6.0,2.59,109.08
0.57,0.0,180.0,180.0,0.0,162.0,746.0,1120.0,8.44,43.75,10.0,2.0,28.0,6.0,8.27,115.15
0.57,0.0,180.0,180.0,0.0,162.0,746.0,1120.0,8.44,43.75,10.0,1.5,28.0,6.0,16.91,119.53
0.57,0.0,180.0,180.0,0.0,162.0,746.0,1120.0,11.56,43.75,10.0,1.0,28.0,6.0,3.51,131.98
0.57,0.0,180.0,180.0,0.0,162.0,746.0,1120.0,6.88,43.75,6.0,2.5,28.0,6.0,0.55,94.9
0.57,0.0,180.0,180.0,0.0,162.0,746.0,1120.0,8.44,43.75,6.0,2.0,28.0,6.0,2.48,98.6
0.57,0.0,180.0,180.0,0.0,162.0,746.0,1120.0,10.0,43.75,6.0,1.5,28.0,6.0,9.18,102.61
0.57,0.0,180.0,180.0,0.0,162.0,746.0,1120.0,11.56,43.75,6.0,1.0,28.0,6.0,7.43,107.16
0.57,0.0,180.0,180.0,0.0,162.0,746.0,1120.0,6.88,43.75,14.0,2.5,28.0,70.0,27.08,123.27
0.57,0.0,180.0,180.0,0.0,162.0,746.0,1120.0,6.88,43.75,14.0,2.0,28.0,70.0,25.1,128.76
0.57,0.0,180.0,180.0,0.0,162.0,746.0,1120.0,8.44,43.75,14.0,1.5,28.0,70.0,12.99,139.39
0.57,0.0,180.0,180.0,0.0,162.0,746.0,1120.0,10.0,43.75,14.0,1.0,28.0,70.0,10.16,153.86
0.57,0.0,180.0,180.0,0.0,162.0,746.0,1120.0,6.88,43.75,10.0,2.5,28.0,70.0,15.04,109.08
0.57,0.0,180.0,180.0,0.0,162.0,746.0,1120.0,8.44,43.75,10.0,2.0,28.0,70.0,16.43,115.15
0.57,0.0,180.0,180.0,0.0,162.0,746.0,1120.0,8.44,43.75,10.0,1.5,28.0,70.0,32.42,119.53
0.57,0.0,180.0,180.0,0.0,162.0,746.0,1120.0,11.56,43.75,10.0,1.0,28.0,70.0,5.09,131.98
0.57,0.0,180.0,180.0,0.0,162.0,746.0,1120.0,6.88,43.75,6.0,2.5,28.0,70.0,0.96,94.9
0.57,0.0,180.0,180.0,0.0,162.0,746.0,1120.0,8.44,43.75,6.0,2.0,28.0,70.0,9.08,98.6
0.57,0.0,180.0,180.0,0.0,162.0,746.0,1120.0,10.0,43.75,6.0,1.5,28.0,70.0,13.06,102.61
0.57,0.0,180.0,180.0,0.0,162.0,746.0,1120.0,11.56,43.75,6.0,1.0,28.0,70.0,8.43,107.16
0.67,276.0,0.0,0.0,0.0,0.0,900.0,962.0,0.0,185.0,0.0,0.0,28.0,20.0,27.0,240.78
0.5,360.0,0.0,0.0,0.0,0.0,837.0,970.0,0.0,180.0,0.0,0.0,28.0,20.0,42.9,311.07
0.35,500.0,0.0,0.0,0.0,0.0,755.0,948.0,5.0,175.0,0.0,0.0,28.0,20.0,65.9,437.57
0.28,531.0,0.0,0.0,59.0,0.0,692.0,942.0,12.5,165.0,0.0,0.0,28.0,20.0,78.1,478.21
0.44,0.0,0.0,400.0,0.0,140.0,875.0,875.0,10.5,35.0,16.0,2.5,7.0,50.0,25.5,114.76
0.43,0.0,0.0,400.0,0.0,140.0,880.0,880.0,10.5,30.0,16.0,2.5,7.0,50.0,30.5,114.81
0.4,0.0,0.0,400.0,0.0,140.0,895.0,895.0,10.5,20.0,16.0,2.5,7.0,50.0,31.5,114.96
0.38,0.0,0.0,400.0,0.0,140.0,910.0,910.0,10.5,10.0,16.0,2.5,7.0,50.0,34.0,115.1
0.44,0.0,0.0,400.0,0.0,140.0,875.0,875.0,10.5,35.0,16.0,2.5,28.0,50.0,27.0,114.76
0.43,0.0,0.0,400.0,0.0,140.0,880.0,880.0,10.5,30.0,16.0,2.5,28.0,50.0,33.0,114.81
0.4,0.0,0.0,400.0,0.0,140.0,895.0,895.0,10.5,20.0,16.0,2.5,28.0,50.0,35.0,114.96
0.38,0.0,0.0,400.0,0.0,140.0,910.0,910.0,10.5,10.0,16.0,2.5,28.0,50.0,36.0,115.1
0.44,0.0,0.0,400.0,0.0,140.0,875.0,875.0,10.5,35.0,16.0,2.5,7.0,50.0,25.5,114.76
0.44,0.0,0.0,400.0,0.0,140.0,880.0,880.0,7.5,35.0,16.0,2.5,7.0,50.0,27.5,109.17
0.44,0.0,0.0,400.0,0.0,140.0,885.0,885.0,5.0,35.0,16.0,2.5,7.0,50.0,29.5,104.52
0.44,0.0,0.0,400.0,0.0,140.0,887.0,887.0,2.5,35.0,16.0,2.5,7.0,50.0,30.5,99.84
0.44,0.0,0.0,400.0,0.0,140.0,875.0,875.0,10.5,35.0,16.0,2.5,28.0,50.0,27.5,114.76
0.44,0.0,0.0,400.0,0.0,140.0,880.0,880.0,7.5,35.0,16.0,2.5,28.0,50.0,30.5,109.17
0.44,0.0,0.0,400.0,0.0,140.0,885.0,885.0,5.0,35.0,16.0,2.5,28.0,50.0,32.0,104.52
0.44,0.0,0.0,400.0,0.0,140.0,887.0,887.0,2.5,35.0,16.0,2.5,28.0,50.0,33.0,99.84
0.44,0.0,0.0,400.0,0.0,140.0,875.0,875.0,10.5,35.0,18.0,2.5,7.0,50.0,19.0,120.89
0.54,0.0,0.0,400.0,0.0,180.0,875.0,875.0,10.5,35.0,16.0,2.5,7.0,50.0,25.5,139.06
0.49,0.0,0.0,400.0,0.0,160.0,875.0,875.0,10.5,35.0,12.0,2.5,7.0,50.0,16.0,112.9
0.44,0.0,0.0,400.0,0.0,140.0,875.0,875.0,10.5,35.0,18.0,2.5,28.0,50.0,20.5,120.89
0.54,0.0,0.0,400.0,0.0,180.0,875.0,875.0,10.5,35.0,16.0,2.5,28.0,50.0,28.0,139.06
0.49,0.0,0.0,400.0,0.0,160.0,875.0,875.0,10.5,35.0,12.0,2.5,28.0,50.0,19.0,112.9
0.44,0.0,0.0,400.0,0.0,140.0,840.0,840.0,10.5,35.0,16.0,2.5,7.0,50.0,28.0,114.43
0.39,0.0,0.0,400.0,0.0,120.0,860.0,860.0,10.5,35.0,16.0,2.5,7.0,50.0,29.5,102.47
0.44,0.0,0.0,400.0,0.0,140.0,875.0,875.0,10.5,35.0,16.0,2.5,7.0,50.0,25.5,114.76
0.44,0.0,0.0,400.0,0.0,140.0,895.0,895.0,10.5,35.0,16.0,2.5,7.0,50.0,16.0,114.96
0.44,0.0,0.0,400.0,0.0,140.0,840.0,840.0,10.5,35.0,16.0,2.5,28.0,50.0,30.0,114.43
0.39,0.0,0.0,400.0,0.0,120.0,860.0,860.0,10.5,35.0,16.0,2.5,28.0,50.0,32.5,102.47
0.44,0.0,0.0,400.0,0.0,140.0,875.0,875.0,10.5,35.0,16.0,2.5,28.0,50.0,27.5,114.76
0.44,0.0,0.0,400.0,0.0,140.0,895.0,895.0,10.5,35.0,16.0,2.5,28.0,50.0,18.0,114.96
0.44,0.0,0.0,400.0,0.0,140.0,875.0,875.0,10.5,35.0,16.0,3.33,7.0,50.0,32.0,108.13
0.44,0.0,0.0,400.0,0.0,140.0,830.0,830.0,10.5,35.0,16.0,2.5,7.0,50.0,25.5,114.33
0.44,0.0,0.0,400.0,0.0,140.0,875.0,875.0,47.0,35.0,16.0,2.0,7.0,50.0,23.0,189.15
0.44,0.0,0.0,400.0,0.0,140.0,875.0,875.0,10.5,35.0,16.0,3.33,28.0,50.0,35.5,108.13
0.44,0.0,0.0,400.0,0.0,140.0,830.0,830.0,10.5,35.0,16.0,2.5,28.0,50.0,27.5,114.33
0.44,0.0,0.0,400.0,0.0,140.0,875.0,875.0,47.0,35.0,16.0,2.0,28.0,50.0,25.0,189.15
0.45,0.0,0.0,350.0,0.0,157.5,555.9,1032.39,0.0,0.0,15.0,2.0,3.0,70.0,42.6,107.15
0.55,0.0,0.0,350.0,0.0,192.5,602.23,1118.42,0.0,0.0,15.0,2.0,3.0,70.0,43.7,129.59
0.65,0.0,0.0,350.0,0.0,227.5,648.55,1204.45,0.0,0.0,15.0,2.0,3.0,70.0,43.5,152.03
0.75,0.0,0.0,350.0,0.0,262.5,694.88,1290.48,0.0,0.0,15.0,2.0,3.0,70.0,42.9,174.47
0.75,0.0,0.0,350.0,0.0,262.5,555.9,1032.39,0.0,0.0,15.0,2.25,3.0,70.0,43.2,167.25
0.45,0.0,0.0,350.0,0.0,157.5,602.23,1118.42,0.0,0.0,15.0,2.25,3.0,70.0,43.6,104.6
0.55,0.0,0.0,350.0,0.0,192.5,648.55,1204.45,0.0,0.0,15.0,2.25,3.0,70.0,44.5,126.33
0.65,0.0,0.0,350.0,0.0,227.5,694.88,1290.48,0.0,0.0,15.0,2.25,3.0,70.0,43.8,148.06
0.65,0.0,0.0,350.0,0.0,227.5,555.9,1032.39,0.0,0.0,15.0,2.5,3.0,70.0,45.9,142.21
0.75,0.0,0.0,350.0,0.0,262.5,602.23,1118.42,0.0,0.0,15.0,2.5,3.0,70.0,46.3,163.33
0.55,0.0,0.0,350.0,0.0,192.5,648.55,1204.45,0.0,0.0,15.0,2.5,3.0,70.0,47.4,122.99
0.45,0.0,0.0,350.0,0.0,157.5,694.88,1290.48,0.0,0.0,15.0,2.5,3.0,70.0,46.8,103.13
0.75,0.0,0.0,350.0,0.0,262.5,555.9,1032.39,0.0,0.0,15.0,2.75,3.0,70.0,44.9,158.75
0.65,0.0,0.0,350.0,0.0,227.5,602.23,1118.42,0.0,0.0,15.0,2.75,3.0,70.0,45.7,139.43
0.55,0.0,0.0,350.0,0.0,192.5,648.55,1204.45,0.0,0.0,15.0,2.75,3.0,70.0,46.3,120.1
0.45,0.0,0.0,350.0,0.0,157.5,694.88,1290.48,0.0,0.0,15.0,2.75,3.0,70.0,45.3,100.77
0.55,0.0,0.0,350.0,0.0,192.5,555.9,1297.1,0.0,0.0,5.0,2.5,3.0,60.0,42.3,80.86
0.55,0.0,0.0,350.0,0.0,192.5,648.55,1204.45,0.0,0.0,5.0,2.5,3.0,70.0,42.8,80.86
0.55,0.0,0.0,350.0,0.0,192.5,741.2,1111.8,0.0,0.0,5.0,2.5,3.0,80.0,43.7,80.86
0.55,0.0,0.0,350.0,0.0,192.5,833.85,1019.15,0.0,0.0,5.0,2.5,3.0,90.0,43.3,80.86
0.55,0.0,0.0,350.0,0.0,192.5,833.85,1019.15,0.0,0.0,10.0,2.5,3.0,60.0,46.8,101.92
0.55,0.0,0.0,350.0,0.0,192.5,555.9,1297.1,0.0,0.0,10.0,2.5,3.0,70.0,47.7,101.92
0.55,0.0,0.0,350.0,0.0,192.5,648.55,1204.45,0.0,0.0,10.0,2.5,3.0,80.0,48.8,101.92
0.55,0.0,0.0,350.0,0.0,192.5,741.2,1111.8,0.0,0.0,10.0,2.5,3.0,90.0,48.4,101.92
0.55,0.0,0.0,350.0,0.0,192.5,741.2,1111.8,0.0,0.0,15.0,2.5,3.0,60.0,46.5,122.99
0.55,0.0,0.0,350.0,0.0,192.5,833.85,1019.15,0.0,0.0,15.0,2.5,3.0,70.0,47.0,122.99
0.55,0.0,0.0,350.0,0.0,192.5,648.55,1204.45,0.0,0.0,15.0,2.5,3.0,80.0,47.4,122.99
0.55,0.0,0.0,350.0,0.0,192.5,555.9,1297.1,0.0,0.0,15.0,2.5,3.0,90.0,46.9,122.99
0.55,0.0,0.0,350.0,0.0,192.5,833.85,1019.15,0.0,0.0,20.0,2.5,3.0,60.0,44.7,144.05
0.55,0.0,0.0,350.0,0.0,192.5,741.2,1111.8,0.0,0.0,20.0,2.5,3.0,70.0,45.1,144.05
0.55,0.0,0.0,350.0,0.0,192.5,648.55,1204.45,0.0,0.0,20.0,2.5,3.0,80.0,45.3,144.05
0.55,0.0,0.0,350.0,0.0,192.5,555.9,1297.1,0.0,0.0,20.0,2.5,3.0,90.0,44.9,144.05
0.55,0.0,0.0,280.0,0.0,154.0,643.0,1210.0,6.0,0.0,10.0,2.5,3.0,8.0,35.4,94.6
0.55,0.0,0.0,290.0,0.0,159.5,643.0,1210.0,6.0,0.0,10.0,2.5,3.0,8.0,36.7,97.26
0.55,0.0,0.0,300.0,0.0,165.0,643.0,1210.0,6.0,0.0,10.0,2.5,3.0,8.0,38.2,99.91
0.55,0.0,0.0,310.0,0.0,170.5,643.0,1210.0,6.0,0.0,10.0,2.5,3.0,8.0,39.4,102.57
0.55,0.0,0.0,320.0,0.0,176.0,643.0,1210.0,6.0,0.0,10.0,2.5,3.0,8.0,41.1,105.23
0.55,0.0,0.0,330.0,0.0,181.5,643.0,1210.0,6.0,0.0,10.0,2.5,3.0,8.0,42.3,107.89
0.4,410.0,0.0,0.0,0.0,0.0,667.0,1191.0,4.1,164.0,0.0,0.0,3.0,30.0,17.0,361.03
0.55,0.0,0.0,320.0,0.0,176.0,647.0,1206.0,6.0,0.0,10.0,2.5,3.0,30.0,42.0,105.23
0.55,0.0,16.0,304.0,0.0,176.0,647.0,1206.0,6.0,0.0,10.0,2.5,3.0,30.0,45.0,106.0
0.55,0.0,32.0,288.0,0.0,176.0,647.0,1206.0,6.0,0.0,10.0,2.5,3.0,30.0,51.0,106.77
0.55,0.0,48.0,272.0,0.0,176.0,647.0,1206.0,6.0,0.0,10.0,2.5,3.0,30.0,58.0,107.53
0.55,0.0,64.0,256.0,0.0,176.0,647.0,1206.0,6.0,0.0,10.0,2.5,3.0,30.0,63.0,108.3
0.4,410.0,0.0,0.0,0.0,0.0,667.0,1191.0,4.1,164.0,0.0,0.0,7.0,30.0,32.0,361.03
0.55,0.0,0.0,320.0,0.0,176.0,647.0,1206.0,6.0,0.0,10.0,2.5,7.0,30.0,43.0,105.23
0.55,0.0,16.0,304.0,0.0,176.0,647.0,1206.0,6.0,0.0,10.0,2.5,7.0,30.0,44.0,106.0
0.55,0.0,32.0,288.0,0.0,176.0,647.0,1206.0,6.0,0.0,10.0,2.5,7.0,30.0,53.0,106.77
0.55,0.0,48.0,272.0,0.0,176.0,647.0,1206.0,6.0,0.0,10.0,2.5,7.0,30.0,59.0,107.53
0.55,0.0,64.0,256.0,0.0,176.0,647.0,1206.0,6.0,0.0,10.0,2.5,7.0,30.0,63.0,108.3
0.4,410.0,0.0,0.0,0.0,0.0,667.0,1191.0,4.1,164.0,0.0,0.0,28.0,30.0,46.0,361.03
0.55,0.0,0.0,320.0,0.0,176.0,647.0,1206.0,6.0,0.0,10.0,2.5,28.0,30.0,45.5,105.23
0.55,0.0,16.0,304.0,0.0,176.0,647.0,1206.0,6.0,0.0,10.0,2.5,28.0,30.0,48.5,106.0
0.55,0.0,32.0,288.0,0.0,176.0,647.0,1206.0,6.0,0.0,10.0,2.5,28.0,30.0,55.0,106.77
0.55,0.0,48.0,272.0,0.0,176.0,647.0,1206.0,6.0,0.0,10.0,2.5,28.0,30.0,60.0,107.53
0.55,0.0,64.0,256.0,0.0,176.0,647.0,1206.0,6.0,0.0,10.0,2.5,28.0,30.0,64.5,108.3
0.4,410.0,0.0,0.0,0.0,0.0,667.0,1191.0,4.1,164.0,0.0,0.0,90.0,30.0,50.0,361.03
0.55,0.0,0.0,320.0,0.0,176.0,647.0,1206.0,6.0,0.0,10.0,2.5,90.0,30.0,46.0,105.23
0.55,0.0,16.0,304.0,0.0,176.0,647.0,1206.0,6.0,0.0,10.0,2.5,90.0,30.0,50.0,106.0
0.55,0.0,32.0,288.0,0.0,176.0,647.0,1206.0,6.0,0.0,10.0,2.5,90.0,30.0,58.0,106.77
0.55,0.0,48.0,272.0,0.0,176.0,647.0,1206.0,6.0,0.0,10.0,2.5,90.0,30.0,61.0,107.53
0.55,0.0,64.0,256.0,0.0,176.0,647.0,1206.0,6.0,0.0,10.0,2.5,90.0,30.0,65.0,108.3
0.35,390.0,0.0,58.0,0.0,0.0,874.0,881.0,9.75,156.0,0.0,0.0,28.0,30.0,25.5,354.59
0.5,384.0,0.0,0.0,38.0,0.0,836.0,863.0,9.22,211.2,0.0,0.0,28.0,30.0,29.0,348.57
0.33,540.0,0.0,60.0,0.0,0.0,900.0,750.0,12.0,200.0,0.0,0.0,28.0,30.0,78.05,484.32
0.32,420.0,0.0,180.0,0.0,0.0,900.0,750.0,12.0,192.0,0.0,0.0,28.0,30.0,79.19,384.0
0.33,570.0,0.0,0.0,30.0,0.0,900.0,750.0,12.0,200.0,0.0,0.0,28.0,30.0,80.42,509.7
0.32,540.0,0.0,0.0,60.0,0.0,900.0,750.0,12.0,192.0,0.0,0.0,28.0,30.0,79.18,484.92
0.33,360.0,0.0,180.0,60.0,0.0,900.0,750.0,12.0,200.0,0.0,0.0,28.0,30.0,70.67,334.44
0.28,407.0,0.0,244.0,0.0,0.0,815.0,761.0,7.5,181.0,0.0,0.0,28.0,30.0,70.4,364.52
0.27,428.0,0.0,257.0,0.0,0.0,788.0,736.0,7.9,188.0,0.0,0.0,28.0,30.0,74.5,382.72
0.27,438.0,0.0,263.0,0.0,0.0,774.0,723.0,8.1,191.0,0.0,0.0,28.0,30.0,69.5,391.39
0.26,458.0,0.0,275.0,0.0,0.0,748.0,698.0,8.4,190.0,0.0,0.0,28.0,30.0,68.2,408.55
0.35,350.0,0.0,0.0,150.0,0.0,900.0,600.0,7.35,175.0,0.0,0.0,28.0,30.0,48.88,317.12
0.35,300.0,0.0,0.0,200.0,0.0,900.0,600.0,6.21,175.0,0.0,0.0,28.0,30.0,42.23,273.67
0.35,250.0,0.0,0.0,250.0,0.0,900.0,600.0,5.0,175.0,0.0,0.0,28.0,30.0,35.14,230.1
0.47,408.5,0.0,21.5,0.0,0.0,1135.0,630.0,3.68,200.0,0.0,0.0,28.0,30.0,53.01,358.62
0.47,387.0,0.0,43.0,0.0,0.0,1135.0,630.0,3.29,200.0,0.0,0.0,28.0,30.0,51.04,339.91
0.47,365.5,0.0,64.5,0.0,0.0,1135.0,630.0,3.11,200.0,0.0,0.0,28.0,30.0,50.98,321.6
0.47,344.0,0.0,86.0,0.0,0.0,1135.0,630.0,2.75,200.0,0.0,0.0,28.0,30.0,50.37,302.95
0.47,322.5,0.0,107.5,0.0,0.0,1135.0,630.0,2.58,200.0,0.0,0.0,28.0,30.0,43.98,284.65
0.47,301.0,0.0,129.0,0.0,0.0,1135.0,630.0,2.26,200.0,0.0,0.0,28.0,30.0,44.0,266.08
0.47,279.5,0.0,150.5,0.0,0.0,1135.0,630.0,2.1,200.0,0.0,0.0,28.0,30.0,44.34,247.8
0.47,258.0,0.0,172.0,0.0,0.0,1135.0,630.0,1.68,200.0,0.0,0.0,28.0,30.0,43.18,229.04
0.44,360.0,0.0,90.0,0.0,0.0,813.0,855.0,3.2,198.0,0.0,0.0,28.0,30.0,68.0,316.78
0.44,270.0,0.0,180.0,0.0,0.0,801.0,842.0,2.9,198.0,0.0,0.0,28.0,30.0,60.3,240.86
0.44,180.0,0.0,270.0,0.0,0.0,788.0,829.0,3.0,198.0,0.0,0.0,28.0,30.0,42.5,165.68
0.44,360.0,90.0,0.0,0.0,0.0,824.0,866.0,3.7,198.0,0.0,0.0,28.0,30.0,72.6,322.15
0.44,270.0,180.0,0.0,0.0,0.0,821.0,863.0,3.4,198.0,0.0,0.0,28.0,30.0,74.9,250.64
0.44,180.0,270.0,0.0,0.0,0.0,819.0,861.0,2.8,198.0,0.0,0.0,28.0,30.0,65.7,178.57
0.44,428.0,0.0,0.0,22.5,0.0,823.0,865.0,4.9,198.0,0.0,0.0,28.0,30.0,71.2,377.15
0.44,405.0,0.0,0.0,45.0,0.0,819.0,861.0,5.2,198.0,0.0,0.0,28.0,30.0,76.1,358.67
0.44,383.0,0.0,0.0,67.5,0.0,816.0,858.0,7.8,198.0,0.0,0.0,28.0,30.0,74.8,345.36
0.44,360.0,0.0,67.5,22.5,0.0,813.0,855.0,4.2,198.0,0.0,0.0,28.0,30.0,67.2,318.89
0.44,270.0,0.0,135.0,45.0,0.0,801.0,841.0,4.5,198.0,0.0,0.0,28.0,30.0,57.6,244.31
0.44,180.0,0.0,202.5,67.5,0.0,788.0,828.0,4.8,198.0,0.0,0.0,28.0,30.0,44.9,169.74
0.44,360.0,67.5,0.0,22.5,0.0,821.0,863.0,4.0,198.0,0.0,0.0,28.0,30.0,68.0,321.83
0.44,270.0,135.0,0.0,45.0,0.0,816.0,857.0,4.6,198.0,0.0,0.0,28.0,30.0,68.2,251.13
0.44,180.0,202.5,0.0,67.5,0.0,810.0,852.0,5.8,198.0,0.0,0.0,28.0,30.0,70.7,181.56
0.44,360.0,45.0,45.0,0.0,0.0,819.0,861.0,3.2,198.0,0.0,0.0,28.0,30.0,78.0,319.0
0.44,270.0,90.0,90.0,0.0,0.0,811.0,853.0,3.2,198.0,0.0,0.0,28.0,30.0,69.2,245.84
0.44,180.0,135.0,135.0,0.0,0.0,803.0,845.0,2.8,198.0,0.0,0.0,28.0,30.0,60.6,171.93
0.44,360.0,33.8,33.8,22.5,0.0,817.0,859.0,4.2,198.0,0.0,0.0,28.0,30.0,76.0,320.55
0.44,270.0,67.5,67.5,45.0,0.0,808.0,849.0,4.2,198.0,0.0,0.0,28.0,30.0,66.8,247.06
0.44,180.0,101.3,101.3,67.5,0.0,799.0,840.0,5.0,198.0,0.0,0.0,28.0,30.0,55.2,175.09
0.41,465.0,0.0,85.0,0.0,0.0,910.0,590.0,10.73,227.7,0.0,0.0,28.0,30.0,35.19,418.31
0.42,440.0,0.0,110.0,0.0,0.0,910.0,590.0,11.01,228.6,0.0,0.0,28.0,30.0,33.15,397.94
0.42,415.0,0.0,135.0,0.0,0.0,910.0,590.0,9.91,233.3,0.0,0.0,28.0,30.0,31.47,374.97
0.43,385.0,0.0,165.0,0.0,0.0,910.0,590.0,9.91,234.4,0.0,0.0,28.0,30.0,30.66,349.89
0.44,355.0,0.0,195.0,0.0,0.0,910.0,590.0,9.91,241.6,0.0,0.0,28.0,30.0,29.62,324.81
0.32,440.0,0.0,82.5,27.5,0.0,713.0,916.0,8.22,176.0,0.0,0.0,28.0,30.0,79.2,393.59
0.32,330.0,0.0,165.0,55.0,0.0,699.0,898.0,9.11,176.0,0.0,0.0,28.0,30.0,67.2,303.42
0.32,220.0,0.0,247.5,82.5,0.0,685.0,880.0,8.89,176.0,0.0,0.0,28.0,30.0,59.9,211.17
0.32,440.0,82.5,0.0,27.5,0.0,721.0,927.0,9.78,176.0,0.0,0.0,28.0,30.0,79.6,400.57
0.32,330.0,165.0,0.0,55.0,0.0,716.0,920.0,10.78,176.0,0.0,0.0,28.0,30.0,87.5,314.67
0.32,220.0,247.5,0.0,82.5,0.0,710.0,912.0,10.22,176.0,0.0,0.0,28.0,30.0,84.5,225.82
0.32,440.0,55.0,55.0,0.0,0.0,720.0,924.0,8.0,176.0,0.0,0.0,28.0,30.0,76.9,395.61
0.32,330.0,110.0,110.0,0.0,0.0,711.0,913.0,7.5,176.0,0.0,0.0,28.0,30.0,62.2,305.26
0.32,220.0,165.0,165.0,0.0,0.0,703.0,903.0,4.44,176.0,0.0,0.0,28.0,30.0,69.3,210.1
0.32,440.0,41.3,41.3,27.5,0.0,717.0,922.0,6.4,176.0,0.0,0.0,28.0,30.0,78.6,392.2
0.32,330.0,82.5,82.5,55.0,0.0,707.0,909.0,6.48,176.0,0.0,0.0,28.0,30.0,72.7,302.53
0.32,220.0,123.8,123.8,82.5,0.0,697.0,896.0,8.0,176.0,0.0,0.0,28.0,30.0,64.3,215.57
0.27,413.0,0.0,108.0,59.0,0.0,790.0,968.0,2.0,155.0,0.0,0.0,28.0,30.0,118.0,360.38
0.27,413.0,0.0,108.0,59.0,0.0,790.0,968.0,1.75,155.0,0.0,0.0,28.0,30.0,119.0,359.91
0.35,460.0,0.0,0.0,0.0,0.0,693.81,1085.2,1.1,161.0,0.0,0.0,28.0,30.0,68.0,397.01
0.35,368.0,0.0,92.0,0.0,0.0,693.81,1085.2,0.88,161.0,0.0,0.0,28.0,30.0,66.0,319.68
0.35,322.0,0.0,138.0,0.0,0.0,693.81,1085.2,0.77,161.0,0.0,0.0,28.0,30.0,58.0,281.02
0.35,276.0,0.0,184.0,0.0,0.0,693.81,1085.2,0.66,161.0,0.0,0.0,28.0,30.0,56.0,242.36
0.35,368.0,92.0,0.0,0.0,0.0,693.81,1085.2,0.88,161.0,0.0,0.0,28.0,30.0,66.0,324.1
0.35,322.0,138.0,0.0,0.0,0.0,693.81,1085.2,0.77,161.0,0.0,0.0,28.0,30.0,61.5,287.64
0.35,276.0,184.0,0.0,0.0,0.0,693.81,1085.2,0.66,161.0,0.0,0.0,28.0,30.0,58.0,251.19
0.58,319.0,0.0,0.0,0.0,0.0,368.0,1600.0,0.0,185.0,0.0,0.0,28.0,30.0,44.2,277.41
0.37,500.0,0.0,0.0,0.0,0.0,337.0,1467.0,0.0,185.0,0.0,0.0,28.0,30.0,74.5,428.66
0.29,552.0,0.0,0.0,0.0,0.0,342.0,1486.0,5.52,160.0,0.0,0.0,28.0,30.0,91.3,482.83
0.26,600.0,0.0,0.0,0.0,0.0,336.0,1462.0,7.2,155.0,0.0,0.0,28.0,30.0,92.3,526.17
0.37,412.5,0.0,137.5,0.0,0.0,612.7,520.1,0.0,203.5,0.0,0.0,28.0,30.0,44.0,352.49
0.37,401.5,0.0,137.5,11.0,0.0,610.9,518.6,0.0,203.5,0.0,0.0,28.0,30.0,50.0,343.39
0.37,385.0,0.0,137.5,27.5,0.0,608.8,516.8,0.0,203.5,0.0,0.0,28.0,30.0,52.0,329.74
0.37,412.5,0.0,137.5,0.0,0.0,612.7,523.1,0.0,203.5,0.0,0.0,28.0,30.0,54.0,352.5
0.37,401.5,0.0,137.5,11.0,0.0,610.9,521.6,0.0,203.5,0.0,0.0,28.0,30.0,62.0,343.4
0.37,385.0,0.0,137.5,27.5,0.0,608.8,519.8,0.0,203.5,0.0,0.0,28.0,30.0,65.0,329.75
0.5,337.5,0.0,112.5,0.0,0.0,626.5,531.9,0.0,225.0,0.0,0.0,28.0,30.0,30.0,289.51
0.5,328.5,0.0,112.5,9.0,0.0,625.1,530.6,0.0,225.0,0.0,0.0,28.0,30.0,32.0,282.06
0.5,315.0,0.0,112.5,22.5,0.0,623.4,529.2,0.0,225.0,0.0,0.0,28.0,30.0,33.0,270.9
0.5,337.5,0.0,112.5,0.0,0.0,626.1,534.9,0.0,225.0,0.0,0.0,28.0,30.0,34.0,289.52
0.5,328.5,0.0,112.5,9.0,0.0,625.1,533.7,0.0,225.0,0.0,0.0,28.0,30.0,40.0,282.08
0.5,315.0,0.0,112.5,22.5,0.0,623.4,532.2,0.0,225.0,0.0,0.0,28.0,30.0,46.0,270.91
0.34,250.0,0.0,160.0,0.0,0.0,742.0,837.0,1.25,137.5,0.0,0.0,28.0,30.0,26.4,220.57
0.34,250.0,0.0,160.0,0.0,0.0,739.0,837.0,0.0,137.5,0.0,0.0,28.0,30.0,27.3,218.2
0.3,210.0,0.0,100.0,0.0,0.0,1066.0,837.0,0.42,94.5,0.0,0.0,28.0,30.0,54.3,186.72
0.37,317.0,0.0,160.0,0.0,0.0,594.0,837.0,1.59,174.35,0.0,0.0,28.0,30.0,29.1,276.77
0.32,210.0,0.0,220.0,0.0,0.0,562.0,837.0,0.42,136.5,0.0,0.0,28.0,30.0,10.2,184.78
0.34,250.0,0.0,160.0,0.0,0.0,742.0,837.0,1.25,137.5,0.0,0.0,28.0,30.0,25.3,220.57
0.23,250.0,0.0,160.0,0.0,0.0,919.0,837.0,1.25,95.0,0.0,0.0,28.0,30.0,36.3,221.42
0.34,250.0,0.0,160.0,0.0,0.0,746.0,837.0,2.5,137.5,0.0,0.0,28.0,30.0,26.7,222.94
0.44,250.0,0.0,160.0,0.0,0.0,566.0,837.0,1.25,180.0,0.0,0.0,28.0,30.0,11.0,219.72
0.29,183.0,0.0,160.0,0.0,0.0,891.0,837.0,0.92,100.65,0.0,0.0,28.0,30.0,22.1,164.37
0.33,467.0,0.0,83.0,0.0,0.0,865.0,762.0,8.53,182.0,0.0,0.0,28.0,30.0,74.2,416.46
0.33,412.0,0.0,138.0,0.0,0.0,887.0,752.0,8.25,182.0,0.0,0.0,28.0,30.0,73.4,370.01
0.33,357.0,0.0,193.0,0.0,0.0,878.0,742.0,7.98,182.0,0.0,0.0,28.0,30.0,67.5,323.43
0.33,440.0,110.0,0.0,0.0,0.0,866.0,775.0,9.35,182.0,0.0,0.0,28.0,30.0,77.9,400.77
0.33,330.0,220.0,0.0,0.0,0.0,863.0,772.0,9.08,182.0,0.0,0.0,28.0,30.0,74.8,313.56
0.33,220.0,330.0,0.0,0.0,0.0,861.0,769.0,8.8,182.0,0.0,0.0,28.0,30.0,71.6,226.33
0.33,290.0,0.0,100.0,0.0,0.0,913.0,837.0,2.32,130.5,0.0,0.0,28.0,30.0,42.7,256.76
0.27,250.0,0.0,261.0,0.0,0.0,478.0,837.0,1.25,137.5,0.0,0.0,28.0,30.0,17.0,219.71
0.44,210.0,0.0,100.0,0.0,0.0,910.0,837.0,1.68,136.5,0.0,0.0,28.0,30.0,19.1,188.34
0.34,250.0,0.0,160.0,0.0,0.0,742.0,837.0,1.25,137.5,0.0,0.0,28.0,30.0,24.1,220.57
0.22,210.0,0.0,220.0,0.0,0.0,786.0,837.0,1.68,94.5,0.0,0.0,28.0,30.0,26.7,188.23
0.48,290.0,0.0,100.0,0.0,0.0,709.0,837.0,0.58,188.5,0.0,0.0,28.0,30.0,26.6,252.51
0.26,290.0,0.0,220.0,0.0,0.0,625.0,837.0,0.58,130.5,0.0,0.0,28.0,30.0,32.9,252.59
0.34,250.0,0.0,160.0,0.0,0.0,742.0,837.0,1.25,137.5,0.0,0.0,28.0,30.0,26.0,220.57
0.34,250.0,0.0,160.0,0.0,0.0,742.0,837.0,1.25,137.5,0.0,0.0,28.0,30.0,28.5,220.57
0.3,350.0,0.0,0.0,0.0,0.0,832.3,1197.7,12.25,105.0,0.0,0.0,3.0,20.0,61.0,326.77
0.3,280.0,70.0,0.0,0.0,0.0,830.25,1194.75,11.55,105.0,0.0,0.0,3.0,20.0,49.1,270.27
0.3,210.0,140.0,0.0,0.0,0.0,826.15,1188.85,8.75,105.0,0.0,0.0,3.0,20.0,48.3,209.8
0.3,140.0,210.0,0.0,0.0,0.0,824.1,1185.9,7.0,105.0,0.0,0.0,3.0,20.0,31.9,151.33
0.3,70.0,280.0,0.0,0.0,0.0,820.0,1180.0,5.6,105.0,0.0,0.0,3.0,20.0,22.0,93.49
0.4,350.0,0.0,0.0,0.0,0.0,795.4,1144.6,5.25,140.0,0.0,0.0,3.0,20.0,45.9,313.18
0.4,280.0,70.0,0.0,0.0,0.0,791.3,1138.7,4.2,140.0,0.0,0.0,3.0,20.0,39.0,256.0
0.4,210.0,140.0,0.0,0.0,0.0,789.25,1135.75,3.5,140.0,0.0,0.0,3.0,20.0,31.9,199.5
0.4,140.0,210.0,0.0,0.0,0.0,785.15,1129.85,1.75,140.0,0.0,0.0,3.0,20.0,27.3,141.0
0.4,70.0,280.0,0.0,0.0,0.0,783.1,1126.9,2.8,140.0,0.0,0.0,3.0,20.0,18.9,87.79
0.5,350.0,0.0,0.0,0.0,0.0,756.45,1088.55,0.7,175.0,0.0,0.0,3.0,20.0,38.0,304.17
0.5,280.0,70.0,0.0,0.0,0.0,754.4,1085.6,0.0,175.0,0.0,0.0,3.0,20.0,29.8,247.67
0.5,210.0,140.0,0.0,0.0,0.0,750.3,1079.7,0.0,175.0,0.0,0.0,3.0,20.0,24.3,192.46
0.5,140.0,210.0,0.0,0.0,0.0,748.25,1076.75,0.0,175.0,0.0,0.0,3.0,20.0,16.8,137.28
0.5,70.0,280.0,0.0,0.0,0.0,744.15,1070.85,0.0,175.0,0.0,0.0,3.0,20.0,12.1,82.07
0.3,400.0,0.0,0.0,0.0,0.0,799.5,1150.5,16.0,120.0,0.0,0.0,3.0,20.0,62.5,375.44
0.3,320.0,80.0,0.0,0.0,0.0,795.4,1144.6,14.0,120.0,0.0,0.0,3.0,20.0,51.4,308.59
0.3,240.0,160.0,0.0,0.0,0.0,793.35,1141.65,9.6,120.0,0.0,0.0,3.0,20.0,48.5,237.26
0.3,160.0,240.0,0.0,0.0,0.0,789.25,1135.75,6.0,120.0,0.0,0.0,3.0,20.0,32.3,167.4
0.3,80.0,320.0,0.0,0.0,0.0,785.15,1129.85,4.8,120.0,0.0,0.0,3.0,20.0,24.5,102.06
0.4,400.0,0.0,0.0,0.0,0.0,756.45,1088.55,6.0,160.0,0.0,0.0,3.0,20.0,49.2,356.14
0.4,320.0,80.0,0.0,0.0,0.0,752.35,1082.65,4.0,160.0,0.0,0.0,3.0,20.0,41.0,289.29
0.4,240.0,160.0,0.0,0.0,0.0,748.25,1076.75,4.0,160.0,0.0,0.0,3.0,20.0,33.4,226.2
0.4,160.0,240.0,0.0,0.0,0.0,746.2,1073.8,2.4,160.0,0.0,0.0,3.0,20.0,26.0,160.13
0.4,80.0,320.0,0.0,0.0,0.0,742.1,1067.9,3.6,160.0,0.0,0.0,3.0,20.0,22.2,99.3
0.5,400.0,0.0,0.0,0.0,0.0,711.35,1023.65,0.4,200.0,0.0,0.0,3.0,20.0,26.2,345.08
0.5,320.0,80.0,0.0,0.0,0.0,709.3,1020.7,0.0,200.0,0.0,0.0,3.0,20.0,22.9,281.26
0.5,240.0,160.0,0.0,0.0,0.0,705.2,1014.8,0.0,200.0,0.0,0.0,3.0,20.0,17.4,218.18
0.5,160.0,240.0,0.0,0.0,0.0,701.1,1008.9,0.0,200.0,0.0,0.0,3.0,20.0,14.4,155.09
0.5,80.0,320.0,0.0,0.0,0.0,699.05,1005.95,0.0,200.0,0.0,0.0,3.0,20.0,8.4,92.02
0.3,450.0,0.0,0.0,0.0,0.0,764.65,1100.35,18.0,135.0,0.0,0.0,3.0,20.0,63.8,420.79
0.3,360.0,90.0,0.0,0.0,0.0,762.6,1097.4,14.4,135.0,0.0,0.0,3.0,20.0,58.0,343.08
0.3,270.0,180.0,0.0,0.0,0.0,758.5,1091.5,11.7,135.0,0.0,0.0,3.0,20.0,49.8,267.04
0.3,180.0,270.0,0.0,0.0,0.0,754.4,1085.6,9.0,135.0,0.0,0.0,3.0,20.0,36.8,190.99
0.3,90.0,360.0,0.0,0.0,0.0,750.3,1079.7,8.1,135.0,0.0,0.0,3.0,20.0,26.3,118.33
0.4,450.0,0.0,0.0,0.0,0.0,717.5,1032.5,4.5,180.0,0.0,0.0,3.0,20.0,53.0,394.86
0.4,360.0,90.0,0.0,0.0,0.0,713.4,1026.6,3.6,180.0,0.0,0.0,3.0,20.0,45.8,322.2
0.4,270.0,180.0,0.0,0.0,0.0,709.3,1020.7,2.25,180.0,0.0,0.0,3.0,20.0,35.9,248.69
0.4,180.0,270.0,0.0,0.0,0.0,705.2,1014.8,2.25,180.0,0.0,0.0,3.0,20.0,26.9,177.73
0.4,90.0,360.0,0.0,0.0,0.0,701.1,1008.9,1.35,180.0,0.0,0.0,3.0,20.0,22.6,105.07
0.5,450.0,0.0,0.0,0.0,0.0,668.3,961.7,0.0,225.0,0.0,0.0,3.0,20.0,25.8,385.82
0.5,360.0,90.0,0.0,0.0,0.0,664.2,955.8,0.0,225.0,0.0,0.0,3.0,20.0,21.3,314.86
0.5,270.0,180.0,0.0,0.0,0.0,660.1,949.9,0.0,225.0,0.0,0.0,3.0,20.0,16.7,243.89
0.5,180.0,270.0,0.0,0.0,0.0,656.0,944.0,0.0,225.0,0.0,0.0,3.0,20.0,13.0,172.92
0.5,90.0,360.0,0.0,0.0,0.0,651.9,938.1,0.0,225.0,0.0,0.0,3.0,20.0,9.0,101.95
0.3,350.0,0.0,0.0,0.0,0.0,832.3,1197.7,12.25,105.0,0.0,0.0,7.0,20.0,69.4,326.77
0.3,280.0,70.0,0.0,0.0,0.0,830.25,1194.75,11.55,105.0,0.0,0.0,7.0,20.0,68.3,270.27
0.3,210.0,140.0,0.0,0.0,0.0,826.15,1188.85,8.75,105.0,0.0,0.0,7.0,20.0,64.2,209.8
0.3,140.0,210.0,0.0,0.0,0.0,824.1,1185.9,7.0,105.0,0.0,0.0,7.0,20.0,57.3,151.33
0.3,70.0,280.0,0.0,0.0,0.0,820.0,1180.0,5.6,105.0,0.0,0.0,7.0,20.0,45.8,93.49
0.4,350.0,0.0,0.0,0.0,0.0,795.4,1144.6,5.25,140.0,0.0,0.0,7.0,20.0,54.8,313.18
0.4,280.0,70.0,0.0,0.0,0.0,791.3,1138.7,4.2,140.0,0.0,0.0,7.0,20.0,50.9,256.0
0.4,210.0,140.0,0.0,0.0,0.0,789.25,1135.75,3.5,140.0,0.0,0.0,7.0,20.0,49.1,199.5
0.4,140.0,210.0,0.0,0.0,0.0,785.15,1129.85,1.75,140.0,0.0,0.0,7.0,20.0,46.9,141.0
0.4,70.0,280.0,0.0,0.0,0.0,783.1,1126.9,2.8,140.0,0.0,0.0,7.0,20.0,37.3,87.79
0.5,350.0,0.0,0.0,0.0,0.0,756.45,1088.55,0.7,175.0,0.0,0.0,7.0,20.0,44.5,304.17
0.5,280.0,70.0,0.0,0.0,0.0,754.4,1085.6,0.0,175.0,0.0,0.0,7.0,20.0,41.2,247.67
0.5,210.0,140.0,0.0,0.0,0.0,750.3,1079.7,0.0,175.0,0.0,0.0,7.0,20.0,36.9,192.46
0.5,140.0,210.0,0.0,0.0,0.0,748.25,1076.75,0.0,175.0,0.0,0.0,7.0,20.0,28.7,137.28
0.5,70.0,280.0,0.0,0.0,0.0,744.15,1070.85,0.0,175.0,0.0,0.0,7.0,20.0,21.8,82.07
0.3,400.0,0.0,0.0,0.0,0.0,799.5,1150.5,16.0,120.0,0.0,0.0,7.0,20.0,73.8,375.44
0.3,320.0,80.0,0.0,0.0,0.0,795.4,1144.6,14.0,120.0,0.0,0.0,7.0,20.0,69.0,308.59
0.3,240.0,160.0,0.0,0.0,0.0,793.35,1141.65,9.6,120.0,0.0,0.0,7.0,20.0,64.5,237.26
0.3,160.0,240.0,0.0,0.0,0.0,789.25,1135.75,6.0,120.0,0.0,0.0,7.0,20.0,58.3,167.4
0.3,80.0,320.0,0.0,0.0,0.0,785.15,1129.85,4.8,120.0,0.0,0.0,7.0,20.0,48.5,102.06
0.4,400.0,0.0,0.0,0.0,0.0,756.45,1088.55,6.0,160.0,0.0,0.0,7.0,20.0,53.7,356.14
0.4,320.0,80.0,0.0,0.0,0.0,752.35,1082.65,4.0,160.0,0.0,0.0,7.0,20.0,51.5,289.29
0.4,240.0,160.0,0.0,0.0,0.0,748.25,1076.75,4.0,160.0,0.0,0.0,7.0,20.0,50.6,226.2
0.4,160.0,240.0,0.0,0.0,0.0,746.2,1073.8,2.4,160.0,0.0,0.0,7.0,20.0,45.6,160.13
0.4,80.0,320.0,0.0,0.0,0.0,742.1,1067.9,3.6,160.0,0.0,0.0,7.0,20.0,38.6,99.3
0.5,400.0,0.0,0.0,0.0,0.0,711.35,1023.65,0.4,200.0,0.0,0.0,7.0,20.0,34.9,345.08
0.5,320.0,80.0,0.0,0.0,0.0,709.3,1020.7,0.0,200.0,0.0,0.0,7.0,20.0,34.2,281.26
0.5,240.0,160.0,0.0,0.0,0.0,705.2,1014.8,0.0,200.0,0.0,0.0,7.0,20.0,28.6,218.18
0.5,160.0,240.0,0.0,0.0,0.0,701.1,1008.9,0.0,200.0,0.0,0.0,7.0,20.0,23.8,155.09
0.5,80.0,320.0,0.0,0.0,0.0,699.05,1005.95,0.0,200.0,0.0,0.0,7.0,20.0,18.7,92.02
0.3,450.0,0.0,0.0,0.0,0.0,764.65,1100.35,18.0,135.0,0.0,0.0,7.0,20.0,75.7,420.79
0.3,360.0,90.0,0.0,0.0,0.0,762.6,1097.4,14.4,135.0,0.0,0.0,7.0,20.0,72.1,343.08
0.3,270.0,180.0,0.0,0.0,0.0,758.5,1091.5,11.7,135.0,0.0,0.0,7.0,20.0,66.4,267.04
0.3,180.0,270.0,0.0,0.0,0.0,754.4,1085.6,9.0,135.0,0.0,0.0,7.0,20.0,63.2,190.99
0.3,90.0,360.0,0.0,0.0,0.0,750.3,1079.7,8.1,135.0,0.0,0.0,7.0,20.0,50.2,118.33
0.4,450.0,0.0,0.0,0.0,0.0,717.5,1032.5,4.5,180.0,0.0,0.0,7.0,20.0,59.2,394.86
0.4,360.0,90.0,0.0,0.0,0.0,713.4,1026.6,3.6,180.0,0.0,0.0,7.0,20.0,60.3,322.2
0.4,270.0,180.0,0.0,0.0,0.0,709.3,1020.7,2.25,180.0,0.0,0.0,7.0,20.0,56.3,248.69
0.4,180.0,270.0,0.0,0.0,0.0,705.2,1014.8,2.25,180.0,0.0,0.0,7.0,20.0,38.6,177.73
0.4,90.0,360.0,0.0,0.0,0.0,701.1,1008.9,1.35,180.0,0.0,0.0,7.0,20.0,36.7,105.07
0.5,450.0,0.0,0.0,0.0,0.0,668.3,961.7,0.0,225.0,0.0,0.0,7.0,20.0,36.6,385.82
0.5,360.0,90.0,0.0,0.0,0.0,664.2,955.8,0.0,225.0,0.0,0.0,7.0,20.0,33.2,314.86
0.5,270.0,180.0,0.0,0.0,0.0,660.1,949.9,0.0,225.0,0.0,0.0,7.0,20.0,28.3,243.89
0.5,180.0,270.0,0.0,0.0,0.0,656.0,944.0,0.0,225.0,0.0,0.0,7.0,20.0,20.8,172.92
0.5,90.0,360.0,0.0,0.0,0.0,651.9,938.1,0.0,225.0,0.0,0.0,7.0,20.0,17.5,101.95
0.3,350.0,0.0,0.0,0.0,0.0,832.3,1197.7,12.25,105.0,0.0,0.0,28.0,20.0,75.8,326.77
0.3,280.0,70.0,0.0,0.0,0.0,830.25,1194.75,11.55,105.0,0.0,0.0,28.0,20.0,81.4,270.27
0.3,210.0,140.0,0.0,0.0,0.0,826.15,1188.85,8.75,105.0,0.0,0.0,28.0,20.0,81.0,209.8
0.3,140.0,210.0,0.0,0.0,0.0,824.1,1185.9,7.0,105.0,0.0,0.0,28.0,20.0,73.3,151.33
0.3,70.0,280.0,0.0,0.0,0.0,820.0,1180.0,5.6,105.0,0.0,0.0,28.0,20.0,62.7,93.49
0.4,350.0,0.0,0.0,0.0,0.0,795.4,1144.6,5.25,140.0,0.0,0.0,28.0,20.0,63.9,313.18
0.4,280.0,70.0,0.0,0.0,0.0,791.3,1138.7,4.2,140.0,0.0,0.0,28.0,20.0,65.8,256.0
0.4,210.0,140.0,0.0,0.0,0.0,789.25,1135.75,3.5,140.0,0.0,0.0,28.0,20.0,67.2,199.5
0.4,140.0,210.0,0.0,0.0,0.0,785.15,1129.85,1.75,140.0,0.0,0.0,28.0,20.0,61.8,141.0
0.4,70.0,280.0,0.0,0.0,0.0,783.1,1126.9,2.8,140.0,0.0,0.0,28.0,20.0,50.4,87.79
0.5,350.0,0.0,0.0,0.0,0.0,756.45,1088.55,0.7,175.0,0.0,0.0,28.0,20.0,53.6,304.17
0.5,280.0,70.0,0.0,0.0,0.0,754.4,1085.6,0.0,175.0,0.0,0.0,28.0,20.0,57.0,247.67
0.5,210.0,140.0,0.0,0.0,0.0,750.3,1079.7,0.0,175.0,0.0,0.0,28.0,20.0,55.9,192.46
0.5,140.0,210.0,0.0,0.0,0.0,748.25,1076.75,0.0,175.0,0.0,0.0,28.0,20.0,45.1,137.28
0.5,70.0,280.0,0.0,0.0,0.0,744.15,1070.85,0.0,175.0,0.0,0.0,28.0,20.0,29.9,82.07
0.3,400.0,0.0,0.0,0.0,0.0,799.5,1150.5,16.0,120.0,0.0,0.0,28.0,20.0,80.7,375.44
0.3,320.0,80.0,0.0,0.0,0.0,795.4,1144.6,14.0,120.0,0.0,0.0,28.0,20.0,81.4,308.59
0.3,240.0,160.0,0.0,0.0,0.0,793.35,1141.65,9.6,120.0,0.0,0.0,28.0,20.0,82.0,237.26
0.3,160.0,240.0,0.0,0.0,0.0,789.25,1135.75,6.0,120.0,0.0,0.0,28.0,20.0,77.8,167.4
0.3,80.0,320.0,0.0,0.0,0.0,785.15,1129.85,4.8,120.0,0.0,0.0,28.0,20.0,67.7,102.06
0.4,400.0,0.0,0.0,0.0,0.0,756.45,1088.55,6.0,160.0,0.0,0.0,28.0,20.0,63.9,356.14
0.4,320.0,80.0,0.0,0.0,0.0,752.35,1082.65,4.0,160.0,0.0,0.0,28.0,20.0,66.0,289.29
0.4,240.0,160.0,0.0,0.0,0.0,748.25,1076.75,4.0,160.0,0.0,0.0,28.0,20.0,66.9,226.2
0.4,160.0,240.0,0.0,0.0,0.0,746.2,1073.8,2.4,160.0,0.0,0.0,28.0,20.0,61.1,160.13
0.4,80.0,320.0,0.0,0.0,0.0,742.1,1067.9,3.6,160.0,0.0,0.0,28.0,20.0,53.1,99.3
0.5,400.0,0.0,0.0,0.0,0.0,711.35,1023.65,0.4,200.0,0.0,0.0,28.0,20.0,51.4,345.08
0.5,320.0,80.0,0.0,0.0,0.0,709.3,1020.7,0.0,200.0,0.0,0.0,28.0,20.0,52.6,281.26
0.5,240.0,160.0,0.0,0.0,0.0,705.2,1014.8,0.0,200.0,0.0,0.0,28.0,20.0,51.6,218.18
0.5,160.0,240.0,0.0,0.0,0.0,701.1,1008.9,0.0,200.0,0.0,0.0,28.0,20.0,40.1,155.09
0.5,80.0,320.0,0.0,0.0,0.0,699.05,1005.95,0.0,200.0,0.0,0.0,28.0,20.0,25.3,92.02
0.3,450.0,0.0,0.0,0.0,0.0,764.65,1100.35,18.0,135.0,0.0,0.0,28.0,20.0,80.3,420.79
0.3,360.0,90.0,0.0,0.0,0.0,762.6,1097.4,14.4,135.0,0.0,0.0,28.0,20.0,81.8,343.08
0.3,270.0,180.0,0.0,0.0,0.0,758.5,1091.5,11.7,135.0,0.0,0.0,28.0,20.0,83.8,267.04
0.3,180.0,270.0,0.0,0.0,0.0,754.4,1085.6,9.0,135.0,0.0,0.0,28.0,20.0,80.6,190.99
0.3,90.0,360.0,0.0,0.0,0.0,750.3,1079.7,8.1,135.0,0.0,0.0,28.0,20.0,66.3,118.33
0.4,450.0,0.0,0.0,0.0,0.0,717.5,1032.5,4.5,180.0,0.0,0.0,28.0,20.0,64.3,394.86
0.4,360.0,90.0,0.0,0.0,0.0,713.4,1026.6,3.6,180.0,0.0,0.0,28.0,20.0,73.5,322.2
0.4,270.0,180.0,0.0,0.0,0.0,709.3,1020.7,2.25,180.0,0.0,0.0,28.0,20.0,66.4,248.69
0.4,180.0,270.0,0.0,0.0,0.0,705.2,1014.8,2.25,180.0,0.0,0.0,28.0,20.0,61.8,177.73
0.4,90.0,360.0,0.0,0.0,0.0,701.1,1008.9,1.35,180.0,0.0,0.0,28.0,20.0,46.8,105.07
0.5,450.0,0.0,0.0,0.0,0.0,668.3,961.7,0.0,225.0,0.0,0.0,28.0,20.0,48.7,385.82
0.5,360.0,90.0,0.0,0.0,0.0,664.2,955.8,0.0,225.0,0.0,0.0,28.0,20.0,50.4,314.86
0.5,270.0,180.0,0.0,0.0,0.0,660.1,949.9,0.0,225.0,0.0,0.0,28.0,20.0,49.3,243.89
0.5,180.0,270.0,0.0,0.0,0.0,656.0,944.0,0.0,225.0,0.0,0.0,28.0,20.0,39.5,172.92
0.5,90.0,360.0,0.0,0.0,0.0,651.9,938.1,0.0,225.0,0.0,0.0,28.0,20.0,27.7,101.95
0.3,350.0,0.0,0.0,0.0,0.0,832.3,1197.7,12.25,105.0,0.0,0.0,90.0,20.0,83.9,326.77
0.3,280.0,70.0,0.0,0.0,0.0,830.25,1194.75,11.55,105.0,0.0,0.0,90.0,20.0,86.8,270.27
0.3,210.0,140.0,0.0,0.0,0.0,826.15,1188.85,8.75,105.0,0.0,0.0,90.0,20.0,87.8,209.8
0.3,140.0,210.0,0.0,0.0,0.0,824.1,1185.9,7.0,105.0,0.0,0.0,90.0,20.0,81.2,151.33
0.3,70.0,280.0,0.0,0.0,0.0,820.0,1180.0,5.6,105.0,0.0,0.0,90.0,20.0,70.6,93.49
0.4,350.0,0.0,0.0,0.0,0.0,795.4,1144.6,5.25,140.0,0.0,0.0,90.0,20.0,71.3,313.18
0.4,280.0,70.0,0.0,0.0,0.0,791.3,1138.7,4.2,140.0,0.0,0.0,90.0,20.0,73.7,256.0
0.4,210.0,140.0,0.0,0.0,0.0,789.25,1135.75,3.5,140.0,0.0,0.0,90.0,20.0,76.3,199.5
0.4,140.0,210.0,0.0,0.0,0.0,785.15,1129.85,1.75,140.0,0.0,0.0,90.0,20.0,74.0,141.0
0.4,70.0,280.0,0.0,0.0,0.0,783.1,1126.9,2.8,140.0,0.0,0.0,90.0,20.0,58.9,87.79
0.5,350.0,0.0,0.0,0.0,0.0,756.45,1088.55,0.7,175.0,0.0,0.0,90.0,20.0,61.5,304.17
0.5,280.0,70.0,0.0,0.0,0.0,754.4,1085.6,0.0,175.0,0.0,0.0,90.0,20.0,65.4,247.67
0.5,210.0,140.0,0.0,0.0,0.0,750.3,1079.7,0.0,175.0,0.0,0.0,90.0,20.0,65.9,192.46
0.5,140.0,210.0,0.0,0.0,0.0,748.25,1076.75,0.0,175.0,0.0,0.0,90.0,20.0,58.3,137.28
0.5,70.0,280.0,0.0,0.0,0.0,744.15,1070.85,0.0,175.0,0.0,0.0,90.0,20.0,38.1,82.07
0.3,400.0,0.0,0.0,0.0,0.0,799.5,1150.5,16.0,120.0,0.0,0.0,90.0,20.0,85.2,375.44
0.3,320.0,80.0,0.0,0.0,0.0,795.4,1144.6,14.0,120.0,0.0,0.0,90.0,20.0,90.1,308.59
0.3,240.0,160.0,0.0,0.0,0.0,793.35,1141.65,9.6,120.0,0.0,0.0,90.0,20.0,88.3,237.26
0.3,160.0,240.0,0.0,0.0,0.0,789.25,1135.75,6.0,120.0,0.0,0.0,90.0,20.0,79.0,167.4
0.3,80.0,320.0,0.0,0.0,0.0,785.15,1129.85,4.8,120.0,0.0,0.0,90.0,20.0,76.2,102.06
0.4,400.0,0.0,0.0,0.0,0.0,756.45,1088.55,6.0,160.0,0.0,0.0,90.0,20.0,67.9,356.14
0.4,320.0,80.0,0.0,0.0,0.0,752.35,1082.65,4.0,160.0,0.0,0.0,90.0,20.0,72.4,289.29
0.4,240.0,160.0,0.0,0.0,0.0,748.25,1076.75,4.0,160.0,0.0,0.0,90.0,20.0,77.9,226.2
0.4,160.0,240.0,0.0,0.0,0.0,746.2,1073.8,2.4,160.0,0.0,0.0,90.0,20.0,75.1,160.13
0.4,80.0,320.0,0.0,0.0,0.0,742.1,1067.9,3.6,160.0,0.0,0.0,90.0,20.0,56.8,99.3
0.5,400.0,0.0,0.0,0.0,0.0,711.35,1023.65,0.4,200.0,0.0,0.0,90.0,20.0,56.8,345.08
0.5,320.0,80.0,0.0,0.0,0.0,709.3,1020.7,0.0,200.0,0.0,0.0,90.0,20.0,61.4,281.26
0.5,240.0,160.0,0.0,0.0,0.0,705.2,1014.8,0.0,200.0,0.0,0.0,90.0,20.0,57.9,218.18
0.5,160.0,240.0,0.0,0.0,0.0,701.1,1008.9,0.0,200.0,0.0,0.0,90.0,20.0,49.6,155.09
0.5,80.0,320.0,0.0,0.0,0.0,699.05,1005.95,0.0,200.0,0.0,0.0,90.0,20.0,31.6,92.02
0.3,450.0,0.0,0.0,0.0,0.0,764.65,1100.35,18.0,135.0,0.0,0.0,90.0,20.0,85.7,420.79
0.3,360.0,90.0,0.0,0.0,0.0,762.6,1097.4,14.4,135.0,0.0,0.0,90.0,20.0,90.1,343.08
0.3,270.0,180.0,0.0,0.0,0.0,758.5,1091.5,11.7,135.0,0.0,0.0,90.0,20.0,91.4,267.04
0.3,180.0,270.0,0.0,0.0,0.0,754.4,1085.6,9.0,135.0,0.0,0.0,90.0,20.0,92.5,190.99
0.3,90.0,360.0,0.0,0.0,0.0,750.3,1079.7,8.1,135.0,0.0,0.0,90.0,20.0,77.4,118.33
0.4,450.0,0.0,0.0,0.0,0.0,717.5,1032.5,4.5,180.0,0.0,0.0,90.0,20.0,71.0,394.86
0.4,360.0,90.0,0.0,0.0,0.0,713.4,1026.6,3.6,180.0,0.0,0.0,90.0,20.0,82.3,322.2
0.4,270.0,180.0,0.0,0.0,0.0,709.3,1020.7,2.25,180.0,0.0,0.0,90.0,20.0,81.0,248.69
0.4,180.0,270.0,0.0,0.0,0.0,705.2,1014.8,2.25,180.0,0.0,0.0,90.0,20.0,73.4,177.73
0.4,90.0,360.0,0.0,0.0,0.0,701.1,1008.9,1.35,180.0,0.0,0.0,90.0,20.0,54.6,105.07
0.5,450.0,0.0,0.0,0.0,0.0,668.3,961.7,0.0,225.0,0.0,0.0,90.0,20.0,50.5,385.82
0.5,360.0,90.0,0.0,0.0,0.0,664.2,955.8,0.0,225.0,0.0,0.0,90.0,20.0,56.2,314.86
0.5,270.0,180.0,0.0,0.0,0.0,660.1,949.9,0.0,225.0,0.0,0.0,90.0,20.0,53.4,243.89
0.5,180.0,270.0,0.0,0.0,0.0,656.0,944.0,0.0,225.0,0.0,0.0,90.0,20.0,49.1,172.92
0.5,90.0,360.0,0.0,0.0,0.0,651.9,938.1,0.0,225.0,0.0,0.0,90.0,20.0,35.0,101.95
0.3,350.0,0.0,0.0,0.0,0.0,832.3,1197.7,12.25,105.0,0.0,0.0,360.0,20.0,90.0,326.77
0.3,280.0,70.0,0.0,0.0,0.0,830.25,1194.75,11.55,105.0,0.0,0.0,360.0,20.0,86.9,270.27
0.3,210.0,140.0,0.0,0.0,0.0,826.15,1188.85,8.75,105.0,0.0,0.0,360.0,20.0,91.8,209.8
0.3,140.0,210.0,0.0,0.0,0.0,824.1,1185.9,7.0,105.0,0.0,0.0,360.0,20.0,85.7,151.33
0.3,70.0,280.0,0.0,0.0,0.0,820.0,1180.0,5.6,105.0,0.0,0.0,360.0,20.0,74.7,93.49
0.4,350.0,0.0,0.0,0.0,0.0,795.4,1144.6,5.25,140.0,0.0,0.0,360.0,20.0,72.8,313.18
0.4,280.0,70.0,0.0,0.0,0.0,791.3,1138.7,4.2,140.0,0.0,0.0,360.0,20.0,76.7,256.0
0.4,210.0,140.0,0.0,0.0,0.0,789.25,1135.75,3.5,140.0,0.0,0.0,360.0,20.0,78.2,199.5
0.4,140.0,210.0,0.0,0.0,0.0,785.15,1129.85,1.75,140.0,0.0,0.0,360.0,20.0,79.1,141.0
0.4,70.0,280.0,0.0,0.0,0.0,783.1,1126.9,2.8,140.0,0.0,0.0,360.0,20.0,62.6,87.79
0.5,350.0,0.0,0.0,0.0,0.0,756.45,1088.55,0.7,175.0,0.0,0.0,360.0,20.0,66.0,304.17
0.5,280.0,70.0,0.0,0.0,0.0,754.4,1085.6,0.0,175.0,0.0,0.0,360.0,20.0,69.8,247.67
0.5,210.0,140.0,0.0,0.0,0.0,750.3,1079.7,0.0,175.0,0.0,0.0,360.0,20.0,71.7,192.46
0.5,140.0,210.0,0.0,0.0,0.0,748.25,1076.75,0.0,175.0,0.0,0.0,360.0,20.0,65.9,137.28
0.5,70.0,280.0,0.0,0.0,0.0,744.15,1070.85,0.0,175.0,0.0,0.0,360.0,20.0,39.1,82.07
0.3,400.0,0.0,0.0,0.0,0.0,799.5,1150.5,16.0,120.0,0.0,0.0,360.0,20.0,89.9,375.44
0.3,320.0,80.0,0.0,0.0,0.0,795.4,1144.6,14.0,120.0,0.0,0.0,360.0,20.0,97.1,308.59
0.3,240.0,160.0,0.0,0.0,0.0,793.35,1141.65,9.6,120.0,0.0,0.0,360.0,20.0,92.4,237.26
0.3,160.0,240.0,0.0,0.0,0.0,789.25,1135.75,6.0,120.0,0.0,0.0,360.0,20.0,89.2,167.4
0.3,80.0,320.0,0.0,0.0,0.0,785.15,1129.85,4.8,120.0,0.0,0.0,360.0,20.0,82.9,102.06
0.4,400.0,0.0,0.0,0.0,0.0,756.45,1088.55,6.0,160.0,0.0,0.0,360.0,20.0,70.6,356.14
0.4,320.0,80.0,0.0,0.0,0.0,752.35,1082.65,4.0,160.0,0.0,0.0,360.0,20.0,76.4,289.29
0.4,240.0,160.0,0.0,0.0,0.0,748.25,1076.75,4.0,160.0,0.0,0.0,360.0,20.0,79.0,226.2
0.4,160.0,240.0,0.0,0.0,0.0,746.2,1073.8,2.4,160.0,0.0,0.0,360.0,20.0,82.8,160.13
0.4,80.0,320.0,0.0,0.0,0.0,742.1,1067.9,3.6,160.0,0.0,0.0,360.0,20.0,68.0,99.3
0.5,400.0,0.0,0.0,0.0,0.0,711.35,1023.65,0.4,200.0,0.0,0.0,360.0,20.0,64.1,345.08
0.5,320.0,80.0,0.0,0.0,0.0,709.3,1020.7,0.0,200.0,0.0,0.0,360.0,20.0,65.8,281.26
0.5,240.0,160.0,0.0,0.0,0.0,705.2,1014.8,0.0,200.0,0.0,0.0,360.0,20.0,65.2,218.18
0.5,160.0,240.0,0.0,0.0,0.0,701.1,1008.9,0.0,200.0,0.0,0.0,360.0,20.0,56.0,155.09
0.5,80.0,320.0,0.0,0.0,0.0,699.05,1005.95,0.0,200.0,0.0,0.0,360.0,20.0,34.3,92.02
0.3,450.0,0.0,0.0,0.0,0.0,764.65,1100.35,18.0,135.0,0.0,0.0,360.0,20.0,92.8,420.79
0.3,360.0,90.0,0.0,0.0,0.0,762.6,1097.4,14.4,135.0,0.0,0.0,360.0,20.0,95.9,343.08
0.3,270.0,180.0,0.0,0.0,0.0,758.5,1091.5,11.7,135.0,0.0,0.0,360.0,20.0,96.8,267.04
0.3,180.0,270.0,0.0,0.0,0.0,754.4,1085.6,9.0,135.0,0.0,0.0,360.0,20.0,101.3,190.99
0.3,90.0,360.0,0.0,0.0,0.0,750.3,1079.7,8.1,135.0,0.0,0.0,360.0,20.0,78.4,118.33
0.4,450.0,0.0,0.0,0.0,0.0,717.5,1032.5,4.5,180.0,0.0,0.0,360.0,20.0,79.4,394.86
0.4,360.0,90.0,0.0,0.0,0.0,713.4,1026.6,3.6,180.0,0.0,0.0,360.0,20.0,86.6,322.2
0.4,270.0,180.0,0.0,0.0,0.0,709.3,1020.7,2.25,180.0,0.0,0.0,360.0,20.0,84.6,248.69
0.4,180.0,270.0,0.0,0.0,0.0,705.2,1014.8,2.25,180.0,0.0,0.0,360.0,20.0,80.6,177.73
0.4,90.0,360.0,0.0,0.0,0.0,701.1,1008.9,1.35,180.0,0.0,0.0,360.0,20.0,58.9,105.07
0.5,450.0,0.0,0.0,0.0,0.0,668.3,961.7,0.0,225.0,0.0,0.0,360.0,20.0,60.2,385.82
0.5,360.0,90.0,0.0,0.0,0.0,664.2,955.8,0.0,225.0,0.0,0.0,360.0,20.0,66.7,314.86
0.5,270.0,180.0,0.0,0.0,0.0,660.1,949.9,0.0,225.0,0.0,0.0,360.0,20.0,65.1,243.89
0.5,180.0,270.0,0.0,0.0,0.0,656.0,944.0,0.0,225.0,0.0,0.0,360.0,20.0,57.4,172.92
0.5,90.0,360.0,0.0,0.0,0.0,651.9,938.1,0.0,225.0,0.0,0.0,360.0,20.0,39.6,101.95
0.3,540.0,0.0,0.0,0.0,0.0,676.0,1040.0,2.5,162.0,0.0,0.0,28.0,30.0,79.99,466.54
0.3,540.0,0.0,0.0,0.0,0.0,676.0,1055.0,2.5,162.0,0.0,0.0,28.0,30.0,61.89,466.61
0.48,475.0,0.0,0.0,0.0,0.0,594.0,932.0,0.0,228.0,0.0,0.0,28.0,30.0,39.29,406.32
0.6,380.0,0.0,0.0,0.0,0.0,670.0,932.0,0.0,228.0,0.0,0.0,90.0,30.0,52.91,326.89
0.48,475.0,0.0,0.0,0.0,0.0,594.0,932.0,0.0,228.0,0.0,0.0,180.0,30.0,42.62,406.32
0.6,380.0,0.0,0.0,0.0,0.0,670.0,932.0,0.0,228.0,0.0,0.0,365.0,30.0,52.52,326.89
0.6,380.0,0.0,0.0,0.0,0.0,670.0,932.0,0.0,228.0,0.0,0.0,270.0,30.0,53.3,326.89
0.48,475.0,0.0,0.0,0.0,0.0,594.0,932.0,0.0,228.0,0.0,0.0,7.0,30.0,38.6,406.32
0.48,475.0,0.0,0.0,0.0,0.0,594.0,932.0,0.0,228.0,0.0,0.0,270.0,30.0,42.13,406.32
0.48,475.0,0.0,0.0,0.0,0.0,594.0,932.0,0.0,228.0,0.0,0.0,90.0,30.0,42.23,406.32
0.6,380.0,0.0,0.0,0.0,0.0,670.0,932.0,0.0,228.0,0.0,0.0,180.0,30.0,53.1,326.89
0.55,349.0,0.0,0.0,0.0,0.0,806.9,1047.0,0.0,192.0,0.0,0.0,3.0,30.0,15.05,302.06
0.48,475.0,0.0,0.0,0.0,0.0,594.0,932.0,0.0,228.0,0.0,0.0,365.0,30.0,41.93,406.32
0.62,310.0,0.0,0.0,0.0,0.0,850.6,971.0,0.0,192.0,0.0,0.0,3.0,30.0,9.87,269.14
0.3,485.0,0.0,0.0,0.0,0.0,800.0,1120.0,0.0,146.0,0.0,0.0,28.0,30.0,71.99,416.62
0.27,531.3,0.0,0.0,0.0,0.0,893.7,852.1,28.2,141.8,0.0,0.0,3.0,30.0,41.3,507.69
0.27,531.3,0.0,0.0,0.0,0.0,893.7,852.1,28.2,141.8,0.0,0.0,7.0,30.0,46.9,507.69
0.27,531.3,0.0,0.0,0.0,0.0,893.7,852.1,28.2,141.8,0.0,0.0,28.0,30.0,56.4,507.69
0.27,531.3,0.0,0.0,0.0,0.0,893.7,852.1,28.2,141.8,0.0,0.0,56.0,30.0,58.8,507.69
0.27,531.3,0.0,0.0,0.0,0.0,893.7,852.1,28.2,141.8,0.0,0.0,91.0,30.0,59.2,507.69
0.43,290.4,0.0,96.2,0.0,0.0,865.0,961.2,9.4,168.1,0.0,0.0,3.0,30.0,22.5,270.76
0.43,290.4,0.0,96.2,0.0,0.0,865.0,961.2,9.4,168.1,0.0,0.0,14.0,30.0,34.67,270.76
0.43,290.4,0.0,96.2,0.0,0.0,865.0,961.2,9.4,168.1,0.0,0.0,28.0,30.0,34.74,270.76
0.43,290.4,0.0,96.2,0.0,0.0,865.0,961.2,9.4,168.1,0.0,0.0,56.0,30.0,45.08,270.76
0.43,290.4,0.0,96.2,0.0,0.0,865.0,961.2,9.4,168.1,0.0,0.0,100.0,30.0,48.97,270.76
0.43,277.1,0.0,97.4,0.0,0.0,875.6,973.9,11.8,160.6,0.0,0.0,3.0,30.0,23.14,264.22
0.43,277.1,0.0,97.4,0.0,0.0,875.6,973.9,11.8,160.6,0.0,0.0,14.0,30.0,41.89,264.22
0.43,277.1,0.0,97.4,0.0,0.0,875.6,973.9,11.8,160.6,0.0,0.0,28.0,30.0,48.28,264.22
0.43,277.1,0.0,97.4,0.0,0.0,875.6,973.9,11.8,160.6,0.0,0.0,56.0,30.0,51.04,264.22
0.43,277.1,0.0,97.4,0.0,0.0,875.6,973.9,11.8,160.6,0.0,0.0,100.0,30.0,55.64,264.22
0.44,295.7,0.0,95.6,0.0,0.0,859.2,955.1,8.9,171.5,0.0,0.0,3.0,30.0,22.95,274.21
0.44,295.7,0.0,95.6,0.0,0.0,859.2,955.1,8.9,171.5,0.0,0.0,14.0,30.0,35.23,274.21
0.44,295.7,0.0,95.6,0.0,0.0,859.2,955.1,8.9,171.5,0.0,0.0,28.0,30.0,39.94,274.21
0.44,295.7,0.0,95.6,0.0,0.0,859.2,955.1,8.9,171.5,0.0,0.0,56.0,30.0,48.72,274.21
0.44,295.7,0.0,95.6,0.0,0.0,859.2,955.1,8.9,171.5,0.0,0.0,100.0,30.0,52.04,274.21
0.42,251.8,0.0,99.9,0.0,0.0,899.8,1006.0,12.4,146.1,0.0,0.0,3.0,30.0,21.02,244.37
0.42,251.8,0.0,99.9,0.0,0.0,899.8,1006.0,12.4,146.1,0.0,0.0,14.0,30.0,33.36,244.37
0.42,251.8,0.0,99.9,0.0,0.0,899.8,1006.0,12.4,146.1,0.0,0.0,28.0,30.0,33.94,244.37
0.42,251.8,0.0,99.9,0.0,0.0,899.8,1006.0,12.4,146.1,0.0,0.0,56.0,30.0,44.14,244.37
0.42,251.8,0.0,99.9,0.0,0.0,899.8,1006.0,12.4,146.1,0.0,0.0,100.0,30.0,45.37,244.37
0.45,249.1,0.0,98.8,0.0,0.0,889.0,987.8,12.8,158.1,0.0,0.0,3.0,30.0,15.36,242.71
0.45,249.1,0.0,98.8,0.0,0.0,889.0,987.8,12.8,158.1,0.0,0.0,14.0,30.0,28.68,242.71
0.45,249.1,0.0,98.8,0.0,0.0,889.0,987.8,12.8,158.1,0.0,0.0,28.0,30.0,30.85,242.71
0.45,249.1,0.0,98.8,0.0,0.0,889.0,987.8,12.8,158.1,0.0,0.0,56.0,30.0,42.03,242.71
0.45,249.1,0.0,98.8,0.0,0.0,889.0,987.8,12.8,158.1,0.0,0.0,100.0,30.0,51.06,242.71
0.42,252.3,0.0,98.8,0.0,0.0,889.0,987.8,14.2,146.3,0.0,0.0,3.0,30.0,21.78,248.03
0.42,252.3,0.0,98.8,0.0,0.0,889.0,987.8,14.2,146.3,0.0,0.0,14.0,30.0,42.29,248.03
0.42,252.3,0.0,98.8,0.0,0.0,889.0,987.8,14.2,146.3,0.0,0.0,28.0,30.0,50.6,248.03
0.42,252.3,0.0,98.8,0.0,0.0,889.0,987.8,14.2,146.3,0.0,0.0,56.0,30.0,55.83,248.03
0.42,252.3,0.0,98.8,0.0,0.0,889.0,987.8,14.2,146.3,0.0,0.0,100.0,30.0,60.95,248.03
0.39,246.8,0.0,125.1,0.0,0.0,800.9,1086.8,12.0,143.3,0.0,0.0,3.0,30.0,23.52,239.43
0.39,246.8,0.0,125.1,0.0,0.0,800.9,1086.8,12.0,143.3,0.0,0.0,14.0,30.0,42.22,239.43
0.39,246.8,0.0,125.1,0.0,0.0,800.9,1086.8,12.0,143.3,0.0,0.0,28.0,30.0,52.5,239.43
0.39,246.8,0.0,125.1,0.0,0.0,800.9,1086.8,12.0,143.3,0.0,0.0,56.0,30.0,60.32,239.43
0.39,246.8,0.0,125.1,0.0,0.0,800.9,1086.8,12.0,143.3,0.0,0.0,100.0,30.0,66.42,239.43
0.4,275.1,0.0,121.4,0.0,0.0,777.5,1053.6,9.9,159.5,0.0,0.0,3.0,30.0,23.8,258.97
0.4,275.1,0.0,121.4,0.0,0.0,777.5,1053.6,9.9,159.5,0.0,0.0,14.0,30.0,38.77,258.97
0.4,275.1,0.0,121.4,0.0,0.0,777.5,1053.6,9.9,159.5,0.0,0.0,28.0,30.0,51.33,258.97
0.4,275.1,0.0,121.4,0.0,0.0,777.5,1053.6,9.9,159.5,0.0,0.0,56.0,30.0,56.85,258.97
0.4,275.1,0.0,121.4,0.0,0.0,777.5,1053.6,9.9,159.5,0.0,0.0,100.0,30.0,58.61,258.97
0.42,297.2,0.0,117.5,0.0,0.0,753.5,1022.8,9.5,174.8,0.0,0.0,3.0,30.0,21.91,276.5
0.42,297.2,0.0,117.5,0.0,0.0,753.5,1022.8,9.5,174.8,0.0,0.0,14.0,30.0,36.99,276.5
0.42,297.2,0.0,117.5,0.0,0.0,753.5,1022.8,9.5,174.8,0.0,0.0,28.0,30.0,47.4,276.5
0.42,297.2,0.0,117.5,0.0,0.0,753.5,1022.8,9.5,174.8,0.0,0.0,56.0,30.0,51.96,276.5
0.42,297.2,0.0,117.5,0.0,0.0,753.5,1022.8,9.5,174.8,0.0,0.0,100.0,30.0,56.74,276.5
0.57,376.0,0.0,0.0,0.0,0.0,762.4,1003.5,0.0,214.6,0.0,0.0,3.0,30.0,16.28,324.32
0.57,376.0,0.0,0.0,0.0,0.0,762.4,1003.5,0.0,214.6,0.0,0.0,14.0,30.0,25.62,324.32
0.57,376.0,0.0,0.0,0.0,0.0,762.4,1003.5,0.0,214.6,0.0,0.0,28.0,30.0,31.97,324.32
0.57,376.0,0.0,0.0,0.0,0.0,762.4,1003.5,0.0,214.6,0.0,0.0,56.0,30.0,36.3,324.32
0.57,376.0,0.0,0.0,0.0,0.0,762.4,1003.5,0.0,214.6,0.0,0.0,100.0,30.0,43.06,324.32
0.28,500.0,0.0,0.0,0.0,0.0,853.0,966.0,4.0,140.0,0.0,0.0,28.0,30.0,67.57,436.25
0.27,475.0,0.0,59.0,0.0,0.0,641.0,1098.0,1.9,142.0,0.0,0.0,28.0,30.0,57.23,411.16
0.35,505.0,0.0,60.0,0.0,0.0,630.0,1030.0,0.0,195.0,0.0,0.0,28.0,30.0,64.02,432.41
0.37,451.0,0.0,0.0,0.0,0.0,745.0,1030.0,11.3,165.0,0.0,0.0,28.0,30.0,78.8,408.6
0.31,516.0,0.0,0.0,0.0,0.0,802.0,801.0,8.2,162.0,0.0,0.0,28.0,30.0,41.37,456.55
0.33,520.0,0.0,0.0,0.0,0.0,855.0,855.0,5.2,170.0,0.0,0.0,28.0,30.0,60.28,454.78
0.35,528.0,0.0,0.0,0.0,0.0,720.0,920.0,6.9,185.0,0.0,0.0,28.0,30.0,56.83,464.36
0.34,520.0,0.0,0.0,0.0,0.0,805.0,870.0,5.2,175.0,0.0,0.0,28.0,30.0,51.02,454.62
0.3,385.0,0.0,136.0,0.0,0.0,768.0,903.0,20.0,158.0,0.0,0.0,28.0,30.0,55.55,369.56
0.4,500.1,0.0,0.0,0.0,0.0,613.2,1124.4,3.0,200.0,0.0,0.0,28.0,30.0,44.13,434.06
0.43,405.0,0.0,0.0,0.0,0.0,695.0,1120.0,0.0,175.0,0.0,0.0,28.0,30.0,52.3,348.91
0.31,516.0,0.0,0.0,0.0,0.0,802.0,801.0,8.3,162.0,0.0,0.0,28.0,30.0,41.37,456.74
0.34,475.0,0.0,0.0,0.0,0.0,662.0,1044.0,9.5,162.0,0.0,0.0,28.0,30.0,58.52,425.05
0.3,500.0,0.0,0.0,0.0,0.0,655.0,1033.0,9.0,151.0,0.0,0.0,28.0,30.0,69.84,445.02
0.5,436.0,0.0,0.0,0.0,0.0,719.7,838.4,0.0,218.0,0.0,0.0,28.0,30.0,23.85,373.72
0.66,289.0,0.0,0.0,0.0,0.0,895.3,913.2,0.0,192.0,0.0,0.0,90.0,30.0,32.07,251.44
0.66,289.0,0.0,0.0,0.0,0.0,895.3,913.2,0.0,192.0,0.0,0.0,3.0,30.0,11.65,251.44
0.49,393.0,0.0,0.0,0.0,0.0,785.6,940.6,0.0,192.0,0.0,0.0,3.0,30.0,19.2,338.41
0.49,393.0,0.0,0.0,0.0,0.0,785.6,940.6,0.0,192.0,0.0,0.0,90.0,30.0,48.85,338.41
0.49,393.0,0.0,0.0,0.0,0.0,785.6,940.6,0.0,192.0,0.0,0.0,28.0,30.0,39.6,338.41
0.4,480.0,0.0,0.0,0.0,0.0,712.2,936.2,0.0,192.0,0.0,0.0,28.0,30.0,43.94,411.11
0.4,480.0,0.0,0.0,0.0,0.0,712.2,936.2,0.0,192.0,0.0,0.0,7.0,30.0,34.57,411.11
0.4,480.0,0.0,0.0,0.0,0.0,712.2,936.2,0.0,192.0,0.0,0.0,90.0,30.0,54.32,411.11
0.4,480.0,0.0,0.0,0.0,0.0,712.2,936.2,0.0,192.0,0.0,0.0,3.0,30.0,24.4,411.11
0.58,333.0,0.0,0.0,0.0,0.0,842.6,931.2,0.0,192.0,0.0,0.0,3.0,30.0,15.62,288.23
0.66,289.0,0.0,0.0,0.0,0.0,895.3,913.2,0.0,192.0,0.0,0.0,7.0,30.0,14.6,251.44
0.58,333.0,0.0,0.0,0.0,0.0,842.6,931.2,0.0,192.0,0.0,0.0,28.0,30.0,31.97,288.23
0.58,333.0,0.0,0.0,0.0,0.0,842.6,931.2,0.0,192.0,0.0,0.0,7.0,30.0,23.4,288.23
0.66,289.0,0.0,0.0,0.0,0.0,895.3,913.2,0.0,192.0,0.0,0.0,28.0,30.0,25.57,251.44
0.58,333.0,0.0,0.0,0.0,0.0,842.6,931.2,0.0,192.0,0.0,0.0,90.0,30.0,41.68,288.23
0.49,393.0,0.0,0.0,0.0,0.0,785.6,940.6,0.0,192.0,0.0,0.0,7.0,30.0,27.74,338.41
0.47,397.0,0.0,0.0,0.0,0.0,734.3,1040.6,0.0,185.7,0.0,0.0,28.0,30.0,33.08,342.0
0.49,382.5,0.0,0.0,0.0,0.0,739.3,1047.8,0.0,185.7,0.0,0.0,7.0,30.0,24.07,329.88
0.63,295.8,0.0,0.0,0.0,0.0,769.3,1091.4,0.0,185.7,0.0,0.0,7.0,30.0,14.84,257.4
0.47,397.0,0.0,0.0,0.0,0.0,734.3,1040.6,0.0,185.7,0.0,0.0,7.0,30.0,25.45,342.0
0.49,381.4,0.0,0.0,0.0,0.0,784.3,1104.6,0.0,185.7,0.0,0.0,28.0,30.0,22.49,329.44
0.63,295.8,0.0,0.0,0.0,0.0,769.3,1091.4,0.0,185.7,0.0,0.0,28.0,30.0,25.22,257.4
0.55,339.2,0.0,0.0,0.0,0.0,754.3,1069.2,0.0,185.7,0.0,0.0,7.0,30.0,21.18,293.68
0.49,381.4,0.0,0.0,0.0,0.0,784.3,1104.6,0.0,185.7,0.0,0.0,7.0,30.0,14.54,329.44
0.55,339.2,0.0,0.0,0.0,0.0,754.3,1069.2,0.0,185.7,0.0,0.0,28.0,30.0,31.9,293.68
0.49,382.5,0.0,0.0,0.0,0.0,739.3,1047.8,0.0,185.7,0.0,0.0,28.0,30.0,37.44,329.88
0.58,339.0,0.0,0.0,0.0,0.0,781.0,968.0,0.0,197.0,0.0,0.0,3.0,30.0,13.22,293.16
0.58,339.0,0.0,0.0,0.0,0.0,781.0,968.0,0.0,197.0,0.0,0.0,7.0,30.0,20.97,293.16
0.58,339.0,0.0,0.0,0.0,0.0,781.0,968.0,0.0,197.0,0.0,0.0,14.0,30.0,27.04,293.16
0.58,339.0,0.0,0.0,0.0,0.0,781.0,968.0,0.0,197.0,0.0,0.0,28.0,30.0,32.04,293.16
0.58,339.0,0.0,0.0,0.0,0.0,781.0,968.0,0.0,197.0,0.0,0.0,90.0,30.0,35.17,293.16
0.58,339.0,0.0,0.0,0.0,0.0,781.0,968.0,0.0,197.0,0.0,0.0,180.0,30.0,36.45,293.16
0.58,339.0,0.0,0.0,0.0,0.0,781.0,968.0,0.0,197.0,0.0,0.0,365.0,30.0,38.89,293.16
0.69,277.0,0.0,0.0,0.0,0.0,856.0,968.0,0.0,191.0,0.0,0.0,14.0,30.0,21.26,241.44
0.69,277.0,0.0,0.0,0.0,0.0,856.0,968.0,0.0,191.0,0.0,0.0,28.0,30.0,25.97,241.44
0.69,277.0,0.0,0.0,0.0,0.0,856.0,968.0,0.0,191.0,0.0,0.0,3.0,30.0,11.36,241.44
0.69,277.0,0.0,0.0,0.0,0.0,856.0,968.0,0.0,191.0,0.0,0.0,90.0,30.0,31.25,241.44
0.69,277.0,0.0,0.0,0.0,0.0,856.0,968.0,0.0,191.0,0.0,0.0,180.0,30.0,32.33,241.44
0.69,277.0,0.0,0.0,0.0,0.0,856.0,968.0,0.0,191.0,0.0,0.0,360.0,30.0,33.7,241.44
0.63,307.0,0.0,0.0,0.0,0.0,812.0,968.0,0.0,193.0,0.0,0.0,180.0,30.0,34.49,266.42
0.63,307.0,0.0,0.0,0.0,0.0,812.0,968.0,0.0,193.0,0.0,0.0,365.0,30.0,36.15,266.42
0.63,307.0,0.0,0.0,0.0,0.0,812.0,968.0,0.0,193.0,0.0,0.0,3.0,30.0,12.54,266.42
0.63,307.0,0.0,0.0,0.0,0.0,812.0,968.0,0.0,193.0,0.0,0.0,28.0,30.0,27.53,266.42
0.63,307.0,0.0,0.0,0.0,0.0,812.0,968.0,0.0,193.0,0.0,0.0,90.0,30.0,32.92,266.42
0.57,325.0,0.0,0.0,0.0,0.0,783.0,1063.0,0.0,184.0,0.0,0.0,7.0,30.0,17.54,281.86
0.57,325.0,0.0,0.0,0.0,0.0,783.0,1063.0,0.0,184.0,0.0,0.0,28.0,30.0,30.57,281.86
0.67,275.0,0.0,0.0,0.0,0.0,808.0,1088.0,0.0,183.0,0.0,0.0,7.0,30.0,14.2,240.1
0.67,275.0,0.0,0.0,0.0,0.0,808.0,1088.0,0.0,183.0,0.0,0.0,28.0,30.0,24.5,240.1
0.61,300.0,0.0,0.0,0.0,0.0,795.0,1075.0,0.0,184.0,0.0,0.0,7.0,30.0,15.58,260.98
0.61,300.0,0.0,0.0,0.0,0.0,795.0,1075.0,0.0,184.0,0.0,0.0,28.0,30.0,26.85,260.98
0.5,375.0,0.0,0.0,0.0,0.0,758.0,1038.0,0.0,186.0,0.0,0.0,7.0,30.0,26.06,323.62
0.5,375.0,0.0,0.0,0.0,0.0,758.0,1038.0,0.0,186.0,0.0,0.0,28.0,30.0,38.21,323.62
0.47,400.0,0.0,0.0,0.0,0.0,745.0,1025.0,0.0,187.0,0.0,0.0,28.0,30.0,43.7,344.5
0.47,400.0,0.0,0.0,0.0,0.0,745.0,1025.0,0.0,187.0,0.0,0.0,7.0,30.0,30.14,344.5
0.53,350.0,0.0,0.0,0.0,0.0,770.0,1050.0,0.0,186.0,0.0,0.0,7.0,30.0,20.28,302.74
0.53,350.0,0.0,0.0,0.0,0.0,770.0,1050.0,0.0,186.0,0.0,0.0,28.0,30.0,34.29,302.74
0.62,310.0,0.0,0.0,0.0,0.0,830.0,1012.0,0.0,192.0,0.0,0.0,3.0,30.0,11.85,269.24
0.62,310.0,0.0,0.0,0.0,0.0,830.0,1012.0,0.0,192.0,0.0,0.0,7.0,30.0,17.24,269.24
0.62,310.0,0.0,0.0,0.0,0.0,830.0,1012.0,0.0,192.0,0.0,0.0,28.0,30.0,27.83,269.24
0.62,310.0,0.0,0.0,0.0,0.0,830.0,1012.0,0.0,192.0,0.0,0.0,90.0,30.0,35.76,269.24
0.62,310.0,0.0,0.0,0.0,0.0,830.0,1012.0,0.0,192.0,0.0,0.0,120.0,30.0,38.7,269.24
0.58,331.0,0.0,0.0,0.0,0.0,821.0,1025.0,0.0,192.0,0.0,0.0,3.0,30.0,14.31,286.9
0.58,331.0,0.0,0.0,0.0,0.0,821.0,1025.0,0.0,192.0,0.0,0.0,7.0,30.0,17.44,286.9
0.58,331.0,0.0,0.0,0.0,0.0,821.0,1025.0,0.0,192.0,0.0,0.0,28.0,30.0,31.74,286.9
0.58,331.0,0.0,0.0,0.0,0.0,821.0,1025.0,0.0,192.0,0.0,0.0,90.0,30.0,37.91,286.9
0.58,331.0,0.0,0.0,0.0,0.0,821.0,1025.0,0.0,192.0,0.0,0.0,120.0,30.0,39.38,286.9
0.55,349.0,0.0,0.0,0.0,0.0,809.0,1056.0,0.0,192.0,0.0,0.0,3.0,30.0,15.87,302.11
0.55,349.0,0.0,0.0,0.0,0.0,809.0,1056.0,0.0,192.0,0.0,0.0,7.0,30.0,9.01,302.11
0.55,349.0,0.0,0.0,0.0,0.0,809.0,1056.0,0.0,192.0,0.0,0.0,28.0,30.0,33.61,302.11
0.55,349.0,0.0,0.0,0.0,0.0,809.0,1056.0,0.0,192.0,0.0,0.0,90.0,30.0,40.66,302.11
0.55,349.0,0.0,0.0,0.0,0.0,809.0,1056.0,0.0,192.0,0.0,0.0,120.0,30.0,40.86,302.11
0.63,296.0,0.0,0.0,0.0,0.0,769.0,1090.0,0.0,186.0,0.0,0.0,7.0,30.0,18.91,257.56
0.63,296.0,0.0,0.0,0.0,0.0,769.0,1090.0,0.0,186.0,0.0,0.0,28.0,30.0,25.18,257.56
0.63,297.0,0.0,0.0,0.0,0.0,734.0,1040.0,0.0,186.0,0.0,0.0,7.0,30.0,30.96,258.0
0.4,480.0,0.0,0.0,0.0,0.0,721.0,936.0,0.0,192.0,0.0,0.0,28.0,30.0,43.89,411.15
0.4,480.0,0.0,0.0,0.0,0.0,721.0,936.0,0.0,192.0,0.0,0.0,90.0,30.0,54.28,411.15
0.47,397.0,0.0,0.0,0.0,0.0,734.0,1040.0,0.0,186.0,0.0,0.0,28.0,30.0,36.94,342.0
0.66,281.0,0.0,0.0,0.0,0.0,774.0,1104.0,0.0,186.0,0.0,0.0,7.0,30.0,14.5,245.05
0.66,281.0,0.0,0.0,0.0,0.0,774.0,1104.0,0.0,185.0,0.0,0.0,28.0,30.0,22.44,245.05
0.4,500.0,0.0,0.0,0.0,0.0,613.0,1125.0,0.0,200.0,0.0,0.0,1.0,30.0,12.64,428.34
0.4,500.0,0.0,0.0,0.0,0.0,613.0,1125.0,0.0,200.0,0.0,0.0,3.0,30.0,26.06,428.34
0.4,500.0,0.0,0.0,0.0,0.0,613.0,1125.0,0.0,200.0,0.0,0.0,7.0,30.0,33.21,428.34
0.4,500.0,0.0,0.0,0.0,0.0,613.0,1125.0,0.0,200.0,0.0,0.0,14.0,30.0,36.94,428.34
0.4,500.0,0.0,0.0,0.0,0.0,613.0,1125.0,0.0,200.0,0.0,0.0,28.0,30.0,44.09,428.34
0.32,540.0,0.0,0.0,0.0,0.0,613.0,1125.0,0.0,173.0,0.0,0.0,7.0,30.0,52.61,461.94
0.32,540.0,0.0,0.0,0.0,0.0,613.0,1125.0,0.0,173.0,0.0,0.0,14.0,30.0,59.76,461.94
0.32,540.0,0.0,0.0,0.0,0.0,613.0,1125.0,0.0,173.0,0.0,0.0,28.0,30.0,67.31,461.94
0.32,540.0,0.0,0.0,0.0,0.0,613.0,1125.0,0.0,173.0,0.0,0.0,90.0,30.0,69.66,461.94
0.32,540.0,0.0,0.0,0.0,0.0,613.0,1125.0,0.0,173.0,0.0,0.0,180.0,30.0,71.62,461.94
0.32,540.0,0.0,0.0,0.0,0.0,613.0,1125.0,0.0,173.0,0.0,0.0,270.0,30.0,74.17,461.94
0.58,350.0,0.0,0.0,0.0,0.0,775.0,974.0,0.0,203.0,0.0,0.0,7.0,30.0,18.13,302.4
0.58,350.0,0.0,0.0,0.0,0.0,775.0,974.0,0.0,203.0,0.0,0.0,14.0,30.0,22.53,302.4
0.58,350.0,0.0,0.0,0.0,0.0,775.0,974.0,0.0,203.0,0.0,0.0,28.0,30.0,27.34,302.4
0.58,350.0,0.0,0.0,0.0,0.0,775.0,974.0,0.0,203.0,0.0,0.0,56.0,30.0,29.98,302.4
0.58,350.0,0.0,0.0,0.0,0.0,775.0,974.0,0.0,203.0,0.0,0.0,90.0,30.0,31.35,302.4
0.58,350.0,0.0,0.0,0.0,0.0,775.0,974.0,0.0,203.0,0.0,0.0,180.0,30.0,32.72,302.4
0.48,385.0,0.0,0.0,0.0,0.0,763.0,966.0,0.0,186.0,0.0,0.0,1.0,30.0,6.27,331.7
0.48,385.0,0.0,0.0,0.0,0.0,763.0,966.0,0.0,186.0,0.0,0.0,3.0,30.0,14.7,331.7
0.48,385.0,0.0,0.0,0.0,0.0,763.0,966.0,0.0,186.0,0.0,0.0,7.0,30.0,23.22,331.7
0.48,385.0,0.0,0.0,0.0,0.0,763.0,966.0,0.0,186.0,0.0,0.0,14.0,30.0,27.92,331.7
0.48,385.0,0.0,0.0,0.0,0.0,763.0,966.0,0.0,186.0,0.0,0.0,28.0,30.0,31.35,331.7
0.58,331.0,0.0,0.0,0.0,0.0,825.0,978.0,0.0,192.0,0.0,0.0,180.0,30.0,39.0,286.69
0.58,331.0,0.0,0.0,0.0,0.0,825.0,978.0,0.0,192.0,0.0,0.0,360.0,30.0,41.24,286.69
0.55,349.0,0.0,0.0,0.0,0.0,806.0,1047.0,0.0,192.0,0.0,0.0,3.0,30.0,14.99,302.05
0.58,331.0,0.0,0.0,0.0,0.0,825.0,978.0,0.0,192.0,0.0,0.0,3.0,30.0,13.52,286.69
0.49,382.0,0.0,0.0,0.0,0.0,739.0,1047.0,0.0,186.0,0.0,0.0,7.0,30.0,24.0,329.45
0.49,382.0,0.0,0.0,0.0,0.0,739.0,1047.0,0.0,186.0,0.0,0.0,28.0,30.0,37.42,329.45
0.49,382.0,0.0,0.0,0.0,0.0,784.0,1111.0,0.0,186.0,0.0,0.0,7.0,30.0,11.47,329.98
0.66,281.0,0.0,0.0,0.0,0.0,774.0,1104.0,0.0,186.0,0.0,0.0,28.0,30.0,22.44,245.05
0.55,339.0,0.0,0.0,0.0,0.0,754.0,1069.0,0.0,185.0,0.0,0.0,7.0,30.0,21.16,293.51
0.55,339.0,0.0,0.0,0.0,0.0,754.0,1069.0,0.0,185.0,0.0,0.0,28.0,30.0,31.84,293.51
0.63,295.0,0.0,0.0,0.0,0.0,769.0,1069.0,0.0,185.0,0.0,0.0,7.0,30.0,14.8,256.62
0.63,295.0,0.0,0.0,0.0,0.0,769.0,1069.0,0.0,185.0,0.0,0.0,28.0,30.0,25.18,256.62
0.65,296.0,0.0,0.0,0.0,0.0,765.0,1085.0,0.0,192.0,0.0,0.0,7.0,30.0,14.2,257.52
0.65,296.0,0.0,0.0,0.0,0.0,765.0,1085.0,0.0,192.0,0.0,0.0,28.0,30.0,21.65,257.52
0.65,296.0,0.0,0.0,0.0,0.0,765.0,1085.0,0.0,192.0,0.0,0.0,90.0,30.0,29.39,257.52
0.58,331.0,0.0,0.0,0.0,0.0,825.0,879.0,0.0,192.0,0.0,0.0,3.0,30.0,13.52,286.22
0.58,331.0,0.0,0.0,0.0,0.0,825.0,978.0,0.0,192.0,0.0,0.0,7.0,30.0,16.26,286.69
0.58,331.0,0.0,0.0,0.0,0.0,825.0,978.0,0.0,192.0,0.0,0.0,28.0,30.0,31.45,286.69
0.58,331.0,0.0,0.0,0.0,0.0,825.0,978.0,0.0,192.0,0.0,0.0,90.0,30.0,37.23,286.69
0.55,349.0,0.0,0.0,0.0,0.0,806.0,1047.0,0.0,192.0,0.0,0.0,7.0,30.0,18.13,302.05
0.55,349.0,0.0,0.0,0.0,0.0,806.0,1047.0,0.0,192.0,0.0,0.0,28.0,30.0,32.72,302.05
0.55,349.0,0.0,0.0,0.0,0.0,806.0,1047.0,0.0,192.0,0.0,0.0,90.0,30.0,39.49,302.05
0.55,349.0,0.0,0.0,0.0,0.0,806.0,1047.0,0.0,192.0,0.0,0.0,180.0,30.0,41.05,302.05
0.55,349.0,0.0,0.0,0.0,0.0,806.0,1047.0,0.0,192.0,0.0,0.0,360.0,30.0,42.13,302.05
0.67,302.0,0.0,0.0,0.0,0.0,817.0,974.0,0.0,203.0,0.0,0.0,14.0,30.0,18.13,262.28
0.67,302.0,0.0,0.0,0.0,0.0,817.0,974.0,0.0,203.0,0.0,0.0,180.0,30.0,26.74,262.28
0.36,525.0,0.0,0.0,0.0,0.0,613.0,1125.0,0.0,189.0,0.0,0.0,180.0,30.0,61.92,449.34
0.4,500.0,0.0,0.0,0.0,0.0,613.0,1125.0,0.0,200.0,0.0,0.0,90.0,30.0,47.22,428.34
0.4,500.0,0.0,0.0,0.0,0.0,613.0,1125.0,0.0,200.0,0.0,0.0,180.0,30.0,51.04,428.34
0.4,500.0,0.0,0.0,0.0,0.0,613.0,1125.0,0.0,200.0,0.0,0.0,270.0,30.0,55.16,428.34
0.32,540.0,0.0,0.0,0.0,0.0,613.0,1125.0,0.0,173.0,0.0,0.0,3.0,30.0,41.64,461.94
0.55,339.0,0.0,0.0,0.0,0.0,754.0,1060.0,0.0,185.0,0.0,0.0,28.0,30.0,31.65,293.47
0.49,393.0,0.0,0.0,0.0,0.0,758.0,940.0,0.0,192.0,0.0,0.0,3.0,30.0,19.11,338.27
0.49,393.0,0.0,0.0,0.0,0.0,758.0,940.0,0.0,192.0,0.0,0.0,28.0,30.0,39.58,338.27
0.49,393.0,0.0,0.0,0.0,0.0,758.0,940.0,0.0,192.0,0.0,0.0,90.0,30.0,48.79,338.27
0.48,382.0,0.0,0.0,0.0,0.0,739.0,1047.0,0.0,185.0,0.0,0.0,7.0,30.0,24.0,329.45
0.48,382.0,0.0,0.0,0.0,0.0,739.0,1047.0,0.0,185.0,0.0,0.0,28.0,30.0,37.42,329.45
0.62,310.0,0.0,0.0,0.0,0.0,850.0,970.0,0.0,192.0,0.0,0.0,7.0,30.0,14.99,269.14
0.62,310.0,0.0,0.0,0.0,0.0,850.0,970.0,0.0,192.0,0.0,0.0,28.0,30.0,27.92,269.14
0.62,310.0,0.0,0.0,0.0,0.0,850.0,970.0,0.0,192.0,0.0,0.0,90.0,30.0,34.68,269.14
0.62,310.0,0.0,0.0,0.0,0.0,850.0,970.0,0.0,192.0,0.0,0.0,180.0,30.0,37.33,269.14
0.62,310.0,0.0,0.0,0.0,0.0,850.0,970.0,0.0,192.0,0.0,0.0,360.0,30.0,38.11,269.14
0.36,525.0,0.0,0.0,0.0,0.0,613.0,1125.0,0.0,189.0,0.0,0.0,3.0,30.0,33.8,449.34
0.36,525.0,0.0,0.0,0.0,0.0,613.0,1125.0,0.0,189.0,0.0,0.0,7.0,30.0,42.42,449.34
0.36,525.0,0.0,0.0,0.0,0.0,613.0,1125.0,0.0,189.0,0.0,0.0,14.0,30.0,48.4,449.34
0.36,525.0,0.0,0.0,0.0,0.0,613.0,1125.0,0.0,189.0,0.0,0.0,28.0,30.0,55.94,449.34
0.36,525.0,0.0,0.0,0.0,0.0,613.0,1125.0,0.0,189.0,0.0,0.0,90.0,30.0,58.78,449.34
0.36,525.0,0.0,0.0,0.0,0.0,613.0,1125.0,0.0,189.0,0.0,0.0,270.0,30.0,67.11,449.34
0.63,322.0,0.0,0.0,0.0,0.0,800.0,974.0,0.0,203.0,0.0,0.0,14.0,30.0,20.77,279.0
0.63,322.0,0.0,0.0,0.0,0.0,800.0,974.0,0.0,203.0,0.0,0.0,28.0,30.0,25.18,279.0
0.63,322.0,0.0,0.0,0.0,0.0,800.0,974.0,0.0,203.0,0.0,0.0,180.0,30.0,29.59,279.0
0.67,302.0,0.0,0.0,0.0,0.0,817.0,974.0,0.0,203.0,0.0,0.0,28.0,30.0,21.75,262.28
0.47,397.0,0.0,0.0,0.0,0.0,734.0,1040.0,0.0,185.0,0.0,0.0,28.0,30.0,39.09,342.0
0.4,480.0,0.0,0.0,0.0,0.0,721.0,936.0,0.0,192.0,0.0,0.0,3.0,30.0,24.39,411.15
0.28,522.0,0.0,0.0,0.0,0.0,896.0,896.0,0.0,146.0,0.0,0.0,7.0,30.0,50.51,447.08
0.28,522.0,0.0,0.0,0.0,0.0,896.0,896.0,0.0,146.0,0.0,0.0,28.0,30.0,74.99,447.08
0.51,374.0,0.0,0.0,0.0,0.0,730.0,1013.0,7.0,190.0,0.0,0.0,28.0,30.0,39.05,335.69
0.48,305.0,0.0,100.0,0.0,0.0,705.0,959.0,10.0,196.0,0.0,0.0,28.0,30.0,30.12,283.39
0.46,298.0,0.0,107.0,0.0,0.0,815.0,879.0,6.0,186.0,0.0,0.0,28.0,30.0,42.64,270.16
0.47,318.0,0.0,126.0,0.0,0.0,737.0,861.0,6.0,210.0,0.0,0.0,28.0,30.0,40.06,286.57
0.39,356.0,0.0,142.0,0.0,0.0,778.0,801.0,11.0,193.0,0.0,0.0,28.0,30.0,40.87,327.87
0.4,314.0,0.0,113.0,0.0,0.0,783.0,925.0,10.0,170.0,0.0,0.0,28.0,30.0,38.46,291.21
0.41,321.0,0.0,128.0,0.0,0.0,780.0,870.0,11.0,182.0,0.0,0.0,28.0,30.0,37.26,298.75
0.52,298.0,0.0,107.0,0.0,0.0,744.0,880.0,11.0,210.0,0.0,0.0,28.0,30.0,31.87,279.22
0.45,322.0,0.0,116.0,0.0,0.0,813.0,818.0,10.0,196.0,0.0,0.0,28.0,30.0,31.18,297.57
0.42,313.0,0.0,113.0,0.0,0.0,689.0,1002.0,8.0,178.0,0.0,0.0,28.0,30.0,36.8,286.53
0.43,326.0,0.0,138.0,0.0,0.0,792.0,801.0,11.0,199.0,0.0,0.0,28.0,30.0,40.68,302.72
0.54,336.0,0.0,0.0,0.0,0.0,817.0,986.0,3.0,182.0,0.0,0.0,28.0,30.0,44.86,296.53
0.4,298.0,0.0,107.0,0.0,0.0,784.0,953.0,13.0,164.0,0.0,0.0,28.0,30.0,35.86,283.53
0.57,313.0,0.0,0.0,0.0,0.0,822.0,1000.0,8.0,178.0,0.0,0.0,28.0,30.0,25.1,286.71
0.42,313.3,0.0,113.0,0.0,0.0,688.7,1001.9,8.0,178.5,0.0,0.0,28.0,30.0,36.8,286.78
0.43,326.5,0.0,137.9,0.0,0.0,792.5,801.1,10.8,199.0,0.0,0.0,28.0,30.0,38.63,302.76
0.54,336.5,0.0,0.0,0.0,0.0,816.8,985.8,3.4,181.9,0.0,0.0,28.0,30.0,44.87,297.7
0.4,298.1,0.0,107.5,0.0,0.0,784.0,953.2,12.8,163.6,0.0,0.0,28.0,30.0,35.87,283.24
0.57,312.7,0.0,0.0,0.0,0.0,822.2,999.7,8.0,178.1,0.0,0.0,28.0,30.0,25.1,286.45
0.51,374.3,0.0,0.0,0.0,0.0,730.4,1013.2,6.7,190.2,0.0,0.0,28.0,30.0,39.06,335.38
0.48,304.8,0.0,99.6,0.0,0.0,705.2,959.4,9.8,196.0,0.0,0.0,28.0,30.0,30.12,282.84
0.46,298.1,0.0,107.0,0.0,0.0,815.2,879.0,6.1,186.4,0.0,0.0,28.0,30.0,42.64,270.43
0.47,317.9,0.0,126.5,0.0,0.0,736.6,860.5,5.7,209.7,0.0,0.0,28.0,30.0,40.06,285.92
0.39,355.9,0.0,141.6,0.0,0.0,778.4,801.4,11.0,193.3,0.0,0.0,28.0,30.0,40.87,327.79
0.4,313.8,0.0,112.6,0.0,0.0,782.9,925.3,10.1,169.9,0.0,0.0,28.0,30.0,38.46,291.23
0.41,321.4,0.0,127.9,0.0,0.0,779.7,870.1,11.5,182.5,0.0,0.0,28.0,30.0,37.27,300.03
0.52,298.2,0.0,107.0,0.0,0.0,744.2,879.6,11.1,209.7,0.0,0.0,28.0,30.0,31.88,279.58
0.45,322.2,0.0,115.6,0.0,0.0,813.4,817.9,10.4,196.0,0.0,0.0,28.0,30.0,31.18,298.49
0.5999749999999999,0.0,0.0,400.0,0.0,239.99,704.0,1056.0,6.0,0.0,10.0,2.4999270818142043,28.0,60.0,27.02,158.02215333333334
0.5999749999999999,0.0,0.0,400.0,0.0,239.99,704.0,1056.0,6.0,0.0,12.0,2.4999270818142043,28.0,60.0,29.33,168.52707733333332
0.5999749999999999,0.0,0.0,400.0,0.0,239.99,704.0,1056.0,6.0,0.0,14.0,2.4999270818142043,28.0,60.0,31.0,179.0320013333333
0.5999749999999999,0.0,0.0,400.0,0.0,239.99,704.0,1056.0,6.0,0.0,16.0,2.4999270818142043,28.0,60.0,32.2,189.53692533333333
0.62,0.0,0.0,400.0,0.0,200.0,850.0,950.0,28.0,48.0,12.0,2.508771929824561,28.0,70.0,48.53,195.6294
0.62,0.0,0.0,400.0,0.0,200.0,850.0,950.0,28.0,48.0,12.0,2.508771929824561,28.0,70.0,53.8,224.5044
0.62,0.0,0.0,400.0,0.0,200.0,850.0,950.0,28.0,48.0,12.0,2.508771929824561,28.0,60.0,47.54,211.67106666666663
0.62,0.0,0.0,400.0,0.0,200.0,850.0,950.0,28.0,48.0,12.0,2.508771929824561,28.0,80.0,50.77,237.3377333333333
0.62,0.0,0.0,400.0,0.0,200.0,850.0,950.0,12.0,48.0,12.0,2.508771929824561,28.0,70.0,44.69,194.4244
0.62,0.0,0.0,400.0,0.0,200.0,850.0,950.0,16.0,48.0,12.0,2.508771929824561,28.0,70.0,46.86,201.9444
0.62,0.0,0.0,400.0,0.0,200.0,850.0,950.0,20.0,48.0,12.0,2.508771929824561,28.0,70.0,48.9,209.4644
0.62,0.0,0.0,400.0,0.0,200.0,850.0,950.0,24.0,48.0,12.0,2.508771929824561,28.0,70.0,51.52,216.9844
0.62,0.0,0.0,400.0,0.0,200.0,850.0,950.0,28.0,48.0,12.0,2.508771929824561,28.0,70.0,53.08,224.5044
0.1917525773195876,0.0,194.0,194.0,0.0,74.4,523.0,1241.0,0.0,0.0,3.0,2.0,28.0,25.0,52.0,42.88624
0.1917525773195876,0.0,0.0,388.0,0.0,74.4,523.0,1241.0,0.0,0.0,8.0,2.0,28.0,60.0,16.0,65.53097333333332
0.1917525773195876,0.0,0.0,388.0,0.0,74.4,523.0,1241.0,0.0,0.0,10.0,2.0,28.0,60.0,20.0,69.33033333333333
0.1917525773195876,0.0,38.8,349.2,0.0,74.4,523.0,1241.0,0.0,0.0,10.0,2.0,28.0,25.0,38.0,48.7344
0.1917525773195876,0.0,194.0,194.0,0.0,74.4,523.0,1241.0,0.0,0.0,3.0,2.0,28.0,25.0,50.0,42.88624
0.1917525773195876,0.0,194.0,194.0,0.0,74.4,523.0,1241.0,0.0,0.0,3.0,2.0,28.0,60.0,55.0,65.34457333333333
0.1917525773195876,0.0,97.0,291.0,0.0,74.4,523.0,1241.0,0.0,0.0,3.0,2.0,28.0,25.0,42.0,38.23024
0.62,0.0,0.0,400.0,0.0,200.0,850.0,950.0,24.0,48.0,10.0,2.508771929824561,28.0,70.0,44.87,208.252
0.6526315789473685,0.0,0.0,380.0,0.0,200.0,850.0,950.0,24.0,48.0,10.0,2.508771929824561,28.0,70.0,49.28,208.172
0.6888888888888889,0.0,0.0,360.0,0.0,200.0,850.0,950.0,24.0,48.0,10.0,2.508771929824561,28.0,70.0,51.52,208.092
0.7294117647058823,0.0,0.0,340.0,0.0,200.0,850.0,950.0,24.0,48.0,10.0,2.508771929824561,28.0,70.0,50.46,208.012
0.62,0.0,0.0,400.0,0.0,200.0,850.0,950.0,24.0,48.0,8.0,2.508771929824561,28.0,70.0,51.43,199.5196
0.5928571428571429,0.0,0.0,400.0,20.0,201.0,850.0,950.0,24.0,48.0,10.0,2.4655172413793105,28.0,70.0,53.38,209.298
0.5681818181818182,0.0,0.0,400.0,40.0,202.0,850.0,950.0,24.0,48.0,12.0,2.4237288135593222,28.0,70.0,55.02,219.3828
0.5456521739130434,0.0,0.0,400.0,60.0,203.0,850.0,950.0,24.0,48.0,14.0,2.3833333333333333,28.0,70.0,53.96,229.774
0.5483870967741935,0.0,186.0,279.0,0.0,255.0,504.0,1176.0,0.0,0.0,6.0,2.493150684931507,28.0,25.0,50.8922,117.9228
0.5483870967741935,0.0,186.0,279.0,0.0,255.0,504.0,1176.0,0.0,0.0,6.0,2.0,28.0,25.0,46.8307,119.118
0.5483870967741935,0.0,186.0,279.0,0.0,255.0,504.0,1176.0,0.0,0.0,6.0,1.5,28.0,25.0,32.6459,120.8112
0.5483870967741935,0.0,0.0,465.0,0.0,255.0,504.0,1176.0,0.0,0.0,6.0,2.493150684931507,28.0,25.0,31.2766,108.9948
0.5483870967741935,0.0,93.0,372.0,0.0,255.0,504.0,1176.0,0.0,0.0,6.0,2.493150684931507,28.0,25.0,32.9787,113.4588
0.5483870967741935,0.0,248.0,372.0,0.0,340.0,432.0,1008.0,0.0,0.0,6.0,2.5051546391752577,28.0,25.0,31.0011,153.35719999999998
0.5498154981549815,0.0,217.0,325.0,0.0,298.0,468.0,1092.0,0.0,0.0,6.0,2.5058823529411764,28.0,25.0,32.7006,135.81799999999998
0.5483870967741935,0.0,186.0,279.0,0.0,255.0,672.0,1008.0,0.0,0.0,6.0,2.493150684931507,28.0,25.0,42.6055,117.9228
0.5483870967741935,0.0,186.0,279.0,0.0,255.0,756.0,924.0,0.0,0.0,6.0,2.493150684931507,28.0,25.0,37.136,117.9228
0.5483870967741935,0.0,186.0,279.0,0.0,255.0,840.0,840.0,0.0,0.0,6.0,2.493150684931507,28.0,25.0,35.6808,117.9228
0.4501510574018127,0.0,265.0,397.0,0.0,298.0,432.0,1008.0,0.0,0.0,6.0,2.5058823529411764,28.0,25.0,36.2842,138.02599999999998
0.5483870967741935,0.0,186.0,279.0,0.0,255.0,504.0,1176.0,0.0,0.0,3.0,2.493150684931507,28.0,25.0,30.1053,101.1474
0.5483870967741935,0.0,186.0,279.0,0.0,255.0,504.0,1176.0,0.0,0.0,8.0,2.493150684931507,28.0,25.0,41.8947,129.1064
0.444104134762634,0.0,259.0,394.0,0.0,200.0,520.0,858.0,0.0,90.0,8.0,1.173913043478261,28.0,25.0,66.259,116.916
0.4349157733537519,0.0,259.0,394.0,0.0,180.0,520.0,858.0,0.0,104.0,8.0,1.195121951219512,28.0,25.0,67.3861,107.188
0.4211332312404288,0.0,259.0,394.0,0.0,150.0,520.0,858.0,0.0,125.0,8.0,1.173913043478261,28.0,25.0,53.2493,93.1016
0.4581358609794628,0.0,148.0,485.0,0.0,200.0,520.0,858.0,0.0,90.0,8.0,1.173913043478261,28.0,25.0,40.6474,111.508
0.4486571879936809,0.0,148.0,485.0,0.0,180.0,520.0,858.0,0.0,104.0,8.0,1.195121951219512,28.0,25.0,34.2926,101.78
0.4344391785150079,0.0,148.0,485.0,0.0,150.0,520.0,858.0,0.0,125.0,8.0,1.173913043478261,28.0,25.0,18.717,87.6936
0.4603174603174603,0.0,126.0,504.0,0.0,200.0,520.0,858.0,0.0,90.0,8.0,1.173913043478261,28.0,25.0,44.1007,110.44
0.4507936507936508,0.0,126.0,504.0,0.0,180.0,520.0,858.0,0.0,104.0,8.0,1.195121951219512,28.0,25.0,38.3213,100.712
0.4211332312404288,0.0,259.0,394.0,0.0,150.0,520.0,858.0,0.0,125.0,8.0,1.173913043478261,28.0,25.0,6.0551,93.1016
0.444104134762634,0.0,259.0,394.0,0.0,200.0,442.0,941.0,0.0,90.0,8.0,1.173913043478261,28.0,25.0,57.2846,116.94
0.444104134762634,0.0,259.0,394.0,0.0,200.0,597.0,776.0,0.0,90.0,8.0,1.173913043478261,28.0,25.0,66.9997,116.892
0.444104134762634,0.0,259.0,394.0,0.0,200.0,754.0,609.0,0.0,90.0,8.0,1.173913043478261,28.0,25.0,52.1414,116.844
0.4349157733537519,0.0,259.0,394.0,0.0,180.0,442.0,941.0,0.0,104.0,8.0,1.195121951219512,28.0,25.0,52.6417,107.212
0.4349157733537519,0.0,259.0,394.0,0.0,180.0,597.0,776.0,0.0,104.0,8.0,1.195121951219512,28.0,25.0,68.4283,107.164
0.4349157733537519,0.0,259.0,394.0,0.0,180.0,754.0,609.0,0.0,104.0,8.0,1.195121951219512,28.0,25.0,52.8557,107.116
0.4211332312404288,0.0,259.0,394.0,0.0,150.0,442.0,941.0,0.0,125.0,8.0,1.173913043478261,28.0,25.0,44.4303,93.1256
0.4211332312404288,0.0,259.0,394.0,0.0,150.0,597.0,776.0,0.0,125.0,8.0,1.173913043478261,28.0,25.0,53.7883,93.0776
0.4211332312404288,0.0,259.0,394.0,0.0,150.0,754.0,609.0,0.0,125.0,8.0,1.173913043478261,28.0,25.0,35.0014,93.0296
0.4709784411276949,0.0,239.0,364.0,0.0,180.0,572.0,858.0,0.0,104.0,8.0,1.195121951219512,28.0,25.0,46.5007,106.2776
0.5144927536231884,0.0,219.0,333.0,0.0,180.0,625.0,858.0,0.0,104.0,8.0,1.195121951219512,28.0,25.0,66.9274,105.368
0.4854700854700854,0.0,137.0,448.0,0.0,180.0,572.0,858.0,0.0,104.0,8.0,1.195121951219512,28.0,25.0,37.5029,101.3096
0.5308411214953271,0.0,125.0,410.0,0.0,180.0,624.0,858.0,0.0,104.0,8.0,1.195121951219512,28.0,25.0,34.0664,100.7832
0.4150076569678407,0.0,259.0,394.0,0.0,146.0,520.0,858.0,0.0,125.0,8.0,0.5869565217391305,28.0,25.0,40.2703,97.476
0.4333843797856049,0.0,259.0,394.0,0.0,158.0,520.0,858.0,0.0,125.0,8.0,1.7719298245614037,28.0,25.0,49.7297,92.948
0.4318529862174579,0.0,259.0,394.0,0.0,157.0,520.0,858.0,0.0,125.0,8.0,2.3404255319148937,28.0,25.0,46.7568,90.06
0.4150076569678407,0.0,259.0,394.0,0.0,146.0,520.0,858.0,0.0,125.0,8.0,1.2461538461538462,28.0,25.0,32.6966,90.6504
0.4303215926493108,0.0,259.0,394.0,0.0,156.0,520.0,858.0,0.0,125.0,8.0,1.08,28.0,25.0,66.4045,96.7784
0.4379785604900459,0.0,259.0,394.0,0.0,161.0,520.0,858.0,0.0,125.0,8.0,1.0125,28.0,25.0,71.7978,99.8424
0.45,0.0,0.0,500.0,0.0,225.0,,,0.0,0.0,12.0,0.25,28.0,24.0,26.95,191.33984
0.45,0.0,0.0,500.0,0.0,225.0,,,0.0,0.0,12.0,0.6666666666666666,28.0,24.0,40.36,166.18928
0.5,0.0,0.0,500.0,0.0,250.0,,,0.0,0.0,12.0,0.25,28.0,24.0,15.77,211.28528
0.5,0.0,0.0,500.0,0.0,250.0,,,0.0,0.0,12.0,0.6666666666666666,28.0,24.0,32.34,183.34016
0.55,0.0,0.0,500.0,0.0,275.0,,,0.0,0.0,12.0,0.25,28.0,24.0,19.47,231.23072
0.55,0.0,0.0,500.0,0.0,275.0,,,0.0,0.0,12.0,0.6666666666666666,28.0,24.0,37.44,200.49104
0.55,0.0,0.0,500.0,0.0,275.0,,,0.0,0.0,12.0,1.5,28.0,24.0,47.09,169.75136
0.4,0.0,0.0,350.0,0.0,140.0,483.0,1081.0,0.0,0.0,14.0,2.5,28.0,24.0,23.4,87.8032
0.4,0.0,35.0,315.0,0.0,140.0,483.0,1081.0,0.0,0.0,14.0,2.5,28.0,24.0,29.52,89.4832
0.4,0.0,70.0,280.0,0.0,140.0,483.0,1081.0,0.0,0.0,14.0,2.5,28.0,24.0,32.86,91.1632
0.4,0.0,105.0,245.0,0.0,140.0,483.0,1081.0,0.0,0.0,14.0,2.5,28.0,24.0,35.73,92.8432
0.4,0.0,140.0,210.0,0.0,140.0,483.0,1081.0,0.0,0.0,14.0,2.5,28.0,24.0,36.93,94.5232
0.4,0.0,175.0,175.0,0.0,140.0,483.0,1081.0,0.0,0.0,14.0,2.5,28.0,24.0,39.23,96.2032
0.4499943876978337,0.0,356.36,0.0,0.0,160.36,467.12,1284.29,3.56,0.0,8.0,1.0,28.0,24.0,41.291,111.629392
0.4499943876978337,0.0,356.36,0.0,0.0,160.36,467.12,1284.29,3.56,0.0,8.0,1.4999999999999998,28.0,24.0,49.8362,107.5754912
0.4499943877820181,0.0,356.36,0.0,0.0,160.36000003,467.12,1284.29,3.56,0.0,8.0,2.0000000007483165,28.0,24.0,58.1384,104.87289068504998
0.4499943876978337,0.0,356.36,0.0,0.0,160.36,467.12,1284.29,3.56,0.0,10.0,1.0,28.0,24.0,43.6923,123.912968
0.4499943876978337,0.0,356.36,0.0,0.0,160.36,467.12,1284.29,3.56,0.0,10.0,1.4999999999999998,28.0,24.0,50.7692,117.40235199999998
0.4499943877820181,0.0,356.36,0.0,0.0,160.36000003,467.12,1284.29,3.56,0.0,10.0,2.0000000007483165,28.0,24.0,66.1538,113.06194133895
0.4499943876978337,0.0,356.36,0.0,0.0,160.36,467.12,1284.29,3.56,0.0,12.0,1.0,28.0,24.0,45.8666,136.19654400000002
0.4499943876978337,0.0,356.36,0.0,0.0,160.36,467.12,1284.29,3.56,0.0,12.0,1.4999999999999998,28.0,24.0,58.9177,127.2292128
0.4499943877820181,0.0,356.36,0.0,0.0,160.36000003,467.12,1284.29,3.56,0.0,12.0,2.0000000007483165,28.0,24.0,70.9148,121.25099201199998
0.4499943876978337,0.0,356.36,0.0,0.0,160.36,467.12,1284.29,3.56,0.0,14.0,1.0,28.0,24.0,48.7669,148.48012
0.4499943876978337,0.0,356.36,0.0,0.0,160.36,467.12,1284.29,3.56,0.0,14.0,1.4999999999999998,28.0,24.0,61.3713,137.0560736
0.4499943877820181,0.0,356.36,0.0,0.0,160.36000003,467.12,1284.29,3.56,0.0,14.0,2.0000000007483165,28.0,24.0,71.1834,129.44004268505
0.2006771665525374,0.0,394.29,394.29,0.0,158.25,554.0,1294.0,0.0,0.0,12.0,2.4703947368421053,28.0,25.0,58.0,113.42016
0.2006771665525374,0.0,394.29,394.29,0.0,158.25,554.0,1294.0,0.0,0.0,16.0,2.4703947368421053,28.0,25.0,67.2,127.392
0.2006771665525374,0.0,394.29,394.29,0.0,158.25,554.0,1294.0,0.0,0.0,12.0,2.4703947368421053,28.0,100.0,58.9,161.54516
0.2006771665525374,0.0,394.29,394.29,0.0,158.25,554.0,1294.0,0.0,0.0,16.0,2.4703947368421053,28.0,100.0,62.3,175.517
0.5942603826411572,0.0,428.6,0.0,0.0,171.4,,,0.0,83.3,4.0,1.0,28.0,25.0,57.4,88.03768
0.5581822957709482,0.0,380.7,0.0,0.0,171.3,,,0.0,41.2,4.0,0.3330739299610895,28.0,25.0,50.26,83.4472
0.5523809523809524,0.0,336.0,0.0,0.0,168.0,,,0.0,17.6,4.0,0.2,28.0,25.0,56.67,79.5488
0.5633333333333334,0.0,360.0,0.0,0.0,144.0,,,0.0,58.8,6.0,0.3333333333333333,28.0,25.0,53.8,90.4176
0.5635572740454325,0.0,413.8,0.0,0.0,186.2,,,0.0,47.0,6.0,0.1997422680412371,28.0,25.0,58.11,112.64752
0.6597826086956522,0.0,368.0,0.0,0.0,184.0,,,0.0,58.8,6.0,1.0,28.0,25.0,57.18,103.4096
0.5713923408572154,0.0,394.3,0.0,0.0,157.70000000000002,,,0.0,67.6,8.0,0.200152207001522,28.0,25.0,38.1,119.36392
0.6530494821634062,0.0,347.6,0.0,0.0,156.4,,,0.0,70.6,8.0,1.0,28.0,25.0,65.02,103.24896
0.63225,0.0,400.0,0.0,0.0,200.0,,,0.0,52.9,8.0,0.3333333333333333,28.0,25.0,60.8,139.36
0.5221932114882507,0.0,0.0,383.0,0.0,200.0,546.0,1188.0,0.0,0.0,8.0,1.5,28.0,90.0,29.62,143.78753333333333
0.5221932114882507,0.0,0.0,383.0,0.0,200.0,546.0,1188.0,0.0,0.0,10.0,1.5,28.0,90.0,31.39,156.04353333333333
0.5221932114882507,0.0,0.0,383.0,0.0,200.0,546.0,1188.0,0.0,0.0,12.0,1.5,28.0,90.0,33.17,168.29953333333333
0.4314994606256742,0.0,0.0,463.5,0.0,200.0,530.7,1154.06,0.0,0.0,8.0,1.5,28.0,90.0,32.43,143.87318133333335
0.4314994606256742,0.0,0.0,463.5,0.0,200.0,530.7,1154.06,0.0,0.0,10.0,1.5,28.0,90.0,34.21,156.12918133333335
0.4314994606256742,0.0,0.0,463.5,0.0,200.0,530.7,1154.06,0.0,0.0,12.0,1.5,28.0,90.0,35.98,168.38518133333335
0.3773584905660377,0.0,0.0,530.0,0.0,200.0,514.0,1117.0,0.0,0.0,8.0,1.5,28.0,90.0,42.8,143.88113333333334
0.3773584905660377,0.0,0.0,530.0,0.0,200.0,514.0,1117.0,0.0,0.0,10.0,1.5,28.0,90.0,45.02,156.13713333333334
0.3773584905660377,0.0,0.0,530.0,0.0,200.0,514.0,1117.0,0.0,0.0,12.0,1.5,28.0,90.0,47.24,168.39313333333334
0.5050857142857142,0.0,0.0,350.0,0.0,176.78,777.0,1167.0,0.0,0.0,10.0,1.0,28.0,60.0,22.5,132.71667333333335
0.6748000000000001,0.0,0.0,350.0,0.0,236.18,777.0,1167.0,0.0,0.0,10.0,1.0,28.0,60.0,31.1,166.15887333333333
0.7610285714285715,0.0,0.0,350.0,0.0,266.36,777.0,1167.0,0.0,0.0,10.0,1.0,28.0,60.0,32.6,183.1502133333333
0.5050857142857142,0.0,0.0,350.0,0.0,176.78,777.0,1167.0,0.0,0.0,14.0,1.0,28.0,60.0,29.2,159.79936933333332
0.6748000000000001,0.0,0.0,350.0,0.0,236.18,777.0,1167.0,0.0,0.0,14.0,1.0,28.0,60.0,35.2,202.3416493333333
0.7610285714285715,0.0,0.0,350.0,0.0,266.36,777.0,1167.0,0.0,0.0,14.0,1.0,28.0,60.0,36.8,223.9565653333333
0.5050857142857142,0.0,0.0,350.0,0.0,176.78,777.0,1167.0,0.0,0.0,16.0,1.0,28.0,60.0,29.9,173.34071733333334
0.6748000000000001,0.0,0.0,350.0,0.0,236.18,777.0,1167.0,0.0,0.0,16.0,1.0,28.0,60.0,36.1,220.4330373333333
0.7610285714285715,0.0,0.0,350.0,0.0,266.36,777.0,1167.0,0.0,0.0,16.0,1.0,28.0,60.0,36.8,244.35974133333332
0.4466,0.0,0.0,450.0,0.0,200.97,700.0,1051.0,0.0,0.0,10.0,1.2736734924765245,28.0,60.0,31.2,140.8986733333333
0.5969111111111112,0.0,0.0,450.0,0.0,268.61,700.0,1051.0,0.0,0.0,10.0,1.274621051740198,28.0,60.0,38.3,177.30727333333334
0.6733555555555555,0.0,0.0,450.0,0.0,303.01,700.0,1051.0,0.0,0.0,10.0,1.2751914701907194,28.0,60.0,38.9,195.81781333333333
0.4466,0.0,0.0,450.0,0.0,200.97,700.0,1051.0,0.0,0.0,14.0,1.2736734924765245,28.0,60.0,34.5,167.98136933333333
0.5969111111111112,0.0,0.0,450.0,0.0,268.61,700.0,1051.0,0.0,0.0,14.0,1.274621051740198,28.0,60.0,41.5,213.49004933333333
0.6733555555555555,0.0,0.0,450.0,0.0,303.01,700.0,1051.0,0.0,0.0,14.0,1.2751914701907194,28.0,60.0,42.5,236.6241653333333
0.4466,0.0,0.0,450.0,0.0,200.97,700.0,1051.0,0.0,0.0,16.0,1.2736734924765245,28.0,60.0,36.7,181.52271733333333
0.5969111111111112,0.0,0.0,450.0,0.0,268.61,700.0,1051.0,0.0,0.0,16.0,1.274621051740198,28.0,60.0,42.1,231.58143733333333
0.6748000000000001,0.0,0.0,350.0,0.0,236.18,777.0,1167.0,0.0,0.0,10.0,1.0,28.0,60.0,17.3,151.18665110362502
0.6748000000000001,0.0,0.0,350.0,0.0,236.18,777.0,1167.0,0.0,0.0,14.0,1.0,28.0,60.0,24.1,187.369427103625
0.6748000000000001,0.0,0.0,350.0,0.0,236.18,777.0,1167.0,0.0,0.0,16.0,1.0,28.0,60.0,24.8,205.460815103625
0.5969111111111112,0.0,0.0,450.0,0.0,268.61,700.0,1051.0,0.0,0.0,10.0,1.274621051740198,28.0,60.0,25.1,162.335051103625
0.5969111111111112,0.0,0.0,450.0,0.0,268.61,700.0,1051.0,0.0,0.0,14.0,1.274621051740198,28.0,60.0,28.5,198.517827103625
0.5969111111111112,0.0,0.0,450.0,0.0,268.61,700.0,1051.0,0.0,0.0,16.0,1.274621051740198,28.0,60.0,29.2,216.60921510362505
0.547775,0.0,400.0,0.0,0.0,219.11,524.0,1024.0,0.0,0.0,10.0,2.4856824689786827,28.0,25.0,47.5325,132.63116
0.547775,0.0,400.0,0.0,0.0,219.11,524.0,1024.0,0.0,0.0,12.0,2.4856824689786827,28.0,25.0,54.1558,142.261312
0.547775,0.0,400.0,0.0,0.0,219.11,524.0,1024.0,0.0,0.0,14.0,2.4856824689786827,28.0,25.0,59.2208,151.89146399999998
0.550761421319797,0.0,394.0,0.0,0.0,158.0,647.0,1201.0,5.91,59.0,8.0,2.511111111111111,28.0,60.0,69.28,123.69742222970834
0.3529411764705882,0.0,0.0,408.0,0.0,144.0,554.0,1294.0,6.12,0.0,8.0,2.5121951219512195,28.0,25.0,16.3,84.2128
0.3529411764705882,0.0,40.8,367.2,0.0,144.0,554.0,1294.0,6.12,0.0,8.0,2.5121951219512195,28.0,25.0,21.11,86.1712
0.3529411764705882,0.0,81.6,326.4,0.0,144.0,554.0,1294.0,6.12,0.0,8.0,2.5121951219512195,28.0,25.0,34.32,88.1296
0.3529411764705882,0.0,122.4,285.6,0.0,144.0,554.0,1294.0,6.12,0.0,8.0,2.5121951219512195,28.0,25.0,42.48,90.088
0.3529411764705882,0.0,163.2,244.8,0.0,144.0,554.0,1294.0,6.12,0.0,8.0,2.5121951219512195,28.0,25.0,45.55,92.0464
0.4841075794621027,0.0,204.5,204.5,0.0,143.0,549.0,1290.0,0.0,55.0,10.0,2.4878048780487805,28.0,25.0,53.5,88.4052
0.4841075794621027,0.0,102.0,307.0,0.0,143.0,549.0,1290.0,0.0,55.0,10.0,2.4878048780487805,28.0,25.0,35.4,83.48519999999999
0.4841075794621027,0.0,0.0,409.0,0.0,143.0,549.0,1290.0,0.0,55.0,10.0,2.4878048780487805,28.0,25.0,24.5,78.5892
0.4457142857428571,0.0,0.0,350.0,0.0,121.00000001,920.0,920.0,10.5,35.0,16.0,2.499999999421488,28.0,50.0,22.1614,135.54036191348334
0.4375,0.0,0.0,400.0,0.0,140.0,875.0,875.0,10.5,35.0,16.0,2.5,28.0,50.0,27.3115,146.84733333333332
0.4277777777777777,0.0,0.0,450.0,0.0,157.5,830.0,830.0,10.5,35.0,16.0,2.5,28.0,50.0,38.1929,157.24333333333334
0.4375,0.0,0.0,400.0,0.0,140.0,875.0,875.0,10.5,35.0,16.0,2.5,28.0,50.0,35.2859,146.84733333333332
0.4277777777777777,0.0,0.0,450.0,0.0,157.5,830.0,830.0,10.5,35.0,16.0,2.5,28.0,50.0,43.5984,157.24333333333334
0.4375,0.0,0.0,400.0,0.0,140.0,875.0,875.0,10.5,35.0,16.0,2.5,28.0,50.0,27.2937,146.84733333333332
0.3888888888888889,0.0,0.0,450.0,0.0,140.0,830.0,830.0,10.5,35.0,16.0,2.5,28.0,50.0,38.3569,146.61533333333333
0.4375,0.0,0.0,400.0,0.0,140.0,875.0,875.0,10.5,35.0,16.0,2.5,28.0,28.0,13.3626,118.614
0.4375,0.0,0.0,400.0,0.0,140.0,875.0,875.0,10.5,35.0,16.0,2.5,28.0,70.0,37.4018,172.514
0.4375,0.0,0.0,400.0,0.0,140.0,875.0,875.0,10.5,35.0,16.0,2.5,28.0,90.0,32.7158,198.1806666666667
0.4375,0.0,0.0,400.0,0.0,140.0,875.0,875.0,10.5,35.0,16.0,2.5,28.0,50.0,25.2143,130.80566666666667
0.4375,0.0,0.0,400.0,0.0,140.0,875.0,875.0,10.5,35.0,16.0,2.5,28.0,50.0,31.0,162.889
0.4375,0.0,0.0,400.0,0.0,140.0,875.0,875.0,10.5,35.0,16.0,2.5,28.0,50.0,27.526,146.84733333333332
0.425,0.0,0.0,400.0,0.0,140.0,880.0,880.0,10.5,30.0,16.0,2.5,28.0,50.0,32.8125,146.89533333333333
0.4,0.0,0.0,400.0,0.0,140.0,895.0,895.0,10.5,20.0,16.0,2.5,28.0,50.0,34.6354,147.03933333333333
0.375,0.0,0.0,400.0,0.0,140.0,910.0,910.0,10.5,10.0,16.0,2.5,28.0,50.0,36.0938,147.18333333333334
0.4375,0.0,0.0,400.0,0.0,140.0,880.0,880.0,7.5,35.0,16.0,2.5,28.0,50.0,30.3279,141.25533333333334
0.4375,0.0,0.0,400.0,0.0,140.0,885.0,885.0,5.0,35.0,16.0,2.5,28.0,50.0,32.1311,136.60333333333332
0.4375,0.0,0.0,400.0,0.0,140.0,887.0,887.0,2.5,35.0,16.0,2.5,28.0,50.0,32.9508,131.92253333333332
0.4375,0.0,0.0,400.0,0.0,140.0,875.0,875.0,10.5,35.0,18.0,2.5,28.0,50.0,20.3184,152.97533333333334
0.4375,0.0,0.0,400.0,0.0,140.0,875.0,875.0,10.5,35.0,12.0,2.5,28.0,50.0,18.7985,134.59133333333332
0.5375,0.0,0.0,400.0,0.0,180.0,840.0,840.0,10.5,35.0,16.0,2.495145631067961,28.0,50.0,30.0,170.86573333333334
0.4875,0.0,0.0,400.0,0.0,160.0,860.0,860.0,10.5,35.0,16.0,2.4782608695652173,28.0,50.0,31.9355,159.09693333333334
0.3875,0.0,0.0,400.0,0.0,120.0,895.0,895.0,10.5,35.0,16.0,2.4782608695652173,28.0,50.0,17.9032,135.07853333333333
0.4375,0.0,0.0,400.0,0.0,140.0,875.0,875.0,10.5,35.0,16.0,3.3076923076923075,28.0,50.0,35.5177,140.35533333333333
0.4375,0.0,0.0,400.0,0.0,140.0,875.0,875.0,47.0,35.0,16.0,1.9787234042553192,28.0,50.0,25.1063,221.52653333333333
0.4841075794621027,0.0,307.0,102.0,0.0,143.0,554.0,1293.0,0.0,55.0,10.0,2.4878048780487805,28.0,25.0,55.5,93.3636
0.4841075794621027,0.0,409.0,0.0,0.0,143.0,554.0,1293.0,0.0,55.0,10.0,2.4878048780487805,28.0,25.0,58.6,98.2596
0.4324324324324324,0.0,0.0,444.0,0.0,156.0,540.0,1260.0,5.8,36.0,8.0,2.466666666666667,28.0,25.0,15.1027,88.856
0.4830917874396135,0.0,0.0,414.0,0.0,186.0,540.0,1260.0,5.8,14.0,8.0,2.509433962264151,28.0,25.0,26.2238,101.5584
0.4324324324324324,0.0,0.0,444.0,0.0,156.0,540.0,1260.0,5.8,36.0,12.0,2.466666666666667,28.0,25.0,31.1644,102.644
0.4830917874396135,0.0,0.0,414.0,0.0,186.0,540.0,1260.0,5.8,14.0,12.0,2.509433962264151,28.0,25.0,24.3357,117.7976
0.4830917874396135,0.0,0.0,414.0,0.0,186.0,540.0,1260.0,5.8,14.0,8.0,2.509433962264151,28.0,60.0,14.6454,124.01673333333332
0.4,0.0,0.0,500.0,0.0,200.0,320.0,1321.0,6.0,0.0,16.0,1.5,28.0,60.0,53.56,184.8631333333333
0.5,0.0,0.0,400.0,0.0,200.0,344.0,1419.0,4.0,0.0,16.0,1.5,28.0,60.0,45.95,181.2887333333333
0.6006006006006006,0.0,0.0,333.0,0.0,200.0,360.0,1485.0,3.2,0.0,16.0,1.5,28.0,60.0,37.12,179.91033333333334
0.6993006993006993,0.0,0.0,286.0,0.0,200.0,371.0,1533.0,0.0,0.0,16.0,1.5,28.0,60.0,33.41,173.98953333333333
0.8,0.0,0.0,250.0,0.0,200.0,380.0,1567.0,0.0,0.0,16.0,1.5,28.0,60.0,23.45,174.05193333333332
0.25,0.0,560.0,0.0,0.0,140.0,668.0,1148.0,0.0,0.0,14.0,3.375,28.0,60.0,30.27,116.64818333333332
0.3,0.0,560.0,0.0,0.0,168.0,668.0,1148.0,0.0,0.0,14.0,3.3076923076923075,28.0,60.0,33.47,131.71498333333332
0.35,0.0,560.0,0.0,0.0,196.0,668.0,1148.0,0.0,0.0,14.0,3.355555555555556,28.0,60.0,32.76,146.06938333333332
0.25,0.0,560.0,0.0,0.0,140.0,668.0,1148.0,0.0,0.0,14.0,1.4137931034482758,28.0,60.0,35.68,135.17058333333333
0.2821428571428571,0.0,560.0,0.0,0.0,158.0,668.0,1148.0,0.0,0.0,14.0,1.289855072463768,28.0,60.0,34.42,149.4869833333333
0.35,0.0,560.0,0.0,0.0,196.0,668.0,1148.0,0.0,0.0,14.0,1.4197530864197532,28.0,60.0,29.42,171.71578333333335
0.2464285714285714,0.0,560.0,0.0,0.0,138.0,668.0,1148.0,0.0,0.0,14.0,0.6428571428571429,28.0,60.0,28.88,152.97298333333333
0.3,0.0,560.0,0.0,0.0,168.0,668.0,1148.0,0.0,0.0,14.0,0.6153846153846154,28.0,60.0,32.02,178.02098333333333
0.35,0.0,560.0,0.0,0.0,196.0,668.0,1148.0,0.0,0.0,14.0,0.6198347107438017,28.0,60.0,24.17,200.21178333333333
0.25,0.0,560.0,0.0,0.0,140.0,668.0,1148.0,0.0,0.0,14.0,3.375,28.0,80.0,29.67,119.85651666666666
0.3,0.0,560.0,0.0,0.0,168.0,668.0,1148.0,0.0,0.0,14.0,3.3076923076923075,28.0,80.0,34.61,134.92331666666666
0.35,0.0,560.0,0.0,0.0,196.0,668.0,1148.0,0.0,0.0,14.0,3.355555555555556,28.0,80.0,44.64,149.27771666666666
0.25,0.0,560.0,0.0,0.0,140.0,668.0,1148.0,0.0,0.0,14.0,1.4137931034482758,28.0,80.0,32.98,138.37891666666667
0.2821428571428571,0.0,560.0,0.0,0.0,158.0,668.0,1148.0,0.0,0.0,14.0,1.289855072463768,28.0,80.0,41.96,152.69531666666666
0.35,0.0,560.0,0.0,0.0,196.0,668.0,1148.0,0.0,0.0,14.0,1.4197530864197532,28.0,80.0,37.26,174.92411666666666
0.2464285714285714,0.0,560.0,0.0,0.0,138.0,668.0,1148.0,0.0,0.0,14.0,0.6428571428571429,28.0,80.0,37.65,156.18131666666665
0.3,0.0,560.0,0.0,0.0,168.0,668.0,1148.0,0.0,0.0,14.0,0.6153846153846154,28.0,80.0,39.05,181.22931666666665
0.35,0.0,560.0,0.0,0.0,196.0,668.0,1148.0,0.0,0.0,14.0,0.6198347107438017,28.0,80.0,30.01,203.42011666666664
0.25,0.0,560.0,0.0,0.0,140.0,668.0,1148.0,0.0,0.0,14.0,3.375,28.0,100.0,31.24,123.06485
0.3,0.0,560.0,0.0,0.0,168.0,668.0,1148.0,0.0,0.0,14.0,3.3076923076923075,28.0,100.0,33.78,138.13164999999998
0.35,0.0,560.0,0.0,0.0,196.0,668.0,1148.0,0.0,0.0,14.0,3.355555555555556,28.0,100.0,35.9,152.48604999999998
0.25,0.0,560.0,0.0,0.0,140.0,668.0,1148.0,0.0,0.0,14.0,1.4137931034482758,28.0,100.0,34.44,141.58725
0.2821428571428571,0.0,560.0,0.0,0.0,158.0,668.0,1148.0,0.0,0.0,14.0,1.289855072463768,28.0,100.0,37.64,155.90365
0.35,0.0,560.0,0.0,0.0,196.0,668.0,1148.0,0.0,0.0,14.0,1.4197530864197532,28.0,100.0,35.78,178.13245
0.2464285714285714,0.0,560.0,0.0,0.0,138.0,668.0,1148.0,0.0,0.0,14.0,0.6428571428571429,28.0,100.0,32.64,159.38965
0.3,0.0,560.0,0.0,0.0,168.0,668.0,1148.0,0.0,0.0,14.0,0.6153846153846154,28.0,100.0,34.97,184.43765
0.35,0.0,560.0,0.0,0.0,196.0,668.0,1148.0,0.0,0.0,14.0,0.6198347107438017,28.0,100.0,29.46,206.62845
0.7192,0.0,0.0,300.0,0.0,165.0,752.29,1128.44,0.0,50.76,10.0,2.500212134068732,28.0,100.0,31.38128,136.891344
0.6793666666666667,0.0,0.0,300.0,0.0,135.0,753.83,1130.74,0.0,68.81,10.0,2.500129634430905,28.0,100.0,26.3798885,122.630356
0.7192285714285714,0.0,0.0,350.0,0.0,192.5,698.87,1048.3,0.0,59.23,10.0,2.5,28.0,100.0,35.500073,149.541416
0.6793714285714286,0.0,0.0,350.0,0.0,157.5,700.67,1051.0,0.0,80.28,10.0,2.5,28.0,100.0,29.812216,132.903016
0.4,0.0,0.0,330.0,0.0,132.0,727.0,1350.0,0.0,0.0,8.0,2.0,28.0,60.0,18.2,92.39113333333331
0.4,0.0,0.0,330.0,0.0,132.0,727.0,1350.0,0.0,0.0,8.0,2.0,28.0,60.0,18.98,92.39113333333331
0.4,0.0,0.0,330.0,0.0,132.0,727.0,1350.0,0.0,0.0,8.0,2.0,28.0,60.0,16.5,92.39113333333331
0.4,0.0,0.0,330.0,0.0,132.0,727.0,1350.0,0.0,0.0,10.0,2.0,28.0,60.0,20.6,99.13193333333334
0.4,0.0,0.0,330.0,0.0,132.0,727.0,1350.0,0.0,0.0,10.0,2.0,28.0,60.0,20.8,99.13193333333334
0.4,0.0,0.0,330.0,0.0,132.0,727.0,1350.0,0.0,0.0,10.0,2.0,28.0,60.0,17.2,99.13193333333334
0.4,0.0,0.0,330.0,0.0,132.0,727.0,1350.0,0.0,0.0,12.0,2.0,28.0,60.0,24.9,105.87273333333334
0.4,0.0,0.0,330.0,0.0,132.0,727.0,1350.0,0.0,0.0,12.0,2.0,28.0,60.0,24.4,105.87273333333334
0.4,0.0,0.0,330.0,0.0,132.0,727.0,1350.0,0.0,0.0,12.0,2.0,28.0,60.0,20.1,105.87273333333334
0.550761421319797,0.0,394.0,0.0,0.0,158.0,647.0,1201.0,5.91,59.0,8.0,2.511111111111111,28.0,90.0,71.63,136.53075556945834
0.550761421319797,0.0,394.0,0.0,0.0,158.0,647.0,1201.0,5.91,59.0,8.0,2.511111111111111,28.0,25.0,52.79,108.7252
0.5739299610894941,0.0,206.0,308.0,0.0,220.0,615.0,935.0,0.0,75.0,10.0,1.2222222222222223,28.0,25.0,61.8,138.778
0.5733333333333334,0.0,180.0,270.0,0.0,193.0,670.0,1030.0,0.0,65.0,10.0,1.2183908045977012,28.0,25.0,70.4,123.402
0.565,0.0,160.0,240.0,0.0,171.0,720.0,1110.0,0.0,55.0,10.0,1.2207792207792207,28.0,25.0,69.1,110.886
0.6,0.0,140.0,210.0,0.0,150.0,750.0,1155.0,0.0,60.0,10.0,1.2058823529411764,28.0,25.0,60.4,98.872
0.6025,0.0,160.0,240.0,0.0,171.0,710.0,1070.0,0.0,70.0,10.0,1.2207792207792207,28.0,25.0,66.7,110.646
0.54,0.0,180.0,270.0,0.0,193.0,690.0,1050.0,0.0,50.0,10.0,1.2183908045977012,28.0,25.0,72.3,123.594
0.6571428571428571,0.0,140.0,210.0,0.0,150.0,730.0,1120.0,0.0,80.0,10.0,1.2388059701492538,28.0,25.0,56.1,98.202
0.5603015075376885,0.0,159.0,239.0,0.0,171.0,721.0,1111.0,0.0,52.0,10.0,1.2207792207792207,28.0,25.0,60.6,110.8396
0.5926892950391645,0.0,153.0,230.0,0.0,164.0,721.0,1111.0,0.0,63.0,10.0,1.2162162162162162,28.0,25.0,58.6,106.7536
0.6031746031746031,0.0,151.0,227.0,0.0,162.0,721.0,1111.0,0.0,66.0,10.0,1.2191780821917808,28.0,25.0,60.9,105.5116
0.6391184573002755,0.0,145.0,218.0,0.0,156.0,721.0,1111.0,0.0,76.0,10.0,1.2285714285714286,28.0,25.0,51.2,101.7856
0.5808219178082191,0.0,146.0,219.0,0.0,156.0,742.0,1145.0,0.0,56.0,10.0,1.2285714285714286,28.0,25.0,58.4,102.1056
0.5916666666666667,0.0,144.0,216.0,0.0,154.0,742.0,1145.0,0.0,59.0,10.0,1.2318840579710144,28.0,25.0,56.1,100.8636
0.6056338028169014,0.0,142.0,213.0,0.0,153.0,742.0,1145.0,0.0,62.0,10.0,1.2173913043478262,28.0,25.0,56.3,100.3876
0.5919540229885057,0.0,139.0,209.0,0.0,149.0,753.0,1160.0,0.0,57.0,10.0,1.2238805970149254,28.0,25.0,56.8,98.0884
0.6135693215339233,0.0,136.0,203.0,0.0,145.0,753.0,1160.0,0.0,63.0,10.0,1.2307692307692308,28.0,25.0,55.6,95.6564
0.6393939393939394,0.0,132.0,198.0,0.0,142.0,753.0,1160.0,0.0,69.0,10.0,1.21875,28.0,25.0,36.2,93.9424
0.4345454545454545,0.0,0.0,550.0,0.0,239.0,600.0,838.0,0.0,0.0,8.0,1.5157894736842106,28.0,65.0,34.32,144.82506666666666
0.4345454545454545,0.0,0.0,550.0,0.0,239.0,600.0,838.0,0.0,0.0,10.0,1.5157894736842106,28.0,65.0,35.41,159.37906666666666
0.4345454545454545,0.0,0.0,550.0,0.0,239.0,600.0,838.0,0.0,0.0,12.0,1.5157894736842106,28.0,65.0,42.15,173.93306666666666
0.4345454545454545,0.0,0.0,550.0,0.0,239.0,600.0,838.0,0.0,0.0,14.0,1.5157894736842106,28.0,65.0,40.5,188.4870666666667
0.4345454545454545,0.0,0.0,550.0,0.0,239.0,600.0,838.0,0.0,0.0,8.0,1.5157894736842106,28.0,25.0,35.4,119.1584
0.4345454545454545,0.0,0.0,550.0,0.0,239.0,600.0,838.0,0.0,0.0,10.0,1.5157894736842106,28.0,25.0,36.9,133.7124
0.4345454545454545,0.0,0.0,550.0,0.0,239.0,600.0,838.0,0.0,0.0,12.0,1.5157894736842106,28.0,25.0,41.7,148.2664
0.4345454545454545,0.0,0.0,550.0,0.0,239.0,600.0,838.0,0.0,0.0,14.0,1.5157894736842106,28.0,25.0,38.5,162.8204
0.5511520737419355,0.0,0.0,310.0,0.0,170.85714286,649.0,1204.0,6.2,0.0,10.0,2.4970760232457847,28.0,80.0,44.876,138.42663808976667
0.4282115869017632,0.0,79.0,318.0,0.0,170.0,721.0,1111.0,0.0,0.0,7.5,1.207792207792208,28.0,20.0,38.8586,91.8901
0.4300518134715025,0.0,77.0,309.0,0.0,166.0,721.0,1111.0,0.0,0.0,7.5,1.2133333333333334,28.0,20.0,38.4302,89.8811
0.4308510638297872,0.0,75.0,301.0,0.0,162.0,721.0,1111.0,0.0,0.0,7.5,1.2191780821917808,28.0,20.0,37.6314,87.87610000000001
0.4277929155313351,0.0,73.0,294.0,0.0,157.0,721.0,1111.0,0.0,0.0,7.5,1.2112676056338028,28.0,20.0,30.9016,85.5151
0.4258241758241758,0.0,73.0,291.0,0.0,155.0,742.0,1145.0,0.0,0.0,7.5,1.2142857142857142,28.0,20.0,40.5231,84.8326
0.4265536723163842,0.0,71.0,283.0,0.0,151.0,742.0,1145.0,0.0,0.0,7.5,1.2205882352941178,28.0,20.0,35.2748,82.82759999999999
0.4289855072463768,0.0,69.0,276.0,0.0,148.0,742.0,1145.0,0.0,0.0,7.5,1.208955223880597,28.0,20.0,30.0265,81.4011
0.4293628808864266,0.0,72.0,289.0,0.0,155.0,753.0,1160.0,0.0,0.0,7.5,1.2142857142857142,28.0,20.0,37.1083,84.8974
0.4301994301994302,0.0,70.0,281.0,0.0,151.0,753.0,1160.0,0.0,0.0,7.5,1.2205882352941178,28.0,20.0,38.1614,82.8924
0.4298245614035088,0.0,68.0,274.0,0.0,147.0,753.0,1160.0,0.0,0.0,7.5,1.2272727272727273,28.0,20.0,34.0268,80.8914
0.4281437125748503,0.0,67.0,267.0,0.0,143.0,753.0,1160.0,0.0,0.0,7.5,1.234375,28.0,20.0,32.1143,78.94239999999999
0.4296482412060301,0.0,159.0,239.0,0.0,171.0,721.0,1111.0,0.0,0.0,7.5,1.2207792207792207,28.0,20.0,60.0328,96.0941
0.4281984334203655,0.0,153.0,230.0,0.0,164.0,721.0,1111.0,0.0,0.0,7.5,1.2162162162162162,28.0,20.0,57.9994,92.5826
0.4285714285714285,0.0,151.0,227.0,0.0,162.0,721.0,1111.0,0.0,0.0,7.5,1.2191780821917808,28.0,20.0,60.9332,91.5321
0.4297520661157025,0.0,145.0,218.0,0.0,156.0,721.0,1111.0,0.0,0.0,7.5,1.2285714285714286,28.0,20.0,50.9846,88.3806
0.4273972602739726,0.0,146.0,219.0,0.0,156.0,742.0,1145.0,0.0,0.0,7.5,1.2285714285714286,28.0,20.0,58.2677,88.7006
0.4277777777777777,0.0,144.0,216.0,0.0,154.0,742.0,1145.0,0.0,0.0,7.5,1.2318840579710144,28.0,20.0,55.7848,87.6501
0.4309859154929577,0.0,142.0,213.0,0.0,153.0,742.0,1145.0,0.0,0.0,7.5,1.2173913043478262,28.0,20.0,56.2186,87.1741
0.4281609195402299,0.0,139.0,209.0,0.0,149.0,753.0,1160.0,0.0,0.0,7.5,1.2238805970149254,28.0,20.0,56.9035,85.2579
0.4277286135693215,0.0,136.0,203.0,0.0,145.0,753.0,1160.0,0.0,0.0,7.5,1.2307692307692308,28.0,20.0,55.6864,83.2089
0.4303030303030303,0.0,132.0,198.0,0.0,142.0,753.0,1160.0,0.0,0.0,7.5,1.21875,28.0,20.0,36.1373,81.68639999999999
0.4297082228116711,0.0,264.0,113.0,0.0,162.0,721.0,1111.0,0.0,0.0,7.5,1.2191780821917808,28.0,20.0,77.3575,96.9521
0.426183844011142,0.0,251.0,108.0,0.0,153.0,721.0,1111.0,0.0,0.0,7.5,1.2173913043478262,28.0,20.0,70.8577,92.1581
0.4285714285714285,0.0,245.0,105.0,0.0,150.0,721.0,1111.0,0.0,0.0,7.5,1.2058823529411764,28.0,20.0,64.8256,90.5396
0.4265536723163842,0.0,248.0,106.0,0.0,151.0,742.0,1145.0,0.0,0.0,7.5,1.2205882352941178,28.0,20.0,70.5511,91.32359999999998
0.4272997032640949,0.0,236.0,101.0,0.0,144.0,742.0,1145.0,0.0,0.0,7.5,1.2153846153846153,28.0,20.0,68.4825,87.5161
0.425531914893617,0.0,230.0,99.0,0.0,140.0,742.0,1145.0,0.0,0.0,7.5,1.2222222222222223,28.0,20.0,68.0015,85.3271
0.4285714285714285,0.0,240.0,103.0,0.0,147.0,753.0,1160.0,0.0,0.0,7.5,1.2272727272727273,28.0,20.0,72.2589,89.1514
0.4294478527607362,0.0,228.0,98.0,0.0,140.0,753.0,1160.0,0.0,0.0,7.5,1.2222222222222223,28.0,20.0,66.8746,85.34389999999999
0.4276729559748428,0.0,223.0,95.0,0.0,136.0,753.0,1160.0,0.0,0.0,7.5,1.2295081967213115,28.0,20.0,61.5788,83.2029
0.5657492354740061,0.0,0.0,327.0,0.0,163.0,672.0,1248.0,0.0,22.0,8.0,2.000184060371802,28.0,60.0,31.3,105.39695733333332
0.3999492772001014,0.0,0.0,394.3,0.0,157.7,646.8,1201.2,6.0,0.0,16.0,2.499778073679538,28.0,60.0,50.65,139.9618693333333
0.3499877720714111,0.0,0.0,408.9,0.0,143.11,554.0,1294.0,6.0,0.0,16.0,2.499877720714111,28.0,60.0,71.07,131.15831733333334
0.3500246913580246,0.0,0.0,405.0,0.0,141.76,587.3,1283.08,0.0,0.0,14.0,1.0,28.0,24.0,14.66,112.126336
0.3500246913580246,0.0,101.25,303.75,0.0,141.76,587.3,1283.08,0.0,0.0,15.0,1.0,28.0,24.0,32.64,122.415744
0.3500246913580246,0.0,152.5,252.5,0.0,141.76,587.3,1283.08,0.0,0.0,16.0,1.0,28.0,24.0,39.52,130.305152
0.3500246913580246,0.0,303.75,101.25,0.0,141.76,587.3,1283.08,0.0,0.0,17.0,1.0,28.0,24.0,47.91,142.99456
0.3500246913580246,0.0,405.0,0.0,0.0,141.76,587.3,1283.08,0.0,0.0,18.0,1.0,28.0,24.0,47.98,153.283968
0.3500246913580246,0.0,0.0,405.0,0.0,141.76,587.3,1283.08,0.0,0.0,19.0,1.0,28.0,60.0,19.33,161.73170933333333
0.3500246913580246,0.0,101.25,303.75,0.0,141.76,587.3,1283.08,0.0,0.0,20.0,1.0,28.0,60.0,41.04,172.02111733333334
0.3500246913580246,0.0,152.5,252.5,0.0,141.76,587.3,1283.08,0.0,0.0,21.0,1.0,28.0,60.0,43.24,179.91052533333334
0.3500246913580246,0.0,303.75,101.25,0.0,141.76,587.3,1283.08,0.0,0.0,22.0,1.0,28.0,60.0,50.47,192.59993333333333
0.3500246913580246,0.0,405.0,0.0,0.0,141.76,587.3,1283.08,0.0,0.0,23.0,1.0,28.0,60.0,53.11,202.8893413333333
0.4511627906976744,0.0,0.0,430.0,0.0,194.0,533.0,1243.0,8.6,0.0,8.0,2.4642857142857144,28.0,60.0,31.0558,132.86793333333333
0.4508816120906801,0.0,0.0,397.0,0.0,179.0,547.0,1277.0,7.94,0.0,8.0,2.5098039215686274,28.0,60.0,32.6797,125.06153333333332
0.4478021978021978,0.0,0.0,364.0,0.0,163.0,562.0,1311.0,7.28,0.0,8.0,2.5434782608695654,28.0,60.0,32.9878,116.89993333333334
0.4471299093655589,0.0,0.0,331.0,0.0,148.0,576.0,1344.0,6.62,0.0,8.0,2.523809523809524,28.0,60.0,31.0693,109.34153333333332
0.4496644295302013,0.0,0.0,298.0,0.0,134.0,590.0,1377.0,5.96,0.0,8.0,2.526315789473684,28.0,60.0,27.5311,102.14313333333334
0.4488372093023255,0.0,0.0,430.0,0.0,193.0,533.0,1243.0,8.6,0.0,10.0,2.5090909090909093,28.0,60.0,33.9639,140.68113333333332
0.4508816120906801,0.0,0.0,397.0,0.0,179.0,547.0,1277.0,7.94,0.0,10.0,2.5098039215686274,28.0,60.0,35.6706,132.87473333333332
0.4505494505494505,0.0,0.0,364.0,0.0,164.0,562.0,1311.0,7.28,0.0,10.0,2.48936170212766,28.0,60.0,36.5875,124.71313333333332
0.4471299093655589,0.0,0.0,331.0,0.0,148.0,576.0,1344.0,6.62,0.0,10.0,2.523809523809524,28.0,60.0,33.5492,115.77593333333331
0.4496644295302013,0.0,0.0,298.0,0.0,134.0,590.0,1377.0,5.96,0.0,10.0,2.526315789473684,28.0,60.0,32.997,107.96473333333331
0.4488372093023255,0.0,0.0,430.0,0.0,193.0,533.0,1243.0,8.6,0.0,12.0,2.5090909090909093,28.0,60.0,36.1281,149.1071333333333
0.4483627204030226,0.0,0.0,397.0,0.0,178.0,547.0,1277.0,7.94,0.0,12.0,2.56,28.0,60.0,38.6522,139.76873333333333
0.4505494505494505,0.0,0.0,364.0,0.0,164.0,562.0,1311.0,7.28,0.0,12.0,2.48936170212766,28.0,60.0,37.219,131.9135333333333
0.4471299093655589,0.0,0.0,331.0,0.0,148.0,576.0,1344.0,6.62,0.0,12.0,2.523809523809524,28.0,60.0,35.2233,122.21033333333332
0.8523489932885906,0.0,0.0,298.0,0.0,254.0,590.0,1377.0,5.96,0.0,12.0,0.6075949367088608,28.0,60.0,32.21,224.0903333333333
0.4488372093023255,0.0,0.0,430.0,0.0,193.0,533.0,1243.0,8.6,0.0,14.0,2.5090909090909093,28.0,60.0,37.9775,157.53313333333332
0.4508816120906801,0.0,0.0,397.0,0.0,179.0,547.0,1277.0,7.94,0.0,14.0,2.5098039215686274,28.0,60.0,39.1011,148.5011333333333
0.4505494505494505,0.0,0.0,364.0,0.0,164.0,562.0,1311.0,7.28,0.0,14.0,2.48936170212766,28.0,60.0,37.9775,139.1139333333333
0.4471299093655589,0.0,0.0,331.0,0.0,148.0,576.0,1344.0,6.62,0.0,14.0,2.523809523809524,28.0,60.0,36.5169,128.6447333333333
0.4496644295302013,0.0,0.0,298.0,0.0,134.0,590.0,1377.0,5.96,0.0,14.0,2.526315789473684,28.0,60.0,32.0225,119.60793333333334
0.4508816120906801,0.0,0.0,397.0,0.0,179.0,547.0,1277.0,7.94,0.0,8.0,2.5098039215686274,28.0,60.0,24.5319,125.06153333333332
0.4508816120906801,0.0,0.0,397.0,0.0,179.0,547.0,1277.0,7.94,0.0,8.0,2.5098039215686274,28.0,70.0,28.6809,131.47820000000002
0.4508816120906801,0.0,0.0,397.0,0.0,179.0,547.0,1277.0,7.94,0.0,8.0,2.5098039215686274,28.0,80.0,32.7567,137.89486666666667
0.4508816120906801,0.0,0.0,397.0,0.0,179.0,547.0,1277.0,7.94,0.0,8.0,2.5098039215686274,28.0,90.0,34.2404,144.31153333333333
0.4508816120906801,0.0,0.0,397.0,0.0,179.0,547.0,1277.0,7.94,0.0,8.0,2.5098039215686274,28.0,100.0,34.3915,150.72820000000002
0.4508816120906801,0.0,0.0,397.0,0.0,179.0,547.0,1277.0,7.94,0.0,10.0,2.5098039215686274,28.0,60.0,27.4779,132.87473333333332
0.4508816120906801,0.0,0.0,397.0,0.0,179.0,547.0,1277.0,7.94,0.0,10.0,2.5098039215686274,28.0,70.0,32.2257,139.2914
0.4508816120906801,0.0,0.0,397.0,0.0,179.0,547.0,1277.0,7.94,0.0,10.0,2.5098039215686274,28.0,80.0,34.4945,145.70806666666667
0.4508816120906801,0.0,0.0,397.0,0.0,179.0,547.0,1277.0,7.94,0.0,10.0,2.5098039215686274,28.0,90.0,35.9824,152.12473333333332
0.4508816120906801,0.0,0.0,397.0,0.0,179.0,547.0,1277.0,7.94,0.0,10.0,2.5098039215686274,28.0,100.0,37.8173,158.5414
0.4508816120906801,0.0,0.0,397.0,0.0,179.0,547.0,1277.0,7.94,0.0,12.0,2.5098039215686274,28.0,60.0,29.434,140.68793333333332
0.4508816120906801,0.0,0.0,397.0,0.0,179.0,547.0,1277.0,7.94,0.0,12.0,2.5098039215686274,28.0,70.0,33.8365,147.1046
0.4508816120906801,0.0,0.0,397.0,0.0,179.0,547.0,1277.0,7.94,0.0,12.0,2.5098039215686274,28.0,80.0,36.478,153.5212666666667
0.4508816120906801,0.0,0.0,397.0,0.0,179.0,547.0,1277.0,7.94,0.0,12.0,2.5098039215686274,28.0,90.0,40.5031,159.93793333333335
0.4508816120906801,0.0,0.0,397.0,0.0,179.0,547.0,1277.0,7.94,0.0,12.0,2.5098039215686274,28.0,100.0,40.8805,166.3546
0.4508816120906801,0.0,0.0,397.0,0.0,179.0,547.0,1277.0,7.94,0.0,14.0,2.5098039215686274,28.0,60.0,28.0907,148.5011333333333
0.4508816120906801,0.0,0.0,397.0,0.0,179.0,547.0,1277.0,7.94,0.0,14.0,2.5098039215686274,28.0,70.0,33.3548,154.9178
0.4508816120906801,0.0,0.0,397.0,0.0,179.0,547.0,1277.0,7.94,0.0,14.0,2.5098039215686274,28.0,80.0,35.1859,161.33446666666669
0.4508816120906801,0.0,0.0,397.0,0.0,179.0,547.0,1277.0,7.94,0.0,14.0,2.5098039215686274,28.0,90.0,39.7682,167.75113333333334
0.4508816120906801,0.0,0.0,397.0,0.0,179.0,547.0,1277.0,7.94,0.0,14.0,2.5098039215686274,28.0,100.0,40.3513,174.1678
0.4,0.0,40.0,360.0,0.0,160.0,644.0,1197.0,4.0,0.0,10.0,2.018867924528302,28.0,25.0,21.7153,98.9948
0.4,0.0,60.0,340.0,0.0,160.0,646.0,1200.0,4.0,0.0,10.0,2.018867924528302,28.0,25.0,29.3796,99.9788
0.4,0.0,80.0,320.0,0.0,160.0,646.0,1203.0,4.0,0.0,10.0,2.018867924528302,28.0,25.0,41.8978,100.9532
0.4,0.0,100.0,300.0,0.0,160.0,650.0,1207.0,4.0,0.0,10.0,2.018867924528302,28.0,25.0,46.7518,101.95159999999998
0.4,0.0,120.0,280.0,0.0,160.0,652.0,1210.0,4.0,0.0,10.0,2.018867924528302,28.0,25.0,56.4599,102.9356
0.4,0.0,60.0,340.0,0.0,160.0,646.0,1200.0,4.0,0.0,12.0,2.018867924528302,28.0,25.0,33.8272,108.0984
0.4,0.0,80.0,320.0,0.0,160.0,648.0,1203.0,4.0,0.0,12.0,2.018867924528302,28.0,25.0,45.1852,109.0824
0.4,0.0,100.0,300.0,0.0,160.0,658.0,1222.0,4.0,0.0,12.0,2.018867924528302,28.0,25.0,57.284,110.1816
0.35,0.0,60.0,340.0,0.0,140.0,651.0,1209.0,4.0,0.0,10.0,1.9787234042553192,28.0,25.0,29.6205,90.41
0.35,0.0,80.0,320.0,0.0,140.0,661.0,1227.0,4.0,0.0,10.0,1.9787234042553192,28.0,25.0,41.1887,91.5044
0.35,0.0,100.0,300.0,0.0,140.0,671.0,1246.0,4.0,0.0,10.0,1.9787234042553192,28.0,25.0,48.6402,92.6036
0.4,0.0,60.0,340.0,0.0,160.0,637.0,1184.0,4.0,0.0,10.0,1.5,28.0,25.0,24.717,104.3248
0.4,0.0,100.0,300.0,0.0,160.0,659.0,1223.0,4.0,0.0,10.0,2.4782608695652173,28.0,25.0,38.7337,99.2296
0.4499999999722222,0.0,108.0,252.0,0.0,161.99999999,774.0,1090.8,14.4,0.0,8.0,2.4999999994598765,28.0,25.0,33.8369,112.66806856355
0.5000000000833333,0.0,108.0,252.0,0.0,180.00000003,774.0,1090.8,14.4,0.0,8.0,2.500000000486111,28.0,25.0,36.1631,120.4481828729
0.5499999999166667,0.0,108.0,252.0,0.0,197.99999997,774.0,1090.8,14.4,0.0,8.0,2.499999999558081,28.0,25.0,31.0876,128.2282971271
0.6000000000277778,0.0,108.0,252.0,0.0,216.00000001,774.0,1090.8,14.4,0.0,8.0,2.5000000004050924,28.0,25.0,25.8006,136.00841143645
0.45,0.0,126.0,294.0,0.0,189.0,810.6,966.0,16.8,0.0,8.0,2.5,28.0,25.0,36.7598,129.53088
0.5,0.0,126.0,294.0,0.0,210.0,810.6,966.0,16.8,0.0,8.0,2.5,28.0,25.0,38.1285,138.60768000000002
0.55,0.0,126.0,294.0,0.0,231.0,810.6,966.0,16.8,0.0,8.0,2.5,28.0,25.0,26.2011,147.68448
0.6,0.0,126.0,294.0,0.0,252.0,810.6,966.0,16.8,0.0,8.0,2.5,28.0,25.0,25.0279,156.76128
0.4499999999111111,0.0,135.0,315.0,0.0,202.49999996,760.5,972.0,18.0,0.0,8.0,2.499999999135802,28.0,25.0,33.8562,137.96228569065
0.4999999999777778,0.0,135.0,315.0,0.0,224.99999999,760.5,972.0,18.0,0.0,8.0,2.499999999611111,28.0,25.0,38.8889,147.68742856355
0.5500000000222223,0.0,135.0,315.0,0.0,247.50000001,760.5,972.0,18.0,0.0,8.0,2.5000000003535354,28.0,25.0,25.6209,157.41257143644998
0.600000000088889,0.0,135.0,315.0,0.0,270.00000004000003,760.5,972.0,18.0,0.0,8.0,2.500000000648148,28.0,25.0,20.5882,167.13771430935
0.4499999999722222,0.0,144.0,216.0,0.0,161.99999999,774.0,1090.8,14.4,0.0,8.0,2.4999999994598765,28.0,25.0,42.2961,114.39606856355
0.5000000000833333,0.0,144.0,216.0,0.0,180.00000003,774.0,1090.8,14.4,0.0,8.0,2.500000000486111,28.0,25.0,48.006,122.1761828729
0.5499999999166667,0.0,144.0,216.0,0.0,197.99999997,774.0,1090.8,14.4,0.0,8.0,2.499999999558081,28.0,25.0,46.7372,129.95629712710002
0.6000000000277778,0.0,144.0,216.0,0.0,216.00000001,774.0,1090.8,14.4,0.0,8.0,2.5000000004050924,28.0,25.0,43.3535,137.73641143645
0.45,0.0,168.0,252.0,0.0,189.0,810.6,966.0,16.8,0.0,8.0,2.5,28.0,25.0,46.1453,131.54688
0.5,0.0,168.0,252.0,0.0,210.0,810.6,966.0,16.8,0.0,8.0,2.5,28.0,25.0,51.4246,140.62367999999998
0.55,0.0,168.0,252.0,0.0,231.0,810.6,966.0,16.8,0.0,8.0,2.5,28.0,25.0,44.581,149.70048
0.6,0.0,168.0,252.0,0.0,252.0,810.6,966.0,16.8,0.0,8.0,2.5,28.0,25.0,46.5363,158.77728
0.4499999999111111,0.0,180.0,270.0,0.0,202.49999996,760.5,972.0,18.0,0.0,8.0,2.499999999135802,28.0,25.0,45.7516,140.12228569065
0.4999999999777778,0.0,180.0,270.0,0.0,224.99999999,760.5,972.0,18.0,0.0,8.0,2.499999999611111,28.0,25.0,50.7843,149.84742856355
0.5500000000222223,0.0,180.0,270.0,0.0,247.50000001,760.5,972.0,18.0,0.0,8.0,2.5000000003535354,28.0,25.0,41.8627,159.57257143645
0.600000000088889,0.0,180.0,270.0,0.0,270.00000004000003,760.5,972.0,18.0,0.0,8.0,2.500000000648148,28.0,25.0,45.7516,169.29771430935
0.4499999999722222,0.0,180.0,180.0,0.0,161.99999999,774.0,1090.8,14.4,0.0,8.0,2.4999999994598765,28.0,25.0,55.4079,116.12406856355
0.5000000000833333,0.0,180.0,180.0,0.0,180.00000003,774.0,1090.8,14.4,0.0,8.0,2.500000000486111,28.0,25.0,59.6375,123.9041828729
0.5499999999166667,0.0,180.0,180.0,0.0,197.99999997,774.0,1090.8,14.4,0.0,8.0,2.499999999558081,28.0,25.0,51.6012,131.6842971271
0.6000000000277778,0.0,180.0,180.0,0.0,216.00000001,774.0,1090.8,14.4,0.0,8.0,2.5000000004050924,28.0,25.0,46.5257,139.46441143644998
0.45,0.0,210.0,210.0,0.0,189.0,810.6,966.0,16.8,0.0,8.0,2.5,28.0,25.0,56.7039,133.56288
0.5,0.0,210.0,210.0,0.0,210.0,810.6,966.0,16.8,0.0,8.0,2.5,28.0,25.0,60.419,142.63968
0.55,0.0,210.0,210.0,0.0,231.0,810.6,966.0,16.8,0.0,8.0,2.5,28.0,25.0,46.5363,151.71648
0.6,0.0,210.0,210.0,0.0,252.0,810.6,966.0,16.8,0.0,8.0,2.5,28.0,25.0,47.514,160.79327999999998
0.4499999999111111,0.0,225.0,225.0,0.0,202.49999996,760.5,972.0,18.0,0.0,8.0,2.499999999135802,28.0,25.0,48.9542,142.28228569065
0.4999999999777778,0.0,225.0,225.0,0.0,224.99999999,760.5,972.0,18.0,0.0,8.0,2.499999999611111,28.0,25.0,58.3333,152.00742856355
0.5500000000222223,0.0,225.0,225.0,0.0,247.50000001,760.5,972.0,18.0,0.0,8.0,2.5000000003535354,28.0,25.0,48.4967,161.73257143645
0.600000000088889,0.0,225.0,225.0,0.0,270.00000004000003,760.5,972.0,18.0,0.0,8.0,2.500000000648148,28.0,25.0,47.5817,171.45771430935
0.4499999999722222,0.0,108.0,252.0,0.0,161.99999999,774.0,1090.8,14.4,0.0,8.0,2.4999999994598765,28.0,60.0,41.4502,135.12640189688332
0.5000000000833333,0.0,108.0,252.0,0.0,180.00000003,774.0,1090.8,14.4,0.0,8.0,2.500000000486111,28.0,60.0,42.5076,142.9065162062333
0.5499999999166667,0.0,108.0,252.0,0.0,197.99999997,774.0,1090.8,14.4,0.0,8.0,2.499999999558081,28.0,60.0,33.8369,150.68663046043332
0.6000000000277778,0.0,108.0,252.0,0.0,216.00000001,774.0,1090.8,14.4,0.0,8.0,2.5000000004050924,28.0,60.0,28.5498,158.4667447697833
0.45,0.0,126.0,294.0,0.0,189.0,810.6,966.0,16.8,0.0,8.0,2.5,28.0,60.0,40.4749,151.98921333333334
0.5,0.0,126.0,294.0,0.0,210.0,810.6,966.0,16.8,0.0,8.0,2.5,28.0,60.0,43.6034,161.06601333333333
0.55,0.0,126.0,294.0,0.0,231.0,810.6,966.0,16.8,0.0,8.0,2.5,28.0,60.0,31.0894,170.14281333333332
0.6,0.0,126.0,294.0,0.0,252.0,810.6,966.0,16.8,0.0,8.0,2.5,28.0,60.0,26.7877,179.2196133333333
0.4499999999111111,0.0,135.0,315.0,0.0,202.49999996,760.5,972.0,18.0,0.0,8.0,2.499999999135802,28.0,60.0,38.6601,160.4206190239833
0.4999999999777778,0.0,135.0,315.0,0.0,224.99999999,760.5,972.0,18.0,0.0,8.0,2.499999999611111,28.0,60.0,44.3791,170.14576189688333
0.5500000000222223,0.0,135.0,315.0,0.0,247.50000001,760.5,972.0,18.0,0.0,8.0,2.5000000003535354,28.0,60.0,35.2288,179.87090476978332
0.600000000088889,0.0,135.0,315.0,0.0,270.00000004000003,760.5,972.0,18.0,0.0,8.0,2.500000000648148,28.0,60.0,29.5098,189.5960476426833
0.4499999999722222,0.0,144.0,216.0,0.0,161.99999999,774.0,1090.8,14.4,0.0,8.0,2.4999999994598765,28.0,60.0,55.6193,136.85440189688333
0.5000000000833333,0.0,144.0,216.0,0.0,180.00000003,774.0,1090.8,14.4,0.0,8.0,2.500000000486111,28.0,60.0,57.3112,144.63451620623334
0.5499999999166667,0.0,144.0,216.0,0.0,197.99999997,774.0,1090.8,14.4,0.0,8.0,2.499999999558081,28.0,60.0,53.2931,152.41463046043333
0.6000000000277778,0.0,144.0,216.0,0.0,216.00000001,774.0,1090.8,14.4,0.0,8.0,2.5000000004050924,28.0,60.0,51.1782,160.1947447697833
0.45,0.0,168.0,252.0,0.0,189.0,810.6,966.0,16.8,0.0,8.0,2.5,28.0,60.0,58.8547,154.00521333333333
0.5,0.0,168.0,252.0,0.0,210.0,810.6,966.0,16.8,0.0,8.0,2.5,28.0,60.0,62.1788,163.08201333333332
0.55,0.0,168.0,252.0,0.0,231.0,810.6,966.0,16.8,0.0,8.0,2.5,28.0,60.0,58.8547,172.1588133333333
0.6,0.0,168.0,252.0,0.0,252.0,810.6,966.0,16.8,0.0,8.0,2.5,28.0,60.0,56.7039,181.23561333333333
0.4499999999111111,0.0,180.0,270.0,0.0,202.49999996,760.5,972.0,18.0,0.0,8.0,2.499999999135802,28.0,60.0,56.732,162.5806190239833
0.4999999999777778,0.0,180.0,270.0,0.0,224.99999999,760.5,972.0,18.0,0.0,8.0,2.499999999611111,28.0,60.0,61.5359,172.30576189688333
0.5500000000222223,0.0,180.0,270.0,0.0,247.50000001,760.5,972.0,18.0,0.0,8.0,2.5000000003535354,28.0,60.0,54.2157,182.0309047697833
0.600000000088889,0.0,180.0,270.0,0.0,270.00000004000003,760.5,972.0,18.0,0.0,8.0,2.500000000648148,28.0,60.0,49.8693,191.7560476426833
0.4499999999722222,0.0,180.0,180.0,0.0,161.99999999,774.0,1090.8,14.4,0.0,8.0,2.4999999994598765,28.0,60.0,61.9637,138.5824018968833
0.5000000000833333,0.0,180.0,180.0,0.0,180.00000003,774.0,1090.8,14.4,0.0,8.0,2.500000000486111,28.0,60.0,65.3474,146.36251620623332
0.5499999999166667,0.0,180.0,180.0,0.0,197.99999997,774.0,1090.8,14.4,0.0,8.0,2.499999999558081,28.0,60.0,53.5045,154.1426304604333
0.6000000000277778,0.0,180.0,180.0,0.0,216.00000001,774.0,1090.8,14.4,0.0,8.0,2.5000000004050924,28.0,60.0,52.4471,161.92274476978332
0.45,0.0,210.0,210.0,0.0,189.0,810.6,966.0,16.8,0.0,8.0,2.5,28.0,60.0,56.7039,156.02121333333332
0.5,0.0,210.0,210.0,0.0,210.0,810.6,966.0,16.8,0.0,8.0,2.5,28.0,60.0,63.5475,165.0980133333333
0.55,0.0,210.0,210.0,0.0,231.0,810.6,966.0,16.8,0.0,8.0,2.5,28.0,60.0,52.0112,174.17481333333333
0.6,0.0,210.0,210.0,0.0,252.0,810.6,966.0,16.8,0.0,8.0,2.5,28.0,60.0,51.0335,183.25161333333327
0.4499999999111111,0.0,225.0,225.0,0.0,202.49999996,760.5,972.0,18.0,0.0,8.0,2.499999999135802,28.0,60.0,54.902,164.7406190239833
0.4999999999777778,0.0,225.0,225.0,0.0,224.99999999,760.5,972.0,18.0,0.0,8.0,2.499999999611111,28.0,60.0,61.9935,174.46576189688332
0.5500000000222223,0.0,225.0,225.0,0.0,247.50000001,760.5,972.0,18.0,0.0,8.0,2.5000000003535354,28.0,60.0,54.2157,184.1909047697833
0.600000000088889,0.0,225.0,225.0,0.0,270.00000004000003,760.5,972.0,18.0,0.0,8.0,2.500000000648148,28.0,60.0,53.7582,193.9160476426833
0.45,0.0,126.0,294.0,0.0,189.0,765.670185,1010.929815,16.8,0.0,8.0,2.5,28.0,25.0,36.69,129.53088
0.45,0.0,210.0,210.0,0.0,189.0,765.670185,1010.929815,16.8,0.0,8.0,2.5,28.0,25.0,56.86,133.56288
0.5,0.0,126.0,294.0,0.0,210.0,765.670185,1010.929815,16.8,0.0,8.0,2.5,28.0,25.0,38.16,138.60768000000002
0.5,0.0,168.0,252.0,0.0,210.0,765.670185,1010.929815,16.8,0.0,8.0,2.5,28.0,25.0,51.22,140.62367999999998
0.5,0.0,210.0,210.0,0.0,210.0,765.670185,1010.929815,16.8,0.0,8.0,2.5,28.0,25.0,60.38,142.63968
0.55,0.0,126.0,294.0,0.0,231.0,765.670185,1010.929815,16.8,0.0,8.0,2.5,28.0,25.0,26.17,147.68448
0.55,0.0,168.0,252.0,0.0,231.0,765.670185,1010.929815,16.8,0.0,8.0,2.5,28.0,25.0,44.67,149.70048
0.55,0.0,210.0,210.0,0.0,231.0,765.670185,1010.929815,16.8,0.0,8.0,2.5,28.0,25.0,46.48,151.71648
0.6,0.0,126.0,294.0,0.0,252.0,765.670185,1010.929815,16.8,0.0,8.0,2.5,28.0,25.0,25.11,156.76128
0.6,0.0,168.0,252.0,0.0,252.0,765.670185,1010.929815,16.8,0.0,8.0,2.5,28.0,25.0,46.57,158.77728
0.6,0.0,210.0,210.0,0.0,252.0,765.670185,1010.929815,16.8,0.0,8.0,2.5,28.0,25.0,47.57,160.79327999999998
0.5499999998888889,0.0,108.0,252.0,0.0,197.99999996,770.0,973.0,14.4,0.0,8.0,1.3333333327833896,28.0,60.0,33.68,157.2526190239833
0.5499999998888889,0.0,144.0,216.0,0.0,197.99999996,770.0,973.0,14.4,0.0,8.0,1.3333333327833896,28.0,60.0,51.53,158.9806190239833
0.5500000000270271,0.0,185.0,185.0,0.0,203.50000001,776.39,1081.0,14.8,0.0,8.0,1.3333333335626536,28.0,60.0,62.25,164.86557676978333
0.7747916666666667,0.0,360.0,120.0,0.0,240.0,810.6,552.8,0.0,131.9,2.0,2.0,28.0,24.0,12.4762,95.60032
0.7879166666666666,0.0,360.0,120.0,0.0,240.0,807.4,550.6,0.0,138.2,2.0,2.4985422740524785,28.0,24.0,11.4552,97.93192
0.7977083333333332,0.0,360.0,120.0,0.0,240.0,804.9,549.0,0.0,142.9,2.0,3.0,28.0,24.0,11.0138,99.69072
0.8056249999999999,0.0,360.0,120.0,0.0,240.1,803.1,547.7,0.0,146.6,2.0,3.49625468164794,28.0,24.0,9.53802,101.07672
0.8114583333333333,0.0,360.0,120.0,0.0,240.0,801.5,546.6,0.0,149.5,2.0,4.0,28.0,24.0,8.47597,102.14448
0.8166666666666667,0.0,360.0,120.0,0.0,240.1,800.3,545.8,0.0,151.9,2.0,4.494279176201373,28.0,24.0,8.03376,103.06011999999998
0.7925,0.0,360.0,120.0,0.0,240.0,800.3,545.8,0.0,140.4,4.0,2.0,28.0,24.0,25.9967,107.77328
0.8029166666666666,0.0,360.0,120.0,0.0,240.0,798.6,544.6,0.0,145.4,4.0,2.4985422740524785,28.0,24.0,26.4399,108.3704
0.8110416666666667,0.0,360.0,120.0,0.0,240.0,787.2,543.7,0.0,149.3,4.0,3.0,28.0,24.0,23.8675,108.77232
0.8170833333333333,0.0,360.0,120.0,0.0,240.0,796.2,543.0,0.0,152.2,4.0,3.50281425891182,28.0,24.0,20.909,109.17128
0.8222916666666666,0.0,360.0,120.0,0.0,240.1,795.4,542.4,0.0,154.6,4.0,3.991683991683992,28.0,24.0,16.8676,109.47928
0.8260416666666667,0.0,360.0,120.0,0.0,240.0,794.7,542.0,0.0,156.5,4.0,4.504587155963303,28.0,24.0,12.9032,109.6792
0.8077083333333334,0.0,360.0,120.0,0.0,240.0,791.4,539.7,0.0,147.7,6.0,2.0,28.0,24.0,38.5173,119.95728
0.8158333333333334,0.0,360.0,120.0,0.0,239.9,790.9,539.4,0.0,151.7,6.0,2.502189781021898,28.0,24.0,36.9526,118.77204
0.8225,0.0,360.0,120.0,0.0,240.0,790.5,539.1,0.0,154.8,6.0,3.0,28.0,24.0,35.5006,117.95808
0.8275,0.0,360.0,120.0,0.0,240.1,790.3,538.9,0.0,157.1,6.0,3.49625468164794,28.0,24.0,33.5856,117.3348
0.83125,0.0,360.0,120.0,0.0,240.0,790.0,538.8,0.0,159.0,6.0,4.0,28.0,24.0,28.2022,116.75904
0.8137500000000001,0.0,360.0,120.0,0.0,240.0,789.8,538.7,0.0,150.6,6.0,4.504587155963303,28.0,24.0,26.2869,116.31936
0.8212499999999999,0.0,360.0,120.0,0.0,240.0,783.5,534.4,0.0,154.2,8.0,2.0,28.0,24.0,49.8769,132.14992
0.8277083333333334,0.0,360.0,120.0,0.0,240.0,784.2,534.8,0.0,157.3,8.0,2.4985422740524785,28.0,24.0,47.3402,129.27328
0.8325,0.0,360.0,120.0,0.0,240.0,784.6,535.1,0.0,159.6,8.0,3.0,28.0,24.0,44.8013,127.10256
0.8364583333333333,0.0,360.0,120.0,0.0,240.1,785.0,535.4,0.0,161.4,8.0,3.49625468164794,28.0,24.0,43.6449,125.47343999999998
0.839375,0.0,360.0,120.0,0.0,240.0,785.3,535.6,0.0,162.9,8.0,4.0,28.0,24.0,40.4923,124.07472
0.841875,0.0,360.0,120.0,0.0,240.0,785.6,535.7,0.0,164.1,8.0,4.504587155963303,28.0,24.0,39.1869,122.96432
0.833125,0.0,360.0,120.0,0.0,240.0,776.6,529.6,0.0,159.9,10.0,2.0,28.0,24.0,57.8378,144.34976
0.8379166666666666,0.0,360.0,120.0,0.0,240.0,778.2,530.7,0.0,162.2,10.0,2.4985422740524785,28.0,24.0,56.2162,139.73432
0.8414583333333333,0.0,360.0,120.0,0.0,240.0,779.4,531.6,0.0,163.9,10.0,3.0,28.0,24.0,54.2342,136.25279999999998
0.8443749999999999,0.0,360.0,120.0,0.0,240.1,780.4,532.2,0.0,165.2,10.0,3.49625468164794,28.0,24.0,52.4324,133.61687999999998
0.8464583333333333,0.0,360.0,120.0,0.0,240.0,781.1,532.7,0.0,166.3,10.0,4.0,28.0,24.0,52.7928,131.39424
0.8485416666666666,0.0,360.0,120.0,0.0,240.1,781.8,533.2,0.0,167.2,10.0,4.494279176201373,28.0,24.0,47.7477,129.6902
0.84375,0.0,360.0,120.0,0.0,240.0,770.4,525.4,0.0,165.0,12.0,2.0,28.0,24.0,59.1157,156.55584
0.8470833333333334,0.0,360.0,120.0,0.0,240.0,772.9,527.1,0.0,166.6,12.0,2.4985422740524785,28.0,24.0,57.9035,150.20112
0.849375,0.0,360.0,120.0,0.0,240.0,774.8,528.4,0.0,167.7,12.0,3.0,28.0,24.0,57.597,145.40735999999998
0.8514583333333333,0.0,360.0,120.0,0.0,240.1,776.2,529.4,0.0,168.6,12.0,3.49625468164794,28.0,24.0,56.205,141.76416
0.8529166666666667,0.0,360.0,120.0,0.0,240.0,777.4,530.2,0.0,169.4,12.0,4.0,28.0,24.0,54.9901,138.71808
0.854375,0.0,360.0,120.0,0.0,240.1,778.4,530.8,0.0,170.0,12.0,4.494279176201373,28.0,24.0,49.2549,136.35719999999998
0.5384615384615384,0.0,390.0,0.0,0.0,210.0,675.0,1032.0,0.0,0.0,12.0,2.5,28.0,24.0,43.17,137.6256
0.5384615384615384,0.0,390.0,0.0,0.0,210.0,675.0,1032.0,0.0,0.0,14.0,2.5,28.0,24.0,45.57,146.8176
0.5384615384615384,0.0,390.0,0.0,0.0,210.0,675.0,1032.0,0.0,0.0,16.0,2.5,28.0,24.0,42.49,156.0096
0.35,0.0,0.0,427.0,0.0,149.45,547.0,1276.8,0.0,0.0,8.0,2.5,28.0,40.0,33.86,84.68379999999999
0.35,0.0,0.0,427.0,0.0,149.45,547.0,1276.8,0.0,0.0,8.0,2.5,28.0,60.0,35.2,97.51713333333332
0.35,0.0,0.0,427.0,0.0,149.45,547.0,1276.8,0.0,0.0,8.0,2.5,28.0,80.0,38.17,110.35046666666668
0.35,0.0,0.0,427.0,0.0,149.45,547.0,1276.8,0.0,0.0,8.0,2.5,28.0,100.0,38.88,123.1838
0.35,0.0,0.0,427.0,0.0,149.45,547.0,1276.8,0.0,0.0,10.0,2.5,28.0,40.0,37.63,91.22544
0.35,0.0,0.0,427.0,0.0,149.45,547.0,1276.8,0.0,0.0,10.0,2.5,28.0,60.0,39.21,104.05877333333332
0.35,0.0,0.0,427.0,0.0,149.45,547.0,1276.8,0.0,0.0,10.0,2.5,28.0,80.0,42.11,116.89210666666668
0.35,0.0,0.0,427.0,0.0,149.45,547.0,1276.8,0.0,0.0,10.0,2.5,28.0,100.0,43.5,129.72544
0.35,0.0,0.0,427.0,0.0,149.45,547.0,1276.8,0.0,0.0,12.0,2.5,28.0,40.0,40.33,97.76708
0.35,0.0,0.0,427.0,0.0,149.45,547.0,1276.8,0.0,0.0,12.0,2.5,28.0,60.0,41.82,110.60041333333334
0.35,0.0,0.0,427.0,0.0,149.45,547.0,1276.8,0.0,0.0,12.0,2.5,28.0,80.0,44.47,123.43374666666668
0.35,0.0,0.0,427.0,0.0,149.45,547.0,1276.8,0.0,0.0,12.0,2.5,28.0,100.0,44.89,136.26708
0.35,0.0,0.0,427.0,0.0,149.45,547.0,1276.8,0.0,0.0,14.0,2.5,28.0,40.0,42.57,104.30872
0.35,0.0,0.0,427.0,0.0,149.45,547.0,1276.8,0.0,0.0,14.0,2.5,28.0,60.0,43.54,117.14205333333334
0.35,0.0,0.0,427.0,0.0,149.45,547.0,1276.8,0.0,0.0,14.0,2.5,28.0,80.0,46.23,129.97538666666668
0.35,0.0,0.0,427.0,0.0,149.45,547.0,1276.8,0.0,0.0,14.0,2.5,28.0,100.0,46.86,142.80872
0.35,0.0,0.0,427.0,0.0,149.45,547.0,1276.8,0.0,0.0,16.0,2.5,28.0,40.0,40.73,110.85036
0.35,0.0,0.0,427.0,0.0,149.45,547.0,1276.8,0.0,0.0,16.0,2.5,28.0,60.0,41.93,123.68369333333334
0.35,0.0,0.0,427.0,0.0,149.45,547.0,1276.8,0.0,0.0,16.0,2.5,28.0,80.0,44.67,136.51702666666668
0.35,0.0,0.0,427.0,0.0,149.45,547.0,1276.8,0.0,0.0,16.0,2.5,28.0,100.0,45.37,149.35036
0.25,0.0,0.0,427.0,0.0,106.75,547.0,1276.8,0.0,0.0,14.0,2.5,28.0,80.0,42.37,105.91210666666667
0.3,0.0,0.0,427.0,0.0,128.1,547.0,1276.8,0.0,0.0,14.0,2.5,28.0,80.0,44.67,117.94374666666668
0.4,0.0,0.0,427.0,0.0,170.8,547.0,1276.8,0.0,0.0,14.0,2.5,28.0,80.0,46.16,142.00702666666666
0.45,0.0,0.0,427.0,0.0,192.15,547.0,1276.8,0.0,0.0,14.0,2.5,28.0,80.0,45.87,154.03866666666667
0.3500000000936769,0.0,0.0,427.0,0.0,149.45000004000002,547.0,1276.8,0.0,0.0,14.0,3.33333333429984,28.0,80.0,45.65,124.12548667756668
0.35,0.0,0.0,427.0,0.0,149.45,547.0,1276.8,0.0,0.0,14.0,2.857142856774159,28.0,80.0,46.16,127.15876815461668
0.3499999999531616,0.0,0.0,427.0,0.0,149.44999998,547.0,1276.8,0.0,0.0,14.0,2.222222221982661,28.0,80.0,45.57,132.5977556253167
0.35,0.0,0.0,427.0,0.0,149.45,547.0,1276.8,0.0,0.0,14.0,1.999999999799264,28.0,80.0,43.89,135.04529999241666
0.35,0.0,0.0,427.0,0.0,149.45,547.0,1276.8,0.0,0.0,14.0,2.5,28.0,60.0,46.86,117.14205333333334
0.35,0.0,0.0,427.0,0.0,149.45,547.0,1276.8,0.0,0.0,14.0,2.5,28.0,60.0,47.58,117.14205333333334
0.35,0.0,0.0,427.0,0.0,149.45,547.0,1276.8,0.0,0.0,14.0,2.5,28.0,60.0,47.92,117.14205333333334
0.644,0.0,150.0,350.0,0.0,200.0,628.0,1007.0,7.5,122.0,14.0,1.5,28.0,24.0,66.23,160.14
0.805,0.0,120.0,280.0,0.0,200.0,680.0,1091.0,4.8,122.0,14.0,1.5,28.0,24.0,56.42,153.8768
0.9669669669669668,0.0,100.0,233.0,0.0,200.0,704.0,1129.0,2.5,122.0,14.0,1.5,28.0,24.0,49.58,148.6224
1.1298245614035087,0.0,85.0,200.0,0.0,200.0,726.0,1163.0,0.0,122.0,14.0,1.5,28.0,24.0,39.6,143.2792
1.288,0.0,75.0,175.0,0.0,200.0,742.0,1190.0,0.0,122.0,14.0,1.5,28.0,24.0,32.73,142.8656
0.75,0.0,0.0,280.0,0.0,210.0,561.0,1309.0,0.0,0.0,12.0,1.5,28.0,25.0,25.4,132.6688
0.75,0.0,0.0,280.0,0.0,210.0,561.0,1309.0,0.0,0.0,12.0,1.5,28.0,25.0,24.4,132.6688
0.75,0.0,0.0,280.0,0.0,210.0,561.0,1309.0,0.0,0.0,12.0,1.5,28.0,80.0,43.3,167.96046666666666
0.75,0.0,0.0,280.0,0.0,210.0,561.0,1309.0,0.0,0.0,12.0,1.5,28.0,80.0,49.1,167.96046666666666
0.75,0.0,0.0,280.0,0.0,210.0,561.0,1309.0,0.0,0.0,12.0,1.5,28.0,80.0,48.1,167.96046666666666
0.475,0.0,400.0,0.0,0.0,160.0,894.0,894.0,12.0,30.0,10.0,1.7500859401856308,28.0,30.0,44.92,136.3718133333333
0.525,0.0,400.0,0.0,0.0,180.0,876.0,876.0,12.0,30.0,10.0,3.2502951593860687,28.0,60.0,42.73,156.22203333333334
0.575,0.0,400.0,0.0,0.0,200.0,858.0,858.0,12.0,30.0,10.0,2.5001750087504377,28.0,90.0,48.74,188.5039733333333
0.475,0.0,400.0,0.0,0.0,160.0,894.0,894.0,12.0,30.0,10.0,2.500328155764603,28.0,90.0,68.63,211.51732666666663
0.525,0.0,400.0,0.0,0.0,180.0,876.0,876.0,12.0,30.0,10.0,1.750190985485103,28.0,30.0,64.19,149.55896666666666
0.575,0.0,400.0,0.0,0.0,200.0,858.0,858.0,12.0,30.0,10.0,3.249893752656184,28.0,60.0,67.44,187.61982666666668
0.475,0.0,400.0,0.0,0.0,160.0,894.0,894.0,12.0,30.0,10.0,2.500328155764603,28.0,60.0,56.85,195.47566
0.575,0.0,400.0,0.0,0.0,200.0,858.0,858.0,12.0,30.0,10.0,1.7498968788670424,28.0,30.0,64.4,162.75018
0.475,0.0,400.0,0.0,0.0,160.0,894.0,894.0,12.0,30.0,12.0,3.249667994687915,28.0,90.0,61.39,172.30461333333335
0.525,0.0,400.0,0.0,0.0,180.0,876.0,876.0,12.0,30.0,12.0,2.49990278047832,28.0,30.0,54.5,148.53758933333333
0.575,0.0,400.0,0.0,0.0,200.0,858.0,858.0,12.0,30.0,12.0,1.7498968788670424,28.0,60.0,57.07,186.7257493333333
0.475,0.0,400.0,0.0,0.0,160.0,894.0,894.0,12.0,30.0,12.0,1.7500859401856308,28.0,60.0,75.77,186.99332266666664
0.525,0.0,400.0,0.0,0.0,180.0,876.0,876.0,12.0,30.0,12.0,3.2502951593860687,28.0,90.0,68.09,223.6683866666667
0.575,0.0,400.0,0.0,0.0,200.0,858.0,858.0,12.0,30.0,12.0,2.5001750087504377,28.0,30.0,56.49,161.96615466666665
0.475,0.0,400.0,0.0,0.0,160.0,894.0,894.0,12.0,30.0,12.0,2.500328155764603,28.0,30.0,76.59,144.728432
0.525,0.0,400.0,0.0,0.0,180.0,876.0,876.0,12.0,30.0,12.0,1.750190985485103,28.0,60.0,49.29,220.54424
0.475,0.0,400.0,0.0,0.0,160.0,894.0,894.0,12.0,30.0,14.0,2.500328155764603,28.0,60.0,68.76,164.56453733333333
0.525,0.0,400.0,0.0,0.0,180.0,876.0,876.0,12.0,30.0,14.0,1.750190985485103,28.0,90.0,48.23,204.9045133333333
0.575,0.0,400.0,0.0,0.0,200.0,858.0,858.0,12.0,30.0,14.0,3.249893752656184,28.0,30.0,72.71,160.33067733333334
0.475,0.0,400.0,0.0,0.0,160.0,894.0,894.0,12.0,30.0,14.0,3.249667994687915,28.0,30.0,78.42,142.78092666666666
0.525,0.0,400.0,0.0,0.0,180.0,876.0,876.0,12.0,30.0,14.0,2.49990278047832,28.0,60.0,77.4,198.12499866666667
0.525,0.0,400.0,0.0,0.0,180.0,876.0,876.0,12.0,30.0,14.0,3.2502951593860687,28.0,30.0,78.01,156.36474
0.575,0.0,400.0,0.0,0.0,200.0,858.0,858.0,12.0,30.0,14.0,2.5001750087504377,28.0,60.0,40.58,231.678336
