cement,water,superplasticizer,coarse_aggregate,fine_aggregate,age,compressive_strength,embodied_CO2,energy_consumption,resource_consumption
312.36203565420874,162.9593050187034,7.851170512077179,1001.8108982626694,771.5987634850778,51,344.47668433739267,307.85648190755455,1628.4131172254629,2256.5821729327363
485.21429192297484,187.93306631648505,7.409363972159994,1039.0044191574116,841.6296987899959,71,374.2959333132733,468.24020113407954,2418.0013682127487,2561.190840159027
419.59818254342156,211.10620851134857,27.1876374156311,875.1403696377497,828.0482789370477,48,375.11005422220677,436.20664516695615,2476.993639599345,2361.0806770451986
379.597545259111,201.25574204866928,7.486385995485183,987.4622298820997,646.1699714081321,19,473.8437186807194,369.5377360949554,1928.2003941432552,2221.971874593497
246.80559213273096,206.45928035030147,8.15849178385893,971.5237949431246,644.7748409224422,262,132.71392962526056,246.9838750769156,1329.3113288804466,2077.722000132458
246.7983561008608,196.11483566975022,22.78194787253891,1049.8491130364814,680.452310323474,84,272.3465311477087,269.29491702253574,1602.823567481842,2195.9965630031056
217.42508365045984,198.45935951624966,13.4921952735162,1071.8261181443781,708.3224179023111,155,192.55692069535823,228.18726188548735,1297.0745260521237,2209.5251744869147
459.85284373248055,209.44369560957236,23.301316708655435,803.6470314432161,722.5366744225448,53,364.52907775093774,467.31666994792994,2586.004803189331,2218.7815619164694
380.3345035229627,167.476760620143,1.9609847269315572,1002.2059757176378,803.9091650500036,107,271.62309068442073,362.30270295184727,1832.7986800294918,2355.8873896376786
412.42177333881364,184.25974745501983,14.62713581020153,815.5507397359187,617.0041296497507,357,115.5883760666428,410.0260160881332,2205.4700733696186,2043.8635259897042
206.17534828874074,165.48466092737215,1.008408005498479,964.6575995232067,610.4018112678199,304,110.43292094440743,198.36821686959055,1009.0373377456186,1947.727828012638
490.9729556485983,219.1367605597653,1.8795961036606357,886.2898187131035,717.5731688831727,135,257.10812396164255,464.4483758734182,2335.283965643129,2315.8522999083007
449.7327922401265,216.08415377806293,27.193123600332328,892.0329798566423,809.1491076413942,69,342.78505554832225,464.27082914928116,2615.8680232281467,2394.192157116558
263.70173320348283,152.7598767957954,4.177361133527855,905.887551035707,658.0306028869447,11,414.7120833651211,256.4788169648067,1331.4101916790753,1984.5571250554578
254.5474901621302,199.3902620760982,15.972620468256514,986.387734714883,792.4513443768756,143,200.7095621002263,266.25842823319437,1512.8495436479088,2248.7494517982436
255.02135295603014,214.7673822190966,12.332868078021196,900.2149897006308,677.9484413820899,192,159.388404699906,260.66887068415036,1442.8955384708868,2060.2850343358687
291.2726728878613,162.64027415891334,10.42029978776528,1019.8097151770842,865.8258326440549,69,303.3808036261754,292.3574540481872,1581.3538508368079,2349.968794655679
357.42692948967135,189.75616613868408,26.995000370618175,921.3582156721609,868.706983279985,23,428.83341919077805,378.36034304379797,2189.535049475382,2364.2432949511194
329.58350559263476,214.08418083116294,0.654701903264685,820.5059600929876,689.1861612843979,181,173.1978620834685,312.19792605515437,1567.6654338691496,2054.014509704448
287.36874205941257,152.37621850100592,19.913690585267673,1035.127952745232,668.9981261889722,293,130.3916514580547,302.63244930021426,1735.495171499391,2163.7847300798903
383.55586841671385,198.8194187072788,28.901833026406514,885.7274973778118,723.3911916198693,9,490.064736104135,405.0891634236461,2341.0746515526716,2220.3958091480804
241.84815819561254,170.81443051607854,16.805045503855258,929.8300638797788,672.1594755540447,271,123.28316655237845,255.22415747043297,1465.5870331011945,2031.45717364937
287.6433945605654,214.70773367635712,28.104673860992754,1005.6331649665705,801.7151529875111,93,267.26025868835865,315.33427224539156,1890.372918084096,2337.8041200519965
309.90855298810754,217.97407716157574,1.567736378580713,899.7368471446136,847.8194053644856,17,426.82274747832025,295.90473986155075,1499.6208306564738,2277.006619037363
336.8209952651108,216.09865423794037,12.563799572224841,816.9756968440147,801.9276392733651,154,192.82553034694791,337.00420275166067,1823.4351872676466,2184.3867851926557
435.5527884179041,183.19499516602247,7.804733728861535,912.1763141038441,847.3051341748048,328,133.4657312216488,422.15114834574126,2193.1577677887385,2386.0339655914368
259.9021346475079,210.34298556925194,21.924628949421894,1083.334574808291,719.0976486622422,149,209.6040236535628,280.40953083998676,1649.089160088181,2294.601972636715
354.2703315240835,209.11845789745493,29.4389127149174,992.5203191895674,646.8950912126583,267,150.04633259266086,378.93547254053686,2218.0225139261834,2232.2431125386815
377.72437065861277,172.3370331270279,7.6959018733274345,1001.4437446001621,821.3852842192777,328,131.10989656704567,368.5105304759657,1927.2389928742016,2380.586334478408
213.9351238159993,208.0240831905474,19.625238044222233,989.6846460912919,708.1423515424661,106,226.16020526839102,233.81415031930092,1392.061980201249,2139.411442684527
382.2634555704315,152.5905344300845,5.942928982792203,859.697641687831,801.3812475687398,35,383.32468613739655,369.4914783234645,1910.937588679801,2201.875808239879
251.15723710618747,191.73889149374372,16.959907637148298,925.5001592306841,681.1931825945297,119,212.71423422365712,264.1188267448873,1511.4291448619856,2066.5493780622933
219.51547789558384,166.1006186101392,13.917974600650085,1025.2819395089955,624.3688904420018,14,413.87552068600365,230.40944200651012,1311.3300675188725,2049.1849010573706
484.66566117599996,158.43968200440952,29.16015988894611,830.4118692659478,897.774538646329,14,500.1341104314201,499.62818921785646,2812.5850446160302,2400.4519109816324
489.6896099223678,155.38672411404465,18.255818180893996,883.3558328269137,646.8604523791798,266,160.9248824358631,487.6532860800319,2630.519659642392,2193.5484374234
442.51920443493833,198.7402143114698,10.485191162604563,882.8957325397561,896.5262981890444,140,237.3350107196056,432.6350304377989,2274.975475920431,2431.166640637813
291.3841307520112,173.79124746376462,3.422873546638001,929.6056782783518,893.1839797699342,294,123.93382937820641,281.66110084147346,1450.3109682531224,2291.3879098107
229.30163420191516,200.7336740070133,4.537404862048037,1094.1106222826556,838.1454311724119,364,108.9944033974668,226.14950718712998,1189.3194029386614,2366.828766526044
405.2699079536471,154.57494385592597,6.759507898537053,820.2507640051466,797.8268886245993,119,237.3580764155208,391.9478480667384,2030.6294081216379,2184.682012337856
332.04574812188037,172.07032364814273,7.5289998402089395,955.6102983141785,773.3421150753254,238,153.83081452810652,325.4995850017992,1711.6924412736876,2240.597484999736
236.61147045343364,187.7643904662736,25.518481735234133,853.8094046036631,859.8304636133504,34,324.16914750720304,263.49884154827913,1604.2543895503345,2163.5342108719547
348.55307303338105,205.35062153872744,16.83668364847575,1091.202963622923,686.8318564858464,169,214.3944323539878,355.1889290855291,1962.3222625964522,2348.7751983293538
210.31655633456552,172.3126752052449,15.701727341230994,833.9910514182393,740.3043637454631,10,372.7860890001804,223.99802387119738,1298.6254971452572,1972.626374044744
472.79612062363464,193.81239635059063,3.443066156076524,921.0803007084774,785.8169908099505,122,269.63607592299024,450.159709077819,2282.876689575341,2376.9488746487295
277.6339944800051,212.0184423765331,25.80419080048305,1021.3654954503818,723.3571427608473,145,209.83817316669385,302.4804810229278,1800.662104347571,2260.1792658682502
398.7566853061946,193.11042317276133,21.68442909625451,1011.3663284082336,728.2459362270804,223,179.62903185322799,408.9109402498643,2281.3141513818555,2353.1638022105244
293.5133228268233,166.30716323275436,2.0300508570000475,926.8185910681797,699.0854002506253,257,136.50238126617612,281.1511731118663,1430.3350274111096,2087.7545282353826
356.0204063533432,151.70805470895766,21.23505291689306,903.9572503858154,769.2695450053608,268,139.69545576730908,368.1362669864445,2073.804996873127,2202.19030937037
364.0130838029839,210.9069211730651,16.30614652027938,919.2837135658611,855.1723584045349,359,116.67952968630668,368.4210486725012,2021.860389299826,2365.6822234667243
255.4563366576581,151.4888587595271,2.4517603724033474,879.2828789475918,660.4585134018938,4,430.03254751169004,246.12037996457315,1260.8018164449522,1949.1383481390744
490.8753883293676,211.22911708789397,13.749019245859694,861.5998816120399,880.3299116260324,354,130.96113875253707,482.3869451882192,2556.894382629817,2457.7833179011936
432.5398470083344,187.02559938190484,14.540888613901409,944.9119092676669,806.726296124469,106,281.39590118009056,429.5038959877992,2304.1067467929433,2385.7445403962765
481.8496824692567,215.73473889590275,4.973236204898273,880.5601268202822,846.9819638040091,85,322.2573694576077,460.83941038642456,2352.9485259243675,2430.099748194349
468.44820512829466,205.91482650415657,28.37094441000847,886.238499469175,766.8572077890035,214,186.8486914006561,483.3330987630823,2722.678088447688,2355.8296833006384
379.36999364332553,219.85538773733361,25.499261144419858,997.0268190423672,833.855010427219,121,257.658894293643,396.7627741794938,2264.5254836495665,2455.6064719946653
476.562270506935,174.5498270816197,20.07067011987325,1090.5611995099675,604.8601192018401,132,278.88454916701784,478.9157917531193,2609.1806290542995,2366.6040864202355
226.54775061557586,203.70318022517887,13.868866830018217,981.0911601678125,845.5141274338605,338,107.37515779069044,237.1488418490969,1346.0552224418236,2270.725085272446
258.79485872574355,178.13516395264696,12.352966247535255,823.0938401194899,612.04165772561,197,147.21025311429148,263.760753694964,1456.8105498956825,1884.4184867710255
213.56818667316142,183.59129342127363,19.529204014528624,822.6750841562201,866.9740129088588,19,345.1136434741943,232.97358624895992,1386.6416222152923,2106.3377811740424
297.5990992289793,193.9253824252859,16.362956082207162,1085.42696625367,897.5888241715929,130,235.7193383019284,307.48726699610444,1723.1547563573056,2490.903228161735
316.6031869068446,211.15739799304373,1.8681931764565685,889.1872370922001,688.2202386530333,12,445.407279653172,302.2186744933239,1532.4320424117238,2107.036253821578
281.4047095321688,218.88584284395066,15.375079463109952,827.6200958247426,663.0955668857381,81,254.21948566981143,289.44944774522116,1618.0855773421872,2006.3812945497102
448.6212527455788,203.77913897051627,24.192108516985186,979.7133761451145,829.6090091574122,330,140.1472062463106,459.12475517955545,2558.2142473562426,2485.914885535607
307.0259980080768,179.24367475171337,13.777196327908742,987.0946334870798,675.907902276076,354,113.54710660460734,311.53601571282525,1711.2249383273572,2163.049404850855
284.28035290621426,179.49499015939492,1.5586973266280524,994.5514460356064,859.6687149516611,262,139.43500240882818,272.45221640479895,1384.4529165421027,2319.554201379505
362.80882494747453,201.6307611112224,23.588345981520995,880.2206083572623,630.852777647243,125,231.51031662170305,377.6176403143786,2145.3368230257397,2099.101318044723
242.2772674924288,166.71440020378117,6.040913464079232,804.5332052643425,637.7865589138074,307,103.1368934747696,238.90627778300336,1263.9576288878636,1857.3523453384391
440.6590942262119,157.73318791919763,7.758625046641163,1089.5046108363415,893.7454665301847,267,169.592791857803,427.62795121432845,2221.915110398726,2589.400984558577
222.36519310393123,174.82355103485435,4.941190602968877,875.2679137073308,802.1516694810014,140,179.46547527140845,219.3517551951077,1157.4671029890221,2079.549517930087
496.06608098015516,170.1067294157857,9.906451946144927,1002.8078864157642,854.0661673286859,329,147.32122093209142,481.95451845696533,2513.1894270985204,2532.953316086536
431.6734307889972,170.7415684319193,22.70254517065905,1011.9889609636128,697.2988132054554,2,583.9352286179735,440.98681017370774,2450.8542202217563,2334.4053185606435
259.61470446025174,166.3525425734937,15.58157578511812,983.0022251238457,802.9451248561813,8,447.371222165507,270.38520848443375,1528.8675245055497,2227.4961727988907
201.6566351370807,152.94652327454534,6.1464382245213764,893.8722182640945,778.2725481925792,250,119.83932265861708,201.92295128836358,1084.4759789123639,2032.894363092821
444.63842853645025,151.25117543133896,26.334902344561225,881.3288761292197,780.9450360368841,139,234.35782842245845,458.13354786741746,2575.3474875238244,2284.4984184784544
412.05720315428516,219.1405672815222,26.387455648545874,979.300484810811,804.7597378613165,124,260.50589643289794,428.36493193472614,2430.2009761457684,2441.6454487564806
418.7021504122962,179.94411936151036,26.117352751380206,1059.8286900835074,772.6077519387295,309,147.64128447607897,434.38954809858956,2457.3476541351833,2457.2000645474236
431.38110400578375,176.9028653011777,7.163886341446179,1084.0201186770187,728.7187107907998,228,188.73691364321311,417.7591547068981,2164.864467845992,2428.1866851162263
222.2133955202271,197.5753097885149,13.537180325429643,831.7717413211273,682.7768083141641,10,383.36160240900534,231.69638396582621,1312.2160203683527,1947.874435269463
307.5397185632818,165.27777215055448,29.54968968422625,846.448583779316,830.5743992739606,212,150.65271673643062,335.4164714782868,2004.1832989088932,2179.390163451339
234.7607178575389,216.49728287651578,23.16037428929971,1083.420877634924,667.8817290009558,112,239.63402446501823,258.78077546657767,1555.308973820173,2225.720981659234
458.93102776267807,205.04415100908864,0.8150226367667945,1020.9605685004378,807.7062918463242,8,576.4952465534421,433.76865346233706,2173.9688101354905,2493.4570617552954
386.9894380482674,156.25877016185817,1.9561377378147615,1064.898147448932,669.999846794798,292,148.67781995130636,368.46522802902854,1862.4681983817763,2280.10234019167
299.26940745579475,179.23065430494498,13.917941304369982,860.789790240603,787.5990509863361,362,102.36987345052559,304.2516642842402,1676.59301642597,2140.806844292049
219.06750508580708,211.53828152935154,27.276606175846805,976.2757613328206,824.1234801387087,253,131.8036989938834,250.24334665548537,1559.1561714982838,2258.2816342625347
293.29469651469867,216.13124156039873,16.161053938581425,1010.3418783252421,665.6141666719618,14,457.4540149311776,302.4214707614989,1692.8382977223687,2201.5430370108825
297.5549966080241,182.71810578749088,14.934375241028707,1004.0335656340918,617.9829902583925,240,151.62940295602613,304.4163535712161,1688.43318365907,2117.224033529028
418.8818535014192,192.93879724474954,3.1642109986989175,922.4455072600094,639.2921228982523,242,165.64102724499105,399.3133942886537,2026.818331244447,2176.722491903129
391.2672414065639,161.69237622644528,19.70340314172882,804.6184675073926,781.7990901813076,342,114.81882130867845,398.24804974633514,2204.925266302157,2159.080578463438
466.16382277289796,219.38180382958836,24.663094818006766,974.877817041279,854.8339218677206,149,246.9095762253573,476.1800528784717,2648.0607608561963,2539.920460329493
341.6644775485848,166.21701909684103,11.41260022522687,875.9304617538826,613.4990463706273,236,148.94363061411386,339.6308278016004,1822.1686807657002,2008.7236049951625
235.87827378149052,215.9912241894588,23.268355527759823,935.0762738428671,820.2453777124939,306,114.30656982346261,259.6933220040603,1561.0417885488964,2230.45950505407
413.9734361668985,195.4752654294658,28.934299617024347,1087.2743045251452,702.3955937850156,167,229.29389182124515,434.1897285195086,2487.2058666212856,2428.0528995235495
428.23551458506927,192.54157564152013,6.112993773830673,919.7105952927304,743.5585109758567,20,475.8809606487277,412.63298694311135,2126.3989478636927,2290.159190269007
368.38315927084886,185.8881957711556,15.699888935842239,1051.940481999328,878.6578649536697,216,181.33059647776798,372.1484268227117,2035.0712906968952,2500.5695909308442
431.2901539863683,166.1468868202431,8.614138742537266,856.5621817247753,699.5914514207536,343,123.82424770568292,418.87971232823304,2183.8157039884927,2162.2048126946775
348.13867890931726,162.35696224038557,23.78563257101518,1001.7381494075087,739.6010801818459,135,230.07947361164656,364.96604639262966,2087.1280764437042,2275.6205033100723
356.81984881459823,165.43403463491228,17.327800976434727,1093.102086331683,604.1047244282043,129,250.7611144394867,363.44786546333853,2007.6379498628835,2236.7884951858327
328.26230550756486,163.05067835009783,19.037472526509113,830.5679302618811,624.4796160014515,294,121.26548843319729,338.44399400051947,1900.4217306948528,1965.3980026475047
207.62573802322856,204.57091314967272,23.93742478847682,802.4959826681576,677.5774773404352,246,117.06403150430495,233.60412661230123,1436.5700370862744,1916.2075359699706
232.36742809799134,174.5087681416711,11.879114179873646,930.0748377897843,608.3556722463223,189,156.6611439844535,238.8922918502225,1329.5956839977507,1957.185820455643
209.42875570602027,154.04898735943775,27.452702052211297,827.7876449154102,789.4125978144752,44,280.1602147691057,240.86858145767826,1512.639390454151,2008.1306878475548
390.92312337913415,217.8371841098568,15.9908660173842,1024.5153049028695,727.9195070404868,86,314.34212850507714,393.1422714391855,2140.46042407407,2377.1859854497316
294.306794322898,211.8650119474398,4.73864468506044,1074.3645991545677,764.4435608184066,44,375.71494895510006,286.68200426853036,1490.055314809691,2349.7186109283725
352.5712073494108,214.9426598236649,20.876973545064075,930.2062918126277,652.3941557688988,330,123.84867331184059,364.2752851633012,2050.0803495598498,2170.991288299666
472.2699421778279,219.64354758525047,23.797840513147634,877.6134926466323,688.7796088309849,145,240.5652369763588,479.83974889286696,2653.9039982051845,2282.1044317538435
274.7876687446625,162.1726674453641,9.5028503120258,930.320995701983,799.1473424558176,51,315.1842986297112,275.1588206017834,1484.5294470553272,2175.931524659853
323.1148769106889,177.7369413231861,25.71537770996259,1017.0343453550004,889.5908170891199,242,155.91837693919663,344.9527684957475,2011.2544528325252,2433.192358387958
426.6653415629146,203.07669329928638,27.184297642972993,802.7162484741112,615.1250320806628,294,136.05842722276415,442.0569445146877,2502.9694491467403,2074.767613059948
268.63944964748674,198.72144326376545,8.307134621334267,976.8361968454092,867.1152962565798,51,326.8632190488749,267.9767097727116,1437.0644579199356,2319.6195206345756
223.09397294863788,160.77271344378985,29.505644181456663,983.9875054662137,773.0643603933626,266,125.60980761987211,257.25009439975855,1617.871468859755,2170.4241964334606
286.9254358741304,207.10831874934325,4.221345841462752,991.3064740687806,769.1758700266871,120,232.16263645586722,278.7176734252138,1444.1101563044047,2258.737444560404
248.36638617620133,165.71084002856625,6.060470052074699,872.6066239942631,750.0835605623281,200,147.8803211357031,245.09518000708675,1296.6124965051251,2042.8278808134335
478.90929570277194,165.66723303758363,5.526745177140784,1014.215817013438,620.818225771255,248,179.444664331711,459.0073959354928,2348.8987212008715,2285.1373167021893
442.4361138693251,187.58820960253894,26.819691300236112,827.4174458995329,626.9630555208482,70,323.44915261585345,456.2962363853868,2569.670138388679,2111.224516192481
390.021126953127,191.50579543891922,19.628776569748855,859.7811009400402,780.2736016977258,341,120.01513077396477,397.2007856872748,2199.585984564088,2241.210401599561
461.43817705631534,190.6060345486468,4.563128496668186,1063.2410139963445,702.2875714306675,57,403.6485738328589,441.67785781313205,2253.9295036686585,2422.1359255286425
441.10162306973433,156.40407861784283,13.20970255105047,1021.6169452179699,875.1804199733042,39,432.9254589951422,435.9071727179707,2322.3811004643053,2507.5127694299017
255.97101766581073,211.42226038412662,18.458940752094062,804.1236662034036,721.9771612078416,289,112.1288471721666,270.4441909966512,1558.577449688649,2011.9530462132766
467.76769954699336,168.59200298120942,2.5039225496814987,874.51287811094,642.9844376107924,18,488.6505827374881,443.5975831914877,2237.992020195727,2156.3609407996164
361.8026725746952,159.0660444897963,26.47249105222016,864.3219448979494,814.4156500506108,220,158.3961785498594,381.3031543613878,2197.0466798800703,2226.078803065272
442.23204654921875,212.2123655908284,24.108106063246055,881.2418984110918,688.006026432303,313,138.2442773045671,452.3813845052697,2521.525815605391,2247.800443046688
468.82738997704797,216.89560487608276,15.156203207299146,874.2679310839659,757.641092206768,244,170.40643143205526,463.79951051932795,2479.4610910304896,2332.788221351164
295.40104249155917,210.34893320858154,29.013798457775113,818.7578887228537,809.3498356515511,352,102.5413913342078,323.17946821664896,1937.401544970771,2162.8714985323204
233.01557735830303,206.66612523074147,12.532829378252991,937.6821549790461,870.0792333606212,304,114.31202388265626,241.0359513222849,1350.2943792886115,2259.975920306965
268.3805487625825,195.86693864473153,29.523309571094934,1019.8200424358495,837.6573584405028,298,126.80190056248641,299.67264298019757,1829.058834508245,2351.248197854761
328.1323365878769,188.56001594263975,20.03759996410881,982.0195174152309,802.9083203618172,283,137.91002098371223,340.7910796864618,1926.5658996496531,2321.6577902716735
445.404429776748,156.0890731937987,19.040138197618244,1001.8615005794239,803.8899547185431,74,343.71661825790505,448.4327707151965,2448.017023106701,2426.285096466132
458.21917497690305,178.5917249149489,4.9786468588735495,824.3447535608717,883.777393209626,110,265.57349699735687,438.7124551624758,2243.212020878508,2349.9116935212232
202.0856391593572,176.088196190862,26.45783274913932,1085.4472130530362,688.7472292489608,180,171.70724821865738,233.38089449185944,1466.2826479496453,2178.8261104013554
353.2241907732697,168.18276486322284,12.824690637618454,1051.5475501529074,600.3336282588563,32,424.54098329590727,353.1760273856705,1906.4820672470626,2186.112824685875
325.2233009446337,200.63940795820093,4.867002173474381,1041.5270955486988,681.5863678194596,234,163.91516189052587,315.3275821381463,1631.9474618172321,2253.8431744444674
266.63234314121905,184.71130145551396,0.3782255992727712,1046.8951415125302,665.3674138880232,282,133.76211972503395,254.09067517436017,1279.1437110665677,2163.984425596559
235.95961020010483,155.67323511353536,16.792670509151478,1079.8131524398284,798.5503755341995,25,396.6517802794087,250.57893125767512,1445.2223795992313,2286.78904379682
301.2845514210884,165.4128241364868,15.82198866368029,963.2761898341093,790.1134799296588,331,116.48377104338728,309.3940301011557,1724.1433462293908,2235.9090339850236
482.87291117375577,197.8281134561717,21.580608671074756,860.0846053602878,778.0384148114172,279,154.67960964908193,486.4787012719602,2662.8090988384774,2340.404653472707
296.96087960622657,155.32916016432102,26.707741590534063,985.0350823557624,604.8730329628361,226,154.42254522202518,321.4161826469734,1902.5384245442733,2068.90589667968
355.63718652300986,209.5844839834138,2.3821975392908854,1022.8644481003817,818.6334163351943,57,357.9869001679226,340.0865212972041,1728.108236672359,2409.1017324812906
410.90568766855336,184.6602568909782,21.94489471021087,1021.3752180062077,697.0591237456474,180,210.28242308774261,420.57618276796524,2341.6524557138005,2335.9451810215974
309.08888071378817,183.64106041286536,5.622358322927466,956.4347072500641,799.5167967019893,232,153.26229962943336,301.34769718270104,1571.4240627111897,2254.3038034016345
491.5346248162882,191.46854492616623,25.74531159471492,820.5376158000735,766.973528550646,343,130.49401874385833,500.59955970050726,2778.260480426798,2296.2596256878887
488.7341884826334,207.72766761476043,24.571905415849685,911.3338815290383,702.8192776283721,287,156.83659323009073,496.4731730275194,2745.1925575498453,2335.1869206706538
275.53468874760927,174.3466445531535,16.22381264956633,1076.2299825390073,640.3728801312324,64,318.44386968806106,286.2035145289552,1613.56619255754,2182.7080086205688
349.1745517677156,197.46113067913444,21.307283958699344,975.3346729272278,628.3256692981442,232,162.8108418303282,361.8907413384656,2043.2015505946051,2171.6033086309217
290.2634929450309,189.6012374797054,9.430503395512451,961.499582976714,849.455499933667,289,128.54927840262164,289.6736331114176,1556.4584840394957,2300.25031673063
285.4521483132403,168.6919789118595,14.135036967984439,880.656054314658,875.5192626244674,213,149.68043105952535,291.9804545215801,1619.3515929251057,2224.45448113221
211.06608420635985,211.50409904486105,24.64910693131415,910.5346759749737,794.9364140292898,258,123.14760273148451,238.53943106065336,1471.1847546336262,2152.6903801867984
382.869300193969,205.81982151248496,13.777955915196417,1068.6038267459508,631.0302344581451,18,500.6591480058507,382.3130227933884,2061.798783922495,2302.101138825746
350.80370696865845,196.09162842608978,10.733947959763254,999.9389142580508,720.6081650664722,175,199.68928245303275,347.8285597333476,1857.6658781826502,2278.1763626790344
215.4436253749968,209.54072103659695,14.826373417508997,1036.2161080257,818.6817600315471,229,146.2911347018699,228.42626782138373,1313.8364069954866,2294.70858788635
283.5939392709834,210.71059406718615,24.84747757311655,936.3036269202966,833.9462652030204,226,150.90404802866883,306.4688290385901,1810.032042831185,2289.401903034603
472.4797657899961,199.58540837005245,10.056241421126181,989.0741658368474,635.4655866873265,84,336.75237979782946,459.75768923478176,2402.826852675519,2306.661168105349
271.8685672000917,208.59093298545704,5.212847794072314,874.5150826229623,600.0092156536148,291,119.42025813665767,265.39683613559,1386.3116847674482,1960.1966462561982
243.46846162736693,198.82300231684985,21.360420609923423,1011.6382490850459,813.6411137641815,246,141.11824599271898,264.17990005266836,1562.7387895288903,2288.9312474033677
346.8358280832689,197.60985402322103,24.779346381242455,928.2804001110012,706.9788527958617,110,249.937438270878,364.8929409661441,2096.8387555653853,2204.484281394595
495.6951362331802,193.3027964750629,3.019124355706,932.7636544444237,676.3443994854781,254,173.9423110594527,470.64756720646034,2378.527738858607,2301.125110993851
272.6165814534501,202.69016476903488,7.196223382678342,994.7966973730645,603.8692409368576,88,267.12084035567153,269.55521913004594,1430.1011438291941,2081.1689079150856
401.6406642217636,161.10235737051516,4.259159692829817,1080.884186440678,762.0898220284499,72,347.24253950856,385.79449412677866,1974.815343558106,2409.976189754236
428.48588459861526,211.66095314392498,10.438242347465,819.2019039825863,855.3452206277946,30,418.97106189642824,419.1790664457244,2206.883818879486,2325.132204700386
271.2912631977199,211.02904694216625,13.510529367162379,1047.4229712041024,887.2894938817764,172,190.63673977938888,278.57314550659146,1548.1082282504851,2430.543304592927
418.4649045835579,152.04730981241914,22.464790108899194,887.7149331236579,769.7234851839868,309,133.6625049252496,427.99026259088276,2383.3233323454524,2250.415422812521
310.33493981577595,207.80717253953338,19.534427546450225,933.1758363519134,754.3383983219683,343,114.38790698095345,323.1960769249065,1833.0487116815927,2225.190774575641
389.69174917807385,159.02089072314118,18.627857024352934,806.5739986325027,625.5169156467723,177,182.90975970758328,394.86424627610626,2174.700063895195,1999.4314112048428
390.0589132282684,173.45831979813994,10.571248398289633,890.3138233502939,764.66184046278,139,223.97179769111406,383.7369325380105,2032.709039327148,2229.064145237772
360.73240522242753,202.04557794041256,25.243426592542797,950.7893727890391,713.9937236896184,194,183.9534691253822,378.61783079979534,2170.1862395323737,2252.8045062340407
227.0869310163225,161.25319272338157,14.138615021944936,816.8528232042318,782.1405842650731,186,144.353745931693,237.26271147798906,1347.11892292611,2001.4721462309537
450.5907486767714,207.25769168833435,29.373148140454635,947.3287188149495,716.617904362964,218,186.96098923936847,468.3731207024028,2659.9091926217084,2351.168211683474
296.23401949152077,208.24939245704195,19.024264148872106,1078.133188657528,672.08973703511,164,205.25720968793016,309.73239645761424,1761.4524137778426,2273.730601790073
255.95555311995628,185.52274136325855,3.7879422469350823,831.6179654323415,628.4895825685129,161,168.57236500459047,248.34113334710102,1285.9184202412546,1905.3737847310044
212.23254246642918,150.44701102017834,20.28532686226302,1029.3322184226513,694.4755333766687,13,411.6940945730756,233.34062412982166,1397.0699545727537,2106.7726321481905
377.26788295647253,170.0926693222439,9.75312046295097,922.9013160127978,628.9934502863257,296,135.54596020682425,370.47242254243423,1956.982361997088,2109.008439040791
403.2693085526847,193.18488428630195,20.589815900582924,996.5521143573014,653.0690852471952,89,306.1030187836151,411.256164409652,2279.874283060228,2266.6652083440663
204.97634867835686,218.68303246191965,2.0892344448721722,878.0709793955688,896.2008475738637,324,101.42435089524176,199.11027815740252,1026.9016026462307,2200.020442554581
353.6279174897843,194.2269468911668,5.246443115278781,847.8476787624074,733.2310670719855,42,355.7141699613115,341.64032617698945,1764.8188045244328,2134.180053330623
267.94873255938137,168.1862506744912,25.67211776717359,848.138784281368,759.561529951505,210,144.3756513117996,292.64581337814843,1748.9746738467093,2069.5074152339193
393.55183712283497,194.3803992169728,6.815386710705447,821.1475836929434,862.0855586211646,229,158.36191121259674,381.27392612215226,1979.271145592388,2277.980765364621
252.30992870149743,187.79897658010987,25.1112337572882,855.6940114703729,898.6706701472064,350,98.75519873114841,277.5727615098168,1669.7667251666755,2219.5848206564747
407.2813214307398,204.58917766058005,8.378282653632313,999.2658154966905,774.8143348034044,275,155.9059890418361,396.92666267816224,2074.9895147228726,2394.328932045047
316.0206038901612,157.4886447178871,19.286457301761228,1064.5071835530525,843.7421463132515,279,142.34773706556774,328.80585832627406,1860.0917396337702,2401.0450357761138
481.01899662102034,203.27195317514196,20.82451720529493,1044.2377056773485,698.0823073010026,251,182.76235739332773,484.1982124934378,2644.246089836866,2447.4354799798084
241.25628324379798,187.88866050732773,15.379642594351587,1005.5402929623452,691.7231872341873,310,117.85966044066596,252.88099258667873,1439.2424067530658,2141.78806654201
302.31990531507756,217.4094402701296,9.159320300901939,833.1295590233308,720.811116298368,208,154.01127692695667,299.71411475111915,1600.6161463140604,2082.8293412078083
234.04205637217672,173.93105162270803,6.379331291132884,886.7562338887849,801.7521788020947,321,104.73143652017255,232.41342486630754,1238.1184740487904,2102.8608519768973
477.4080854835688,194.28353251937637,0.9956806368727866,892.9420625967407,804.6575067765297,140,247.13933022549793,450.70298042547205,2258.3501146825934,2370.286868013088
463.2018060142943,215.24196738570123,9.118392037221714,874.9870839192863,694.5718303948353,280,153.42360069990568,449.38740803907024,2340.635819316759,2257.1210797513386
277.38248831454666,157.17568095934755,19.59488371593849,954.5016979129169,639.9629772409886,34,360.62342863334004,292.4874075887617,1680.6849838787805,2048.617728143738
397.99521381025374,215.60599410655158,28.14914455345448,960.6661444639018,789.7188769396525,309,139.04907413666513,417.82448920427396,2397.229549609318,2392.1353738738144
445.16666006036473,198.15200056105692,26.136134467891562,907.0657925513331,638.4977586566293,18,489.4434976190132,458.1540846456074,2572.2578128861496,2215.0183462972755
366.56024347983873,154.74859413736203,22.98194329605908,906.1367476209308,773.547752468799,57,332.2151541635999,380.57653359458743,2154.7718714330413,2223.9752810029895
358.89517350680194,171.06744968627714,23.65342029759896,1048.5666793718244,808.0266384168926,112,265.5367579424547,375.09717529198264,2136.978944034793,2410.209361279395
272.55568727013554,199.57204620516973,19.94954710427986,1036.7878544959058,810.1834489183354,5,489.03495294921237,289.2085425427072,1671.1279477160706,2339.0485839938265
227.93083034176976,154.71454210281402,7.80860572698009,892.3387495042236,826.041633197879,182,154.25978765622082,228.94096198114926,1237.0055933808712,2108.834360873667
469.16472738599805,190.7519322123391,27.215850921174894,1074.1365331619777,861.8578264696994,13,566.8401683863727,483.2053850227703,2712.066000202641,2623.126870151189
470.12541714899913,174.21181398670697,20.121969357175022,1085.8445051007518,749.9876975894365,339,146.16511757382858,473.27778776271094,2583.2795001678783,2500.2914031830696
389.9304371819804,193.4640862437234,16.8132189294132,898.0227626090123,819.0747568588713,285,140.57590841406906,393.1240683547642,2149.01405967792,2317.3052618230004
301.70893731461024,153.2019423668759,3.3296840764044324,906.3274846379164,785.751820609751,259,134.6511175625894,290.8112917854387,1493.1311377238562,2150.319869005558
304.76287238379825,211.00757643066635,13.411666314192763,951.6902460265876,655.9919819393048,90,268.36617326772574,308.70791725149263,1692.750624679775,2136.86434309455
417.7867036610718,218.14422784241776,13.81074813605779,1082.336243760102,607.7068934608225,104,303.0937271991932,414.84614421641396,2223.0326236792307,2339.784816860472
469.1330779857731,217.8214498699984,25.9369082856801,1062.8958299426936,685.3624157030802,186,224.69092319370193,480.8649973964401,2684.5281924813303,2461.1496817872257
466.1259272795352,202.47562822200473,16.399446605633653,830.770388775077,732.9101119012859,250,162.45195037553245,462.9256791829655,2488.1627197324724,2248.6815027835364
433.96266375728715,159.10603680914423,11.41201646911229,917.8192229814249,785.1317833285968,255,159.7109779400487,425.97666366389024,2251.3833005021584,2307.4317233455654
392.60949384628634,203.0784237150316,29.30400985531978,966.0113569249315,854.9877991509616,76,320.74976570198385,414.69748077077065,2395.2233428256754,2445.991083492531
225.24198949851464,151.7210841521161,3.32161779978947,950.939741765462,658.8737150118496,108,216.63714046595246,219.60932754721878,1140.027352963234,1990.098148227732
248.48861422838414,151.5486486070298,12.676452849358338,858.1589203810678,637.6649369695431,156,170.39716864464407,254.84736579161952,1416.8178127575543,1908.537573035383
469.56625655812377,172.6527153404679,1.2607402551421587,1057.6450313504465,889.0439842422983,82,348.0773458216179,444.63092761872286,2233.7019690895604,2590.168727746479
381.928717897877,184.2050233283266,22.19712362300791,1003.0822348990512,632.4133678129222,77,319.66838965703755,393.8033897594252,2211.1806488757525,2223.8264675611845
202.75911548498888,203.92851924654553,27.542296565974517,1051.372512455541,743.5473210321568,258,133.09380224823073,235.61279264573724,1489.6561820920194,2229.1497647852066
230.44146285980963,197.83067636245536,8.401119886514683,1057.6292838048416,775.6691186379906,127,217.92940182180774,232.73366179716282,1263.682861324363,2269.9716615516118
399.05053073241675,181.21318944637238,25.750250303973626,1024.506756099722,762.4123262722314,282,152.28729597995874,415.4014633519407,2358.901587148297,2392.933052854716
201.5184751538656,169.15386663971663,8.766546913856933,931.7631803749152,625.8096471098829,88,230.76196020587466,205.5745050529278,1130.4809613007787,1937.0117161922374
248.2424154252496,219.79871501103977,27.323104849317456,983.1640265046274,617.1080742010859,204,160.0290279494342,277.06093561688124,1690.3286265227366,2095.6363359913203
364.62013680997586,179.8326911565181,22.61885710790352,848.1096218359229,631.6450282383107,16,437.966003459199,377.7167079771845,2134.6768384977304,2046.8263351486312
407.56855930780796,181.5970917030773,24.14720330524316,1002.0936252424723,775.6763051617837,151,231.1877614871633,420.85561164376026,2368.0229542819397,2391.0827847203846
395.58837785078015,161.45366748341684,0.540196668013635,853.7759767217842,763.3034662902963,254,148.51682016674746,373.68148797621035,1871.3867934367174,2174.6616850142914
267.28079283816794,205.63666841249506,28.884310712220778,1008.1848771530471,670.1222376110233,188,174.48161701239684,297.3117147253441,1808.527569640531,2180.108886726954
413.65376640426075,198.55775580470421,21.800129762109698,868.8794482261906,791.3322425536775,329,127.61716526416058,422.49609122830014,2348.995543135511,2294.2233427509427
271.17472624904,165.45387289521324,9.142532861584,835.2653900450659,846.0202506166949,32,337.81674295371755,270.972487539976,1459.34623476305,2127.056772667598
297.6199094477803,155.766673193109,24.881839945765407,849.5853470428872,612.4736879539781,271,124.89401413015307,318.76371780380197,1867.881489992781,1940.3274575835198
423.9474215354072,197.63495114522993,8.445635952447898,800.5976405657211,749.4389830644127,5,508.2404319260802,411.68035147522136,2146.397287817145,2180.0646322632188
394.88986971416443,195.81578499967947,26.18261518698384,1015.621885356059,806.793123630807,330,134.76151480834952,412.23673856033446,2348.455379602654,2439.3032788876935
454.7670231482534,169.12816688987465,3.3774117123581107,1019.7203147175137,675.6935781209061,308,150.1061448766086,433.4635431449027,2199.3615449989834,2322.6864945889056
397.283867690103,216.56044935752874,21.110579323823874,954.4800049739779,692.3312715879447,333,130.94015773939253,406.3857605904749,2261.6153366929816,2281.766172933378
370.4925810006415,160.57405242466302,16.22095429934731,848.4088403166152,784.0913708968151,169,188.89292322131402,373.8834646931626,2046.2904900304343,2179.7877989380822
228.10243034842773,180.26343607298213,2.896034105863224,825.0663012532069,869.3805880331211,181,149.56912245349537,221.55439045112632,1145.8887285398605,2105.708789813601
310.31474091783,216.05311441173194,7.2568148477651695,805.7386899311861,842.9773260908698,178,169.33749412590356,304.4300513600185,1603.8108556974853,2182.340686199383
279.56071030451767,179.38091218482856,0.3721210883194437,849.7244530895662,774.939065729875,143,188.6877936181606,265.5342943419356,1334.7509270028997,2083.9772623971066
273.19689301372506,194.696816336486,14.063038963935174,1067.256660494944,819.0665153271748,362,113.0587327436837,281.1137679845685,1566.2444428990102,2368.279924136265
491.9031664257337,177.8316078573956,9.037957822800012,872.4610525105045,709.4467410623396,248,170.1134020945203,475.97118552387053,2471.208709716024,2260.6805256787734
317.92931740002814,169.19506416440692,17.950724528932763,906.2813981651647,792.2896584296273,127,218.31871651806213,327.8438958977781,1838.443474259755,2203.6461626881596
467.613966553134,218.87843535718798,8.917134231258515,831.6036453444,739.8544773382671,263,157.95573110057165,453.106589464428,2356.830820506582,2266.867658824248
389.34158779917885,178.65338044205302,8.99757334520954,866.7083914244511,656.9808409372682,40,377.7844768057091,380.40056259471146,1997.4605462262884,2100.6817739481608
438.4433910624945,212.58694425753941,22.2957959619481,955.7673712340616,810.5214821631771,355,129.9338121013463,446.6826774691562,2475.258209685088,2439.6149846792205
350.79112793155764,166.09682241237604,1.4442850793506035,982.3258049286958,766.9393912046467,255,151.63931506085942,333.8985779619811,1685.9975085371666,2267.597431556627
373.07116538790774,164.91732928175583,27.086849855759617,873.6056942498633,707.5864745860774,143,212.98499212809338,392.5290377864216,2258.4185700815547,2146.267513361364
347.75530814565917,152.1793858019158,25.567916231735445,817.3196477675351,873.4017570235892,240,142.0607531077801,366.8108289053439,2115.429389259645,2216.224014970435
258.5728963394133,195.61667777631195,20.034140496792194,917.3098607382196,606.28023534802,228,142.82265992546849,275.44492759004686,1600.6899062699451,1997.8138106987572
416.7356345784516,175.7968440606633,17.796647103221527,870.2610112779003,694.7319453748488,341,123.67102507651077,419.16477811746574,2287.1033439366124,2175.3220823950855
284.2317087322567,210.5050774887746,26.769074944189565,865.8661769689406,617.0644193332939,198,158.07430875187302,309.22879609932323,1842.0635457190658,2004.4364574674553
207.29478992943615,183.124693468409,5.559905385861433,1087.9588408140366,829.9581948664882,65,295.2190725007645,207.1723894048506,1106.5678359029357,2313.896424464231
393.64168877215036,217.77353995403053,2.3690748657248584,984.8901457777172,810.6322362341377,11,518.09757769741,375.244762620257,1901.427870165586,2409.3066856037603
253.1332038221147,162.98678609921848,7.185305097286143,967.0635329516288,699.4056656208951,108,227.998593338335,251.49150002076405,1341.1558351129843,2089.7744935911433
482.1375753058743,210.80362175689277,23.83734836100571,924.7325310569965,802.6988706621219,26,482.27869955075545,489.49045616587534,2703.673762539364,2444.209947142891
486.1785731007762,204.36177969542192,1.0401080017944997,928.6833000290433,718.781167858785,151,243.47907745345555,458.8994028781865,2298.9213655532926,2339.044928685821
474.45931706613453,203.96452912508363,17.484205052504688,962.2715011514242,826.8761374267303,221,191.0516312017132,473.01710363554633,2552.3961424042577,2485.0556898218774
311.0476100766333,209.13482596818213,29.8631254857393,1008.9289421108322,736.2550988210119,341,120.10001306090226,339.6190185311569,2029.3254722082766,2295.229602462399
204.63698495866024,203.27167936600992,25.670882815126184,1010.6438288545488,723.6839183494997,237,138.08490544926008,234.34931772223368,1462.050814519128,2167.907294343845
478.4955687763176,193.83542251419908,15.643370671307684,851.5081723116349,880.4189746464904,237,172.26549226366632,473.6715726919793,2534.6047755651025,2419.9015089199497
328.4552444951943,159.18714143776714,1.9092272785992703,950.0338256229882,675.2637299672101,219,161.07374962621833,313.50971848914355,1589.0170544072027,2114.849168801759
489.99644571310085,152.27683256438763,24.941205431571294,923.5874285102306,636.1342019989696,151,239.15633554670464,498.1055761450925,2756.5876418224407,2226.93611421826
489.08599312677586,214.45934934709808,17.969355245316315,1061.1580898808152,775.3629339778374,123,293.18045961769684,487.6422565732245,2630.6429385442375,2558.035721577843
455.902836640208,193.16552201645166,3.4479899117870048,989.4256763655129,890.7965436852537,144,249.52053680388514,434.93955184030983,2209.405390687769,2532.7385686192133
288.33466762087573,205.75761036833234,2.815718544700686,959.7512199247946,713.351764118156,189,173.68058916830284,277.6816786344747,1422.5186240649398,2170.0109805768593
315.5293185805776,183.7065646058785,27.28880458309777,834.6183926536752,618.6110290886345,255,133.82534693985068,338.98791009629696,1994.607055442378,1979.7541095118636
455.34100145505704,158.2115732273676,20.076007888142353,981.6913667970234,701.7915801928702,68,356.1610268828617,458.94313412763586,2510.2523830978002,2317.1115295604604
295.0766015468833,158.76300545417854,24.878603979502667,835.1611717040701,751.7794962958676,104,224.56028594667234,316.6151016883544,1858.4907808407727,2065.658878980502
250.84782400582776,197.989570106028,26.36936700846802,901.1619726697256,648.5769019896641,336,105.30658987963224,277.7839264468013,1682.7296251538812,2024.9456357797135
367.0403787375051,180.12141264296238,17.153170561449667,842.8525894442996,797.4306654169476,159,196.23421933448375,372.07960403919395,2047.8541956342249,2204.598216803164
480.8464322482343,164.03673086902356,15.523390552651238,1007.6220941073107,899.3248167030602,309,152.2801135030088,476.3342131758439,2548.111656377551,2567.35346448028
408.8089390024919,184.41161827190058,12.912822309629705,861.8756341508458,735.5218427944332,362,116.90145804884146,404.5169752826087,2160.8970961113855,2203.530856529301
371.01835102680946,154.49462559525938,9.508397633733578,917.5578119564078,706.4185670190637,300,132.07546486009332,364.423630212516,1925.0173497744447,2158.997753231274
229.15294813123057,190.7379981340079,13.037878825761354,1068.7024332856336,720.21125005034,90,260.84116028944317,238.4224398335565,1342.7233076704913,2221.8425084269734
384.5021680097509,168.82953831045683,23.216389671904693,861.2949150196911,634.5438535185604,357,114.15642527139036,397.1596340317034,2237.5870539876055,2072.3868645303637
497.01615503127897,205.82913704460316,18.057702930453946,952.3415191876337,864.9820804278671,256,175.3300817520942,494.89207463978556,2667.2408502266903,2538.2265946218367
242.02520457095721,171.72533712465017,26.77569869864538,925.7814983498066,724.4476966564056,353,100.65250656457262,270.4333547530952,1651.7873925205884,2090.755435400465
355.49889570912103,181.8654104357261,13.301400431375631,805.4372123137189,716.1823234274524,220,153.32453537036395,355.25656023474295,1920.7669181325448,2072.285242317394
463.21192157838664,150.81343779356703,18.212687361562622,1037.8274340718438,797.9070818791423,9,567.4563636323122,463.8834046978479,2515.556587298193,2467.9725626845025
422.23058532626135,155.0712821456191,18.93922659275966,820.7137718943799,732.610026279337,12,472.87480166388974,425.86237363912784,2332.6853545600015,2149.564892238357
409.1047222985804,177.47454894846794,17.750914869189767,942.2765062930861,794.4700406423538,325,132.41250572077837,412.4873050577112,2255.3187163998628,2341.0767330516783
410.74522519613276,183.59571843019864,21.07901319256549,968.203488481685,618.4338870392362,244,166.44574845598737,418.75798009294294,2321.7225409520584,2202.057332339818
307.84734536592657,192.00143836835127,7.123004051244188,988.5279369843761,844.1170031166682,182,184.1528105624031,302.6632833090226,1595.371548994986,2339.6167278865664
288.077553279348,170.41638050965122,15.370913326373719,1006.5894887923627,882.1511858638207,284,132.32763256274197,296.7932381423533,1658.2114319065101,2362.6055217715566
442.80834664355405,198.64873202885798,3.12674408425043,875.9817150568146,794.6296158478158,312,137.8769251710524,421.6347943432096,2137.9284475477866,2315.195153661293
443.0340184037542,210.2085678032443,11.535339829344377,802.9936329975349,886.3697786576432,99,275.4690691008515,434.3514026623741,2294.2285189022355,2354.141337691521
460.1216955740311,204.5895692225345,14.630012058637933,1017.0330987064735,645.429694310989,197,209.2152727939178,455.25810466909826,2431.6575574188714,2341.804069872666
473.9721657669414,152.773317774385,19.566727786364176,960.6969798042736,743.2248568441062,226,184.71433146227167,475.5039981392619,2586.70569969555,2350.2340479760705
353.40271965828134,183.63548630804803,28.515931577586105,1050.8353109621746,780.5420201836341,333,129.929220731259,377.23957903005845,2201.251321777515,2396.931468689724
350.45488840615985,157.34511248927225,18.019531996450677,1046.4165088702082,774.520994226356,103,273.28371014915774,358.71852125883606,1993.1234693157526,2346.757035988447
439.4885536900325,166.94315111037693,22.307817485296795,1052.997850336365,720.438533726713,106,297.02219740909686,447.8723382586964,2481.1753923923175,2402.1759063487843
394.98917923332954,219.06638152870025,15.187981784856083,945.5283979938621,701.4253228098784,58,356.7758887054769,395.3506868781816,2141.4175777968103,2276.197263350626
410.590063177311,159.97468800310594,19.02312094128994,900.0885187510597,638.0472067651257,78,307.5417837557647,415.29188359296927,2281.2055011673438,2127.7235976378925
438.73780083083034,184.92217074159493,2.1279664840132027,1037.467460777411,717.5227351686834,75,349.3491168890513,416.8400042462873,2103.960353156467,2380.778134002533
467.00160254526986,193.27090140226835,7.631747425255409,935.3882339087764,648.7982445316455,42,421.8943835274548,450.83691510996294,2331.3986654903733,2252.0907298132156
301.39854705546077,199.1725479380873,10.855592796154161,855.0326589210304,820.3097029476655,324,112.4152490229706,301.68462250697684,1630.314819750246,2186.769049658398
312.67488579198323,189.175407844084,14.174800650195408,1056.4922058684424,662.649280648377,181,192.76830418933437,317.63894722817685,1746.4319154999791,2235.166580803082
228.1945819522607,150.68395931934285,1.369462365071512,1064.7679630317043,617.5695915853602,33,365.72590738833287,219.79950259037116,1120.077981253477,2062.5855582537397
373.48404229885216,172.85229157707943,4.20072292659953,939.892926842051,765.7098413451703,71,316.0343424567324,358.9668055762058,1840.1152148068613,2256.1398249897525
210.78268213902263,186.2398150369298,8.304429233739173,822.7099181929362,778.5689198158204,56,262.8944399275599,213.3697637153106,1164.416153680968,2006.6057644184482
339.67940543973805,156.15065494013834,29.14598072703152,916.3478269750793,861.5739183841516,105,248.0413772234355,365.04058742516037,2147.228574924514,2302.8977864661388
362.79339041227297,174.54388518464265,9.940410213091523,1041.061297838781,773.0944837253046,200,188.13539337509067,358.05381133889387,1900.3136328742414,2361.4334673740927
285.96237563848536,152.32421761539567,14.461231743362475,1070.5322085638686,703.6442561170337,101,259.93973626276755,293.35673914884774,1629.9101876565721,2226.9242896781457
377.24997817070323,155.50049480085144,5.882931382151789,861.0418227492787,840.9035644578962,256,144.79451857254725,364.8239512908548,1887.6109586006833,2240.5787915608817
209.15007498171482,177.7846293341117,18.32340213227305,820.0920836075815,762.0836679562263,307,99.7932250200275,226.834765527614,1341.8066433769618,1987.4338580119074
211.20445662476433,159.29010278301422,8.420496465479228,1063.2051359398515,623.7840853893575,74,274.20759223571434,214.5831360943444,1172.4879713851794,2065.904277202467
446.78016819789747,189.72785937830906,6.209777353152804,916.8214816936626,769.755168093974,171,214.29875588001528,430.0649642886121,2213.918041853236,2329.294454716996
308.05719242337886,198.2625478396086,15.497178853379372,962.528289280269,872.4055636264986,143,210.8931904787493,315.3735340277534,1751.0761666251974,2356.7507720231342
238.11815379556543,206.0410689376358,0.16517397481262464,1090.4197436152276,718.8937876494662,166,192.17923701153913,227.53831875564217,1146.5198993997687,2253.6379279727075
356.67297801644133,164.0105170971367,0.22992097947675982,819.9694183742669,688.89774056994,261,136.50560102288046,336.74122628256197,1684.1463269440626,2029.7805750372615
430.9980659295833,161.7237807581349,6.572064273055734,994.4954022356287,643.040837105406,221,183.47776111103204,415.98270576340104,2147.6785900405816,2236.8301503018088
264.74630824905296,157.31974882340802,1.1016408750246343,822.2316267724601,645.4336565806072,83,238.75745393557384,252.47778575417195,1276.5755948125025,1890.832981300553
386.8671427457001,194.55011746805457,3.2407726239207415,912.6406785399502,729.8314453025457,182,193.1420120822056,369.7967373176407,1882.4917500223435,2227.1301566801712
225.6042394981304,199.45330085408307,10.165819480162547,1041.144363558034,778.7039472484589,307,119.67769581402872,230.82254796240497,1273.6528384303872,2255.071670638869
215.50451635058232,152.21103013779495,24.077570387394385,930.0416698266903,624.1846215508805,10,397.7759438786779,241.53453391556926,1477.901825055982,1946.0194082533426
359.4063894704444,215.5348572370583,17.161459301079024,1099.1547061708852,881.8705767075497,4,565.0376384768173,366.19359810867786,2022.446115639469,2573.1279888870167
362.19053648303196,153.63798985560308,15.380031778692492,967.7177854839806,826.5400852335588,351,119.19916938297102,365.46192550763266,1996.9375809462263,2325.4664288348667
391.22897044946194,187.89074347107493,8.804664696243648,896.348645790786,775.9871754850988,336,124.03208519869631,382.2248866451926,2005.8892175488131,2260.2601998926652
417.82740011679846,199.63423636156415,27.952611582984492,866.0333977714259,848.5316012816972,292,140.0601214527221,435.7095231240208,2483.0791599630707,2359.97924711447
492.75562383876036,210.967838662226,11.91045123711575,905.1561602858485,624.056027043634,281,159.78957153795284,481.0393372886839,2527.709862087698,2244.8461010675846
354.89010449035857,199.98608524926993,2.6127830038731448,911.7599821278652,743.0516633199373,215,167.08845562928096,339.1401121540444,1724.0447293837833,2212.3006181913042
296.8869418823738,206.12096581488544,18.511995483534037,820.6141033171883,789.027938058499,98,234.65403510776827,308.77458565845734,1749.5814357940592,2131.1619445564806
438.5558584306111,173.76151347799643,3.415151804298042,910.8722598280319,848.5958718354868,101,284.0680289115227,418.3551091325941,2125.704149959265,2375.2006553764245
281.24967537862227,207.03775796225585,10.356694284050763,939.2715559217675,835.0408680147802,9,450.8449439283965,282.5658150395039,1531.2615038243614,2272.9565515614768
331.69142621169084,155.60803924692726,15.222358161534267,1016.8213256716414,683.1207749140199,61,331.9389710371526,336.7712120795379,1852.339282026826,2202.463924205814
223.5369144026798,212.63716592423694,26.226675740555272,997.0188454164823,882.2640508677613,309,116.00095395216924,253.02447492191146,1562.0823396620706,2341.683652351716
207.60522302463724,188.33146633076154,14.80639741020356,1012.6296965687463,637.3037524292611,146,189.1374049516457,220.64524611261763,1272.9690012793985,2060.6765357636095
488.7945244033775,207.21084389737456,21.06776298094993,802.5091045630571,862.5400855863456,63,352.403820025381,491.15711092477045,2680.5705564712157,2382.122321431105
450.79403615366175,181.66227991628102,29.78450516997211,865.3002198741608,891.2820748813856,121,255.6152571851597,469.1953088631063,2669.3588714447615,2418.823115995461
408.7922618281094,195.05043866375675,3.944673596939449,998.5052865199569,653.1460569667877,226,179.03061260912796,391.43313724329715,1997.4141978809362,2259.43871757555
322.68588332428095,186.84818626552791,8.241945765585585,945.1968104539242,816.6198192611356,105,250.79420151003524,317.91218665755076,1682.4536015851934,2279.592645070454
251.98829602125375,201.21126652287325,11.837282267929393,801.5940427005038,612.0856556333995,260,119.81154989280043,256.57582843703346,1415.4314743807586,1878.7165431459596
246.9311128013258,155.71409874214126,12.654845356164941,1041.3483927295467,721.6268475417464,349,109.37043718937183,254.26799302523054,1416.449317201582,2178.275297170925
275.0728694493786,154.22464587933948,12.330632257966373,1031.8428719871013,754.8849897593022,255,142.20421995175408,279.98170337151447,1540.276005423715,2228.356009333088
364.7679994118362,167.29722638071024,27.228330076696647,964.5257488980687,774.1935677728902,207,175.9988772276318,385.51668414446686,2226.9130336676376,2298.012872540202
414.37877681001873,161.1681276079232,21.420979334005693,819.9389977328816,880.7811744745679,28,410.75901715684387,422.57728339972823,2345.450125064709,2297.6880559593974
398.0592130153194,211.0248496614541,18.237156422721114,1029.9545148597754,801.6752061882585,170,218.19073865862183,403.3161761800767,2216.4470375086757,2458.9509401475284
283.98016908378287,165.3449791150631,9.281181535883462,975.1140763194092,744.3833853657711,336,113.6530415349337,283.4456216235755,1522.9784510917182,2178.1037914199096
486.4595841989582,218.3105679073392,24.71371152663884,1034.5879931473878,842.9025108797669,76,366.2946457208677,495.34579970292,2743.9049934095797,2606.974367660091
421.36907500873053,173.58270542397747,28.651815344549668,1025.524097718752,885.1598462863227,116,274.890103999274,440.75809539947636,2517.6931622987386,2534.2875397823323
366.30621575342025,162.74825409820895,24.635948476506798,1040.9006215873512,606.6198446046873,69,333.3560765231207,383.0280951918195,2184.9467960913144,2201.2108845201747
383.5162238703057,205.27889549997354,0.046953155744187125,955.4024199213875,894.7563816768115,354,122.85988804863592,362.39269615513973,1812.6268578933514,2439.0008741242227
325.88001872833695,196.10954428506133,19.09204110550221,842.0973554580545,625.8396417191041,234,145.63608523238193,336.3657696897341,1891.01110782169,2009.0186012960592
274.31929685034726,184.87370015171973,1.5340614432630217,1001.3472420139066,844.3160337806285,1,496.92454225006054,263.1490340113647,1338.1000086487516,2306.3903342398653
306.7918035953785,188.8754485656342,7.728216610011655,986.1421355155912,684.1004257654238,167,193.74771599046093,302.2592467420258,1598.4249536475609,2173.6380300520395
427.3538331393107,200.34412447905848,1.7857410104331506,1022.6759561597262,639.6538973261615,352,133.45013818070672,405.52775677939576,2043.338918387553,2291.81355211469
204.31804658892676,165.99183189319092,18.11386358848163,850.9643018152206,731.9566919141505,218,128.98515462174097,222.08754766789215,1315.9675127481787,1971.3447357999705
234.82179215207486,219.74337412397193,20.597697404778202,858.4925599700867,793.1869738342841,273,118.32697942006071,254.34510567097064,1503.9548790343492,2126.8423974851958
213.80079260652582,218.23552135027484,3.4346291419771537,1067.1228551657987,714.2855535070426,251,140.14037177396327,209.7273904689821,1094.414859448462,2216.879351771619
212.21864069569105,195.5227980442856,11.515166491349385,1024.9933395356213,616.3696224848097,347,105.89664151283907,220.00790274673773,1233.2911339161285,2060.619567251757
456.6381752033022,163.96797156504016,13.68709526866626,1072.4685466100968,779.838341897615,344,141.40376321049212,451.08649030661905,2402.337531499596,2486.6001305447203
411.09735781400707,197.6159769701904,11.071590652827497,1027.6145963491763,870.7209828332025,174,216.7563538155306,404.81935229272506,2145.1032104537317,2518.1205046194036
342.25214872619756,155.0538886285423,3.630750014555791,979.1465917970905,714.9646097841755,170,196.2683359258616,329.11814970167984,1685.9777188025298,2195.047988950562
229.35024819530045,152.14567515440643,12.568433705624262,996.2398211083621,664.8998332892481,246,134.7638175130893,237.49356946610865,1331.4730849272387,2055.2040114529414
347.4847625350497,168.03780219578496,22.535341434252544,1066.738377182003,732.7732037798446,90,295.2595600226711,362.729948785702,2062.8315285969366,2337.5694871269347
342.0415312341697,182.38360697175216,2.130229935997664,973.6420263535822,614.5088133146343,49,358.17968895579,326.45403140521233,1655.2116525848962,2114.706207810136
251.96056097300456,210.77907537858664,2.4054004224571033,989.7173972985163,846.1462753440825,294,124.3977413268914,243.62474029353785,1251.1868310940076,2301.008709416647
330.1554947713919,200.90183488364156,10.643138755079526,846.9430148010802,847.902243285056,150,196.7297645368534,328.13307518276497,1758.9841874015256,2236.5457264962492
319.551420319212,201.98945648399868,28.25177134856775,942.1763660348308,776.4001390288886,132,221.2797692807533,344.9223815532127,2037.3975444609212,2268.369153215498
384.7550294156649,179.78453341136526,20.05717940168742,1014.9191335874297,705.9308666815168,59,358.6684310929664,393.4154416334945,2186.3960682515863,2305.446742497664
390.5280952602931,174.2154494782874,20.360098700176945,881.2828094949097,839.935009333735,324,125.59593985030597,398.97112098888084,2217.1993258695347,2306.3214622674022
213.59120293161337,175.97271340892217,10.857599725135948,860.6762541573605,766.4061074365102,199,140.80577280993438,219.93693008828862,1225.4134017409322,2027.5038776595422
312.3837843879414,219.13546946152405,17.809823736256153,894.1480424673247,847.7796925650049,215,158.28929716776324,322.5476337340613,1811.3228597778966,2291.2568126180513
387.7579747142709,152.80764339887378,0.30393552083230135,872.4501883978501,789.4376377749062,49,352.306156544732,366.1700573233414,1832.0357874454717,2202.7573798067333
350.94087757402633,210.6922047285714,19.082881392286268,864.4737911109188,835.3216419638392,232,153.94306046800946,360.170015121591,2011.0554501940644,2280.511396769642
456.9469523564967,190.50727860006754,27.3986084272871,927.4552528604261,779.568897965328,247,169.77990563996397,471.36563859556503,2653.1978086828153,2381.8769902096055
397.60808948568354,180.70307934327133,18.377204050344574,1072.3515541650602,724.2423204646999,239,175.6613792351225,403.11536077066086,2216.534394996481,2393.2822475090593
248.8803281244289,200.76803622905956,26.21095780399035,952.1178940216155,887.3837579778412,168,176.7935165808785,276.39853456099235,1677.067280907545,2315.3609741569353
221.17062422012896,184.0668258997292,21.719191663982816,856.3761142445969,762.3341474636534,48,287.39365837986696,243.2544541377798,1461.0482177023848,2045.6669034920913
392.7257834618947,211.13962666571624,3.6167524921107077,823.0915008142622,781.5268555621615,51,347.4238463774525,375.5577549974426,1914.8275052977635,2212.100518996145
207.95339316248655,213.0491304807881,27.07359921857525,1008.8468435413776,666.1462918244248,299,117.46421932208871,239.41734425288587,1502.1007708862141,2123.0692582276524
375.732674382039,179.5204648811419,1.9933153306732465,914.8396293309163,787.6952368281829,98,270.55349527181465,357.69201325526245,1809.3433317157312,2259.7813207529534
482.0690724274873,169.37794580645362,16.019024176432914,1046.5492839756078,771.4822948448832,216,201.35470462077336,478.11581093696606,2561.542694575648,2485.4976212308648
372.64225336276365,191.46452300153535,4.26411371380373,997.8532305922311,655.4515193841075,177,202.53466429961887,358.29407506381324,1837.0424190945382,2221.6756400544414
316.4509778619566,213.86543419316837,0.35119832192712197,1038.8724351624105,617.8761292059431,80,302.3821356602413,300.26022198041045,1506.764689930609,2187.4161747454054
392.98646553270595,164.74635323039666,12.661027803829171,881.5838118255347,781.3077959144314,185,186.87131302567434,389.5908547609375,2084.8641578604934,2233.285454306898
337.475867147455,193.6076608494438,8.851221229624688,1007.7076767383174,829.1076808050962,27,427.6195231640754,332.8571558923036,1763.9180038488485,2376.750106769937
363.68503679478044,194.20921540647643,14.580014813928091,879.2185954081157,757.0204112766024,195,176.30150611522097,365.1668634873049,1985.1694554784676,2208.713273699903
482.43944263295754,201.31791156906968,17.315996602036524,1081.7205438350875,668.0317875958938,214,208.08204178790217,480.3458858845513,2586.386214874096,2450.825682235045
315.8307913402323,159.2097379589082,1.3121721692684207,990.9122844600123,799.9565930079104,342,117.3186649605116,301.2862984717663,1523.6193743802876,2267.2215789363318
488.35716914717426,200.1077475277462,3.690098853712369,897.3535400526026,624.0317179828807,114,281.3352374144621,464.58481473312236,2355.111586169555,2213.540273564116
471.6051925868191,213.63227644659486,16.75927189351276,880.8535586876818,732.5501114405864,242,172.2537060973799,468.7629778589321,2521.575186301029,2315.400411055195
258.73734043678894,162.57781762091693,10.295020595179746,857.2779755214931,649.010027519526,124,198.404736345065,260.82790501963257,1420.1610759241942,1937.8981816939045
220.80839026254964,166.62803274467143,21.87520462648344,1008.3922876681183,655.337715317965,305,115.36655969767293,243.54218007175368,1464.6015438977981,2073.0416306197876
230.233400413228,217.99765658291477,19.56874945775819,865.6146838993782,660.688184747461,76,250.25314730763935,248.29762120734833,1461.3676993642207,1994.1026751007403
205.46654769546493,162.6683866896643,25.368130889697206,978.5909797782467,716.0121171131934,311,109.03223682340658,234.5150075220055,1458.9478545275965,2088.1061621662666
228.33288822677852,209.80695653587054,20.77478480007676,879.3905080776073,615.3450616861193,312,107.21833432682513,248.301976798009,1474.4024559033312,1953.6501993264524
404.90203202490704,184.45944995136244,12.897932321704443,998.5906834381606,719.3380322787294,196,195.52885730424987,401.3757189540206,2146.4278736645806,2320.188130014864
221.3565945380687,167.30617520822238,20.188998671832973,1044.4819185621618,753.5122341344103,351,106.12202159635089,241.86354430571245,1438.97804341962,2206.845921114696
295.6926890881284,210.9524930890758,8.261435227662556,1033.407572943396,744.9882854898975,44,367.51063346689443,293.05215105482444,1559.9796768806932,2293.3024758381603
453.46259329083637,181.17136785018658,9.18940496334638,1028.2553992792346,714.8352301209122,186,215.4996430350147,441.0832455364262,2301.9821443798014,2386.913995504516
206.98158072074776,186.03721477507833,23.6695547976238,856.3167217076756,851.7439824212257,343,94.15528897514353,233.1631645613593,1433.65660244501,2124.749054422351
444.34054477668076,175.1463358579836,13.392585492047465,826.5154840953556,643.5980077261512,246,158.64699710740157,437.9538720993896,2330.272493932283,2102.9929579482186
284.55643243201996,191.50655960044492,23.951410215550574,1009.6846485462156,751.7090231344122,84,277.57771490890656,306.1450554374782,1798.3429308920543,2261.4080739286433
235.44944828649687,161.4466710809516,24.672671210048353,910.5041641383054,618.6124250869663,207,145.1063905111002,260.888524562458,1580.0064862850732,1950.6853798027687
409.0211496092452,177.37570756562326,25.726870129838513,929.7038679210042,621.346703663373,151,222.51499926234305,423.9769583518797,2398.649314253266,2163.174298889084
388.6828540339652,217.85886256347013,27.49905707523622,809.3447278380173,772.1597549031289,156,202.42576188699863,407.54891005811305,2337.48651569413,2215.5452564138177
463.2416040581159,168.06934028907892,12.929556615398887,877.8729347825148,769.8055274663463,16,495.0639940488533,455.2937433592668,2412.68082134646,2291.918963211455
420.5213131411657,195.97156651789044,9.566004549634165,810.1029211623392,863.4100538533371,165,201.53195370169718,410.440254151395,2153.9202711621206,2299.5718592243666
441.0442791154546,172.76330449572865,17.465962397823414,1063.7557317803744,767.362102698022,145,252.0133264418937,442.19442296752453,2400.047718820674,2462.391380487403
284.61037177139195,204.14311879806206,11.135172703128827,873.0190049655591,887.9373061214551,37,345.21444501967795,286.6991840579525,1560.1784370216724,2260.844974359597
253.23186313391685,159.16115625028448,18.03222500400699,967.2011508719024,614.608454519979,333,109.2448228964844,267.6838239643308,1540.5667423879545,2012.2348497800897
425.1844254922575,217.88747315549813,21.16757587931474,811.6937961983391,629.4023054342223,45,373.1985586151656,431.72203681706446,2385.476808392119,2105.3355761596317
442.0504217801792,181.76526789685474,20.652150554764106,1000.0542173916974,613.2197584711145,206,196.26371383570245,447.3481275278012,2458.6715734826175,2257.74181609461
497.151542600202,166.52353243425247,11.236586610603641,896.9082037262282,655.583055100062,62,370.43596532982093,484.1379181656852,2535.6254731330555,2227.4029204713484
323.78530307342794,155.14477231310087,5.005806050962585,1069.3757560872998,762.3810332825035,356,119.70670456805234,314.4623349801087,1630.124423290411,2315.6926708072947
311.60542573783493,161.88305335612785,12.915880153866226,1066.4354566802108,793.6716544282284,308,132.01586007605303,315.0523279132344,1721.0046532963172,2346.511470356268
432.9238882225991,186.38417639892123,4.277824322457262,897.5871855085243,613.6755473846007,19,475.7087669325867,413.89092920278614,2110.7226831843573,2134.8486218371027
302.24106207590535,173.59022235019003,26.70291105551425,1070.2882687071403,883.7912669536797,300,133.95350419373693,327.2220079670693,1934.9651645882166,2456.61373114243
479.2271976810694,208.02183561178265,10.376323822135722,1098.8473020496335,852.6496129951144,7,615.2112711726929,467.38807237790934,2447.46562054188,2649.1222721597355
457.52382555290353,180.16212665632642,4.6337924166997135,1047.6246992371844,688.9837446471279,249,178.9691807488045,438.05234510082414,2236.4439837556406,2378.928188510242
328.6982082125055,167.4099990811341,0.7634327971725263,1053.4614043265688,623.1562590679404,117,251.9360250699733,312.3281229686473,1571.0392818317787,2173.489303485321
425.2613203374492,193.2001490622821,19.374671588594527,874.702620832727,650.9661219657172,68,330.49933016982993,429.3944180537944,2354.8598997508725,2163.5048837867703
426.3628622254047,199.4744051819812,19.1070695236423,973.010719657327,638.0833241264918,34,437.8063140243693,430.3861705630085,2357.6993125224035,2256.038380714847
230.9371606507798,161.6929335530665,10.21812499743875,820.1767741902104,636.985133789684,194,141.64728200961645,234.68576285243415,1289.4997220154692,1860.0101271811795
470.76587200387,161.73334514018222,2.15135666542953,828.475381046501,755.5685065997202,325,132.52735028494993,445.89668116815693,2246.0974078173385,2218.694461455703
351.5757117343571,152.566999885348,12.28886684685696,1099.667783609987,673.7542327480201,55,368.2223991989272,351.17540518315064,1891.8202638075832,2289.853594824569
447.93723983232246,201.54814105459485,9.336524851901807,897.9917748277733,707.4419149587434,266,157.92422904810087,435.6335808793521,2275.3333452381476,2264.2555955253356
296.0148803091835,196.46631693352634,20.313619192050282,1024.4551736146539,896.8516000152968,42,368.466945561274,311.69508463349206,1787.1234232685874,2434.1015900647108
468.65696854886016,183.22416130248698,18.173377483580712,1041.999515908045,805.2942746776034,297,158.57183861159896,468.92627842105895,2540.311530548306,2517.3482979205764
316.7605036202489,209.0919314278438,10.9378118459262,1057.4069813021688,884.6942001141003,231,165.7250429776654,317.0348208474432,1709.9093889012659,2478.8914283102877
203.25129544408952,206.39691070650372,6.536776627649703,1099.288489220647,642.7669665099347,10,447.8998794023328,204.55283697652158,1102.7523052146819,2158.240438508825
471.6145929257791,190.97480550777266,29.641078984667757,872.4489455770604,714.6418424497708,358,126.94680056351676,488.0204643262856,2759.208267918783,2279.321265445051
227.38600303584008,210.7789896359281,13.620048635883446,812.1052480579099,766.4195409847063,128,184.88507532204753,236.7224716492847,1338.6919569383192,2030.309830350268
295.7940912771245,164.40888470257377,20.64822707340711,923.3574553983758,623.0274185666215,179,174.31292364610462,311.0332119335037,1783.6283371896006,2027.2360770181026
485.01859011524147,157.83437335784095,4.216589027350823,839.0242009486841,601.2562330883874,193,195.92984968394225,461.98234849284387,2347.0774340931184,2087.3499865375047
485.1821440812668,168.88247280618927,14.567690989781934,806.7277667486165,801.1303001390752,92,294.883190877653,477.933878642085,2542.408997454064,2276.4903747649296
372.0313664369858,153.99607992625204,0.8261015960839646,908.1280481424458,792.5458550404306,231,159.03780822065605,352.47672629915866,1770.4919040824013,2227.527451142198
389.55116365093977,187.18186696007223,15.163653537313499,1035.1214753225709,723.2366429998835,78,326.3737817429684,390.65245806202637,2118.917229689098,2350.2548024707803
334.53365659349595,215.5623984606473,28.920522213531072,969.8542073675212,746.8932228096098,85,288.29346472854417,359.91339970702927,2118.995783949927,2295.7640074448054
287.96323150941936,152.7540478467957,11.526201389574007,893.8333967631062,724.6329001776269,30,362.2326595649722,290.150257585098,1579.9370207961279,2070.709777686522
298.5993636109748,158.54769398070187,1.1698803772473476,996.3026016478159,607.2015134534666,213,162.8439116415999,284.6835516963719,1438.0257063779673,2061.8210530702067
401.7555368231115,181.65393197984048,0.9286737275803059,869.6054540926432,700.6114818652387,49,361.2210141149322,379.94163540336126,1906.2645962665317,2154.555078488414
425.712358831304,215.37125122695335,11.639602798406084,804.3144338216255,653.124676619187,265,147.72986727417543,417.9384792494922,2211.878285197678,2110.1623232974757
437.4737131177545,172.13092734837252,4.800748093895821,1029.3060159309282,629.5272567304106,145,247.1274206999636,419.46238010300965,2145.523300328022,2273.238661221362
436.8854428383662,185.50643660818747,0.7005628898455774,987.1229254592027,887.0161301668049,69,352.26887722954183,413.1139314239411,2070.914993068781,2497.231497962407
227.3618309146071,152.91010013352744,22.686408418505305,1028.690787350288,779.8079175126497,58,300.298755923817,251.18107638279574,1512.78441042097,2211.457044329578
348.32609141077444,160.38402406734622,13.755690266456721,811.6814050062997,818.5968852709808,185,169.78564794684243,349.4927966070859,1898.304590394957,2152.744096021858
217.2676280049933,219.0641086071193,8.677343159179635,1051.1358883491957,694.6091229798352,62,301.90141843902444,220.7124834044911,1206.4835169209005,2190.7540911003234
364.8586646971207,217.55830875052317,27.00249549049442,985.857860010891,717.9441388482046,308,136.47894455811755,385.24513278355397,2222.918434301945,2313.221467797234
332.4591504120131,150.34579866540867,3.4841688060157683,969.0186052137921,671.077198169017,296,131.33232906669858,319.6615610691222,1637.013045919673,2126.3849212662467
466.3112548274899,216.62682497962675,28.677564868659577,987.3842144343595,629.0897012896274,166,232.29079096965944,481.9368559178676,2718.853176860377,2328.0895603997633
305.2745037656236,194.73839564708504,9.419001521320585,1059.3299740605094,653.7094912324751,171,199.05550683796233,303.61747734184723,1624.3420264909992,2222.4713662270137
235.12010492828176,210.75428061640156,26.652110169260435,976.0809519676721,839.2542135889457,63,291.235950406189,264.2648459283646,1621.7378050353052,2287.861661270562
242.89750461585075,181.83178989437013,18.088286294383845,974.2851139664538,803.2637415551328,147,191.6947289974095,258.56714303127194,1498.1648048785828,2220.3664363261914
428.45318951524166,186.09172200054752,24.801220792244624,1097.2037471197298,764.0786627956431,306,153.25402000136972,441.61748809601204,2478.8354007061444,2500.628542223407
385.4654189948783,184.21926061798442,29.520394896313928,1027.0190501205705,742.5269618600304,161,220.2118003110648,408.39340598603366,2365.8504400021557,2368.7510864897777
230.33680283683708,196.6804980282273,8.652163134562372,932.6881416353406,876.7302850968374,141,189.5900479840754,232.71502057644273,1266.1129634799922,2245.0878907318047
225.23204183449923,159.7755878329419,28.834064562227788,1012.2191000098783,621.8204843336006,334,108.13787314335022,258.0413682356993,1613.0994474660433,2047.881278573148
410.29073943773597,152.09815129108745,11.68445684707261,916.7691415075366,684.1802439713748,97,279.7160373252621,404.1629296319345,2145.4470229655376,2175.0227330548073
221.82890190925806,171.55509591138338,11.56535714210767,868.6626387450497,704.9813560712142,221,133.15541560568255,228.5678387750764,1275.3893376749115,1978.593349779013
446.5580177871069,199.32765339156526,10.211613127635172,979.0555630663279,834.7277436638363,43,420.2842165133523,436.24191950373347,2290.1445847141663,2469.8805910364717
411.87266814694885,164.1297416486064,16.242228220427556,1078.4546294341853,897.7543860485914,292,153.7433231217155,413.5470769454675,2246.224870866115,2568.453653498759
224.40463419256992,197.1402703327442,4.624351295354613,1078.7418560046387,672.2011544271459,108,239.1645066436128,221.33163452906135,1164.6037963702279,2177.112266252453
225.45131422555758,217.8938432275089,16.611344560740335,902.5715834316471,862.2922002411242,266,122.62034562357744,239.96518857373337,1389.7983805351703,2224.8202856865782
495.99187355035264,156.57305010525928,16.25114437230012,958.3032398665085,849.1868281295374,95,315.68623020133384,491.21206018602436,2628.7244882282866,2476.306136023958
312.2812387268361,197.08214827575884,22.8570543781461,863.4907695709584,667.3972192925299,262,133.89214117227448,329.53530752970073,1899.587282353507,2063.108430244229
311.19264412006726,181.06251535131997,25.009498858127568,1098.689332849665,719.7997740597668,313,133.48290906883716,332.7939767014424,1942.4238798711112,2335.7537652389465
443.83987017725076,210.76995780642537,13.21324050937272,1094.3353723603807,722.9018607877557,71,371.9870545908077,438.4562392314806,2334.450300414347,2485.060301641185
484.17457321515764,162.40048526131702,9.069997480544812,994.8526789122342,893.4662005579676,219,194.6668165457683,469.68617252473103,2443.524896984637,2543.9639354272213
495.8003191468613,198.4838166558315,7.780046919512834,1041.324217903242,654.2675704136695,21,536.5167089622149,478.27789596162177,2469.929833115199,2397.6559710391175
426.0134555776825,208.6680702753677,5.838715101146158,1014.53004838511,839.7473913314346,92,313.23373237612435,410.7299349292224,2115.9523146581023,2494.797680670741
312.87787565927476,216.12299536318164,1.7294274659707465,977.9474657118404,700.2578142519329,127,230.9467369200241,298.92609565250547,1515.6568313863324,2208.9355784522004
225.05021500960063,197.8273619802752,10.2734393650414,816.0043990966693,819.2611037328481,80,232.71291620142452,229.64896428273912,1267.1441081548871,2068.416519184435
433.144074778231,184.8022334805899,8.107430763923498,936.4293027657983,726.0033012886988,312,140.1384249647087,420.21981994997685,2185.987169388598,2288.4863430772416
367.5212749207415,193.24930681408497,28.99252157599222,1002.4358906502232,773.507928934962,238,165.2200495359554,390.8789773221116,2273.4689956235434,2365.706922896004
327.2666027740929,210.82334891351027,16.731264787501317,1003.2594841651054,849.7835319978393,182,191.01628136784194,335.2096074315972,1863.1023432390791,2407.864232638049
471.9063155284208,189.9426822647181,10.418311170915226,911.9367855267151,841.2496694951652,25,475.3539566955718,459.8685752153543,2408.6406184596954,2425.4537639859345
233.3592446918454,152.12709417877858,17.41402802981088,1082.5075959974092,859.9269550619101,156,193.0947433783575,249.22544932108175,1446.0464465860446,2345.3349179597544
347.7875312872577,215.16640868548845,4.175901040370865,850.2071096710343,617.8851976033977,5,482.43727462737525,334.385887773334,1716.016562453873,2035.222148287549
203.40609343022572,198.26687257220928,13.321312476066087,950.1078338646682,807.6151659119234,120,202.75605232189744,214.60495064600605,1227.7591832833002,2172.717278255093
340.5981925982379,197.35593700440725,18.787029642631914,1007.2651929652468,641.9962130165288,277,144.58098391704686,350.2893879656041,1958.3563940748945,2206.0025652270524
216.89098270455122,165.0972606678402,14.666934953773541,1009.1407417675427,724.7455704055233,18,394.20586232107877,229.22808990590772,1314.631437050222,2130.5414904992313
235.64537488042157,196.12198291628602,12.053364019629727,994.5916870306446,764.5765245164066,198,160.53236893279262,242.77698886197527,1353.065849828918,2202.9889333633882
235.25787403313146,177.57050839579108,29.815451666990946,882.586464035558,720.8218454240492,57,280.22547307411145,268.5205039999681,1675.5539597632637,2046.0521435555206
394.76309063481904,195.58630839290444,26.40944286446781,846.8619706059866,755.8835027409023,93,273.9446813979507,411.68217073666784,2345.9863706277843,2219.50431523908
423.813463779627,157.46151212155934,18.702178744783204,990.7820980480133,898.9578926395857,19,489.1427740918091,427.9923259121235,2344.022168519613,2489.7171453335686
375.0106295291479,196.04917132221252,17.081320835468482,979.7906348418313,640.5651941138565,353,123.02413606903026,379.62136947716976,2084.23860007439,2208.496950642517
488.65176454236257,219.95896080394664,18.61981439473752,853.8068030867723,802.6368136009277,193,202.18221880290162,487.4403552482132,2635.0314183661535,2383.6741564287468
312.46117385711125,153.37484272023892,6.039363234672997,1011.541743671169,718.8002899156845,237,154.6920557263892,305.16237906218305,1594.538751906212,2202.2174133988765
285.7136258845582,218.4021928954922,11.854132297929558,936.551597520097,639.9029396721986,277,131.4274235413703,288.56456322753735,1575.5707442641885,2092.4244882702756
460.5797384568381,178.48355725060094,1.1837859867269795,1000.3281774809459,647.6210290122929,227,187.18159586213162,435.44708722434837,2184.421521346831,2288.196288187405
267.07875155583577,210.95274152360815,14.2663811246048,1051.2101239310452,884.7819318736852,233,155.28153674513703,275.7994055416107,1542.7770140250564,2428.2899300087793
488.9667618321834,204.76698388407914,16.290737518729895,850.918528573077,863.8804490135286,40,420.56748255150893,484.3475831911216,2594.4547482814305,2424.823460821598
203.6463424069449,189.69113826906676,6.832492083096287,805.7434603990511,872.1125881245066,323,94.91901811194818,204.64497380860226,1105.7372898750348,2078.0260212826656
490.9636480122917,201.69144464759285,28.920865414965412,1033.730775918736,897.459832748216,153,254.3832676844925,505.9476718319803,2843.4383681891663,2652.766566741802
212.94797358517283,211.49608929109434,27.28363832811726,982.9092275457848,662.4946170025554,127,204.21876139059563,244.26599828843308,1528.1026371748442,2097.131545752725
467.3429341094213,178.2898225155723,21.664297063677175,1009.8918708866365,706.6318012092186,237,183.36738023192115,472.6138633677457,2595.887833844727,2383.820725784526
358.31033272588996,172.8923213094267,16.001598862960876,1051.4464924965928,800.76570897746,55,363.99905271177363,363.07290358172213,1992.680280064864,2399.41645437233
497.8894388357901,196.73153698945094,26.09907478943055,1040.84328044735,745.1407619581942,172,238.61323569635948,507.87879125453424,2820.236073586631,2506.7040930202156
222.13896942061967,206.5492159358881,3.919570314703887,1088.2760440786474,725.5168600135,109,239.65553088392747,218.3140447727609,1142.5426747591812,2246.400659763359
366.15628532039625,203.3599594343631,23.71529382824655,960.7805236556355,707.3433748006779,354,120.57580517277283,381.3967669264491,2167.0389312992384,2261.3554370393194
490.7907606857297,205.84695542010442,3.744624419005449,946.5486897979716,778.1341895830357,184,218.10606451193664,467.4359765956788,2371.9014301686575,2425.065219905847
356.92935325104463,180.49083203690532,23.826319876482163,920.566159967219,772.6780285920246,198,176.25312427998304,372.9474972016551,2126.6349422007675,2254.4906937236756
388.81959144057873,207.24839513225152,8.273027047540708,846.1073128532614,648.437350219272,87,282.43849005048065,378.7345142419274,1981.0093293718098,2098.8856766929043
408.72460669538515,158.4146338759426,26.312717430545668,971.7821698646067,741.5219512555317,201,188.4175102592273,424.9848158812714,2411.694440554295,2306.7560791220117
336.362319430332,188.11423685725947,28.321262814761933,883.1037572977937,766.0415328629549,337,115.09274669982861,360.4009722346401,2113.964546013102,2201.943109263102
388.26742402521904,150.40310623486852,4.463879082153469,1076.3922536638927,771.0860816194172,322,138.79989521496802,373.6623447658253,1917.0774183093263,2390.612744625551
375.29429357693004,172.72100809301892,13.880268151961806,974.9572412831293,663.0321578737055,275,147.07038313122732,375.10453273698624,2026.5116767016043,2199.8849689787457
470.3474031472967,175.65230744099784,29.42962134488055,977.8520541524331,822.681417675686,211,195.89165226850915,487.1594184577561,2754.713500873147,2475.9628037612943
213.63391410243736,177.73208841264787,14.502223079194398,906.477398263103,607.559728446321,118,199.51599746282716,225.3094502016859,1291.241308795191,1919.9053523037037
284.2889568776691,198.68270446829035,25.906425675436353,815.5968055933123,706.4495566629488,191,155.90846577817226,307.96339128597964,1826.5883854562499,2030.924449277657
485.12344522296763,177.1990670889242,17.661945663939594,809.5231296118966,834.0637945606901,42,400.3434663041812,482.599382474256,2600.1668079235487,2323.5713821484183
467.0791351672749,181.40855358357715,11.259897237588056,927.0005432459593,769.1678763166207,42,418.35659149928796,456.5560611982815,2400.9725372564726,2355.91600555102
336.6970258357139,166.62808916120292,8.573506665776106,825.3696134291714,678.3487297532581,315,116.27133542870637,330.67999555693353,1746.5773956048881,2015.6169648451225
386.039779340461,176.1276254140538,6.096692732582618,982.0540866620418,808.4859358029144,276,149.24488937475283,373.7424476288395,1935.083779961889,2358.8041199520535
283.2143548943398,165.90887390842062,22.853945741330918,1064.2919016918972,770.217283246822,329,121.50472282955491,303.50105261177526,1773.7466758138205,2306.4863594828103
256.4363479171284,155.12371466379105,11.596215204690836,1064.8744449556166,838.8730828369162,17,430.57185846964586,261.8483950583948,1443.6364952842966,2326.903805578143
339.10952148199465,192.24140153669646,15.338263866022535,997.7136230396698,820.507555856947,283,141.11257621805115,344.0495686614688,1890.9644471546048,2364.9103657813303
306.00566840781585,196.77489589885113,14.769764400035458,863.3695494418793,783.0323766108704,258,134.42199911648652,311.798816149491,1723.4123245715768,2163.952254759452
375.0968335552616,193.364324220673,17.31837087699394,1058.8990494076616,746.4533025932442,63,356.1562952489205,380.58478718954547,2093.4981547337893,2391.1318806538343
223.32039108949544,182.44458306604008,25.967314368736567,1065.8280305939625,639.9546377002571,62,301.8093794608995,252.21864558072517,1553.3552714204598,2137.5149568184916
492.31844229984995,176.58500461254607,29.42218030750288,858.9960754858876,678.3999053656152,100,293.46788996640515,506.8175229137121,2849.1959756630645,2235.7216080714015
495.86322334388086,210.43335547002778,12.227526257214508,1021.2278257312032,725.7298418751255,19,542.3206525267516,485.0725447534001,2553.3836615271093,2465.4817726774518
409.4485142059235,186.33572495953527,24.82556766318909,885.9558646781369,779.7897861019167,17,467.9331064408058,423.1661398822008,2385.8423174034265,2286.3554576087017
360.8289099032361,183.54273143408116,22.93583383964153,1040.7920937058789,754.1123565645914,325,132.77570085847984,375.6827386037114,2131.349635187893,2362.211925447429
292.85828488589834,151.79494460645049,17.205868543667197,1099.1713699710808,686.4553577878588,246,154.6141842245578,303.96696294376756,1712.919901510897,2247.4858257949554
444.1385059120846,173.88734793383094,28.681414308357994,809.0078015988179,601.9393073369132,251,154.56662190833174,460.54561925143156,2610.821748834584,2057.654377090005
405.4193517661638,176.61369331500998,6.014235465852083,1069.2097597372795,748.8717665702442,81,330.95942865778534,391.87125565206304,2024.1291708327153,2406.1288068545496
248.7850818034674,177.91759466278305,3.2779263092886426,986.7891600795974,685.6877965686729,39,345.8470645489581,241.64113129354593,1249.260031724865,2102.4575594238095
473.2781553481527,190.61206584591326,25.618859008662664,1092.0147857494462,820.3824902131605,36,476.7741170238787,484.6239195233693,2701.1495599677382,2601.9063561653356
446.7611728769507,187.3521782708815,13.174494499012448,939.5028552579283,607.183879581145,197,197.54857617265137,440.25948213993104,2340.0950676064185,2193.974580485918
484.9399739875772,192.55335649554112,25.409065626211813,1054.2163791714122,775.4483433917372,158,249.79423107045255,494.91404712253274,2748.889819453228,2532.5671186724794
417.715852516508,203.54182830794898,26.792706155862447,818.7182205794832,882.4422712518196,204,176.1887197491929,433.7452678646293,2460.386086643353,2349.210878811622
384.0245587807369,206.90900171012655,1.8737278085721432,900.5837150234887,652.3227801334499,196,183.06687963752887,364.9017935996465,1842.2754469118986,2145.7137834563746
325.47291088718566,200.2686153358546,26.503942889581822,820.104961325363,741.4948472251785,216,151.91258254829498,347.2491847222743,2027.9327223992611,2113.845277663164
479.818545006204,216.88665871684543,13.449571661082665,1092.6029400437212,627.4265975451415,285,171.00697718887108,472.07424663440224,2502.393436204367,2430.184312972995
459.8191668501225,151.2762807873453,15.312974670126966,1045.092172181551,787.7045736784057,196,209.09079702314236,456.3873202680449,2446.3214369508637,2459.2051681675516
213.56560103185683,163.70445899784823,18.797775332796306,1055.7642263737912,765.1595041788677,307,117.11784559316492,232.5987887644738,1377.9552475730534,2216.99156591516
207.9100923491756,150.52940124846995,27.791478201902603,1081.3895694301682,722.2096572638497,152,189.63461610244232,240.84368666008527,1518.1672987758302,2189.830198493566
312.9390100634149,195.3232299908222,0.5734828328929209,825.5310458359356,756.4131064421224,14,416.1918347766222,296.7475186505414,1490.9996883541019,2090.779875165188
443.1659992345499,212.8621384264991,14.305304049534513,915.679277754,868.972397540703,325,137.0495400822948,439.04556969621586,2349.1258583708845,2454.985117005286
496.18283879448336,167.04376076034094,20.63166127291682,821.3104667132006,658.8882906933201,146,234.34146844677744,497.0339591886363,2702.7790906226483,2164.0570182342617
245.12506733105846,214.89241813574148,21.681208730946853,863.2379304650086,606.7693535116042,57,285.31263868072523,265.197594626815,1567.7846583202465,1951.7059781743596
378.23921460564054,154.21871732026926,20.77597294611324,868.8097331113017,858.4994654097303,211,166.36379212653478,388.14951060914433,2168.261261577176,2280.5431033930554
314.2672569893065,215.41052187638599,4.033053882243656,940.7321633142736,773.1351247163719,268,139.58164534484536,303.67041083048565,1565.0025989754552,2247.5781207785817
490.97431934438094,174.61358810677442,8.981867651150438,880.5686502360928,867.1975366385527,210,191.36413255363024,475.37051085884275,2469.2804987108234,2422.3359619769512
452.63567694071264,157.09945799144515,10.761465762510404,830.2934320453284,779.0835670239518,17,471.41132828050405,442.00413895245583,2322.487202125517,2229.8735997639483
451.49861141334134,184.0110231430428,24.13311623038515,850.2473267282323,843.0483269879107,286,145.48417452942067,461.2172711255025,2566.6447042208156,2352.938404502912
340.60794793849107,167.97435974043555,8.36279617243659,844.1826690656272,728.9020090065444,344,110.53970757257841,334.1777154076753,1762.2516817579378,2090.0297819235348
324.44585070129955,169.9411031373346,6.321148916016095,1091.9230393736896,824.9579793864807,203,183.47082026882927,317.26796086312794,1659.4987244569024,2417.5891215148204
282.0221215792119,171.51029754484006,28.723440571142884,1027.7877520755421,873.9124400669568,99,256.4901939952767,311.2590118733264,1877.8548426818475,2383.956051837694
216.91264899527812,206.21181284828646,0.265898553404067,1090.3284395808687,771.6368891166619,279,131.52379654707508,208.0734412948412,1051.8909586502552,2285.355689094499
459.416712876516,187.74128936726783,29.934625670459347,931.9221459523726,654.2355451687139,209,191.35216767040518,477.2331894128693,2709.0885358642536,2263.2503190353295
443.87030273902326,171.79153894092025,20.304638965721868,883.510544498797,680.6392845090595,129,246.6019304947384,448.1860190506759,2458.416273185211,2200.116309653522
499.91530198583916,192.7233648317643,24.854078983473514,1039.487959162756,659.5933730692217,335,149.21782481781827,507.7180325777965,2804.750973389546,2416.574078033055
498.9910511221716,200.13054719562354,8.838581890385795,897.8761754123441,674.0571082787199,288,156.78908856742567,482.29919540684426,2500.2906802980497,2279.893463899245
366.62951168078826,169.08368005134736,0.42945833001179934,889.8150121116045,691.9246348053109,252,147.93110049310317,346.5865594122181,1735.819094296555,2117.8822969790626
430.69622455415316,178.9484371067746,22.136085556845902,869.7517976623494,766.5401360259566,265,151.78798826704363,438.799494320754,2433.0383145866767,2268.0726809060798
483.4297189647284,158.53202653358633,25.02433791002027,838.9036934672706,776.3974888391499,271,154.22752771704435,492.0662616590819,2728.2146792865947,2282.2872657147554
454.89421720322343,162.68045446742764,22.214283958605574,876.9389183050298,727.9499241725583,188,197.0290217045133,461.36923954936486,2545.1582206739695,2244.677798106845
274.2044305229593,197.67824977754879,4.285508619025158,906.5959245421664,784.6262339462506,214,151.5359268156,266.67355513090655,1384.5010835216558,2167.3903474079502
335.16324059302804,162.7006843386939,22.60283766770907,1002.1982624437192,624.4724776834098,283,139.20820315229398,350.89634839508915,2003.27230442922,2147.1375027265603
238.7478245454485,186.76143685669422,23.06768346322923,818.7694526658355,626.336471117448,211,136.68116840038493,261.2021050623805,1563.0157571654113,1893.6828686486556
486.2153081776167,199.63323832057029,19.756215470101647,863.1520818996029,651.5488381072976,76,335.0077536176476,486.6101924618131,2642.0041092246543,2220.305681975189
381.852390335264,157.48138461663206,22.983477983867587,1042.707092087503,755.4232494121034,148,230.75430034336387,395.3111111316945,2228.8924229177146,2360.44759443537
268.59284165103884,189.71185537402326,25.377643190331966,844.0765770751312,664.1984036094941,321,107.13828195450137,292.60045300755843,1744.568295277234,1991.9573209000193
401.510205321757,167.95939485909545,18.40812342712375,902.7935439567565,684.9853210477731,213,173.9347153931451,406.0314127868141,2229.1205375958248,2175.656588612506
385.43847213736876,217.40488126663058,2.658141419090372,1059.397676557442,720.0938508518982,109,283.4595480536007,368.1662506005754,1869.4634198051624,2384.99302223243
307.44881540985216,183.84819527039474,14.628834290016325,846.4775933430328,843.559837203114,129,207.18373999493417,312.98044945301945,1728.082750771327,2195.96327551641
234.0672776598887,206.41947848426108,2.3294800401481517,824.821050685457,604.158640773858,10,390.04918499674096,225.72567366390516,1157.6647597066908,1871.795927643613
401.4719586778399,188.5158579509383,12.226290930972926,945.3613985240032,794.8136460709867,47,382.0295590527509,397.1171340246787,2118.1570863079573,2342.389152154741
356.092310271138,153.03887729983734,12.213194673768829,890.7258533835609,800.6629593122057,315,123.10126696482651,354.6804776704302,1907.468957886208,2212.7331949405107
431.6955175206918,194.32059629158158,1.9802953242072474,969.0225093451562,839.596734106991,96,300.24957541227957,410.04142190540716,2069.2690570369687,2436.6156525886277
356.049050333598,216.598233954466,10.46461601908438,1041.1414671450425,879.825881718094,103,280.18142183921697,352.79007811768,1881.3347807060973,2504.079249170285
455.654450095562,192.1128274102432,3.329942963739445,841.1445464458229,606.0413546847869,342,127.60002315044022,433.36863649511673,2195.930142892887,2098.283121600154
365.5720516323457,207.34322015987533,24.247056300276665,974.2097253662855,646.1351116539648,146,224.33432512449363,381.5831702373015,2173.3876891587756,2217.507165112748
368.28139146061585,211.89445243438854,28.430640778934123,951.6526281169591,865.8513882167979,27,431.04093051920336,390.7283474061623,2266.9873339991304,2426.1105010076953
462.9960807975035,165.96558403642527,2.169494257738158,843.2236358039598,737.5555686561046,220,176.20293166065252,438.72179532562086,2210.795263804095,2211.9103635517313
321.0448598637191,164.84313879357586,28.653456218751042,987.1995456586947,769.377191680039,18,440.95146996916736,347.0724251951389,2052.7230413173315,2271.11819221478
240.2045685351922,192.7686692195694,15.677297980102354,882.0921253582314,798.9081611169443,167,167.23604781778783,252.07093426539302,1438.3757982229613,2129.6508222100397
208.6348028940017,178.77199288646932,8.986970338616217,946.3502955632038,803.7199813486912,82,244.17089036578307,212.93941774287342,1171.3378130351102,2146.4640430309823
426.5411767020857,208.79029120067042,2.3058622582849053,824.6816972831185,879.5221209949525,72,316.8441746124458,405.24161680972963,2048.1227094022606,2341.8411484391117
386.09286540603944,213.0016186378608,15.018728042112535,937.875217164087,899.084825223501,310,135.33357846788203,387.1867277336164,2101.056610759445,2451.0732544736006
411.22393042976705,174.73949655119026,23.83546633472246,891.9390404128461,816.047238279282,254,154.82265434328136,423.42625333928726,2376.5390206300212,2317.785172007808
263.8892484526732,166.58093912821374,21.212594318000946,1046.7143633556063,686.1663627615452,162,192.59672373588873,282.82839890475867,1652.2812006168542,2184.5635080160396
240.91144267603093,204.63678606707032,1.506780343919213,817.0936180992105,863.925720688303,327,100.82598811044494,231.34496547557444,1178.8825795593254,2128.074347874534
204.36339970036457,169.23642248836953,2.187055061037105,925.5821824754989,614.7662743622285,38,314.51494659963083,198.30425287601886,1021.4411303248148,1916.1353340874984
305.1762676419791,207.5830022959575,12.086198478979114,937.5294272394315,669.3242558623489,201,167.8660728545712,307.0735094466508,1669.955785960127,2131.699151518696
376.9753060563899,179.6616777554134,8.858714821438298,1017.5018228897356,869.2157152391144,200,188.97504343692182,369.71947792218833,1946.7803094362532,2452.2132367620916
317.6732135299197,196.72849295040294,6.971529691681435,972.2862725270633,676.8574543318065,255,146.8413892905823,311.1755888177094,1633.959461260937,2170.5169630308737
331.24247660711876,156.68747196842676,8.430134967261408,1000.1637011582543,666.1953178865245,179,189.8604243573727,326.06508863031235,1723.7851440394027,2162.719102587586
471.2476083481245,193.67015272736012,24.10448229890654,1033.1147856955267,641.4375879420742,35,466.8235608504143,479.8710675613274,2658.462467024488,2363.574617011992
304.4766401069901,181.62373751160604,27.876841608955615,1058.6608920974566,857.733527294075,82,294.0742621512661,330.96497308341446,1966.1367302541964,2430.371638619083
354.19684674794325,191.0625924222832,12.153080835826993,894.1626490167412,750.017477757326,220,161.99117724889177,352.7475867993938,1896.9180324910985,2201.5926467801205
435.09590382234296,161.76099454214045,27.18333006397491,961.4068116091709,802.4679609162464,158,224.9893868920102,450.89710101791894,2550.033132305624,2387.9150009538757
318.96283469638104,201.58116214609277,9.64487103743646,1052.03242353176,671.7199152225089,4,525.7898238025992,316.6946285807903,1691.6624306170609,2253.9412066341793
386.626010068362,210.395795428026,14.293109590313748,1096.835339289517,827.412126303365,167,225.61449866440512,387.0860985178977,2093.4074554171625,2535.5623806795834
458.70911262402353,165.1717860063543,6.780869934479991,1066.855793313129,828.0016634886296,204,206.57155239240117,442.7272404994929,2284.899577857586,2525.5192253666164
484.85618709729266,156.70001888641133,19.214281265275318,911.440178787313,693.77940747249,194,202.2874338804721,484.80233543226666,2627.8049576626404,2265.990073508782
244.12204427871137,151.65470102324355,29.369433455244266,858.5499551655951,723.2047899030848,235,129.22408407426622,275.9985917027412,1707.2747905622366,2006.900923825879
477.97628754844834,194.93800503102864,18.10479288130136,946.8177612219766,662.9070832290603,206,198.9913275352296,476.82720955436133,2576.266955553333,2300.7439299118155
347.63488792386147,192.49658252621464,10.734422523406465,1022.4924355508126,892.9683069968712,150,221.3165035194533,345.3164852270031,1847.203923251875,2466.3266355211663
277.4733164896875,188.2688188899849,19.434523379715852,947.7707212259893,793.6807731175235,159,188.22287408132067,292.61806759990014,1681.1640195708858,2226.6281531029013
337.7407268714784,166.23629672811828,3.687620353961627,944.9542589941005,880.3631642146547,279,136.99039370687143,325.2040971451687,1668.6153926948473,2332.982067162314
494.00977258564313,177.36341971338604,26.65977240796196,1051.4691263245402,691.01566308874,304,159.89759821065027,505.04212763200934,2811.901947591333,2440.517754120271
347.7854281978609,191.61334346303212,15.092518523395091,908.4211337201559,834.5672738990669,166,195.02467661699242,351.4203677604747,1923.9266085998702,2297.479697803511
298.6254830862525,184.77368012014185,13.480492261189262,1057.9384024434937,829.7575931654226,311,129.6441659357101,303.87066119412754,1672.3235013659764,2384.5756510764995
390.0202562950177,219.14498641504213,17.575943653605577,922.0414402855171,807.4966955599625,68,329.5088011684487,394.42974198431983,2164.1550386006243,2356.279322209145
272.0436856334579,159.55078267897133,18.743515883682072,898.4699317035019,889.6916925800401,88,246.67030405996567,286.5210747331489,1643.7016834781252,2238.499608479653
222.75899843259918,198.66011878333157,2.153274186795391,936.1969733599096,718.0666008318947,217,143.26146722866213,215.61643294137042,1107.9675070570227,2077.8359655945305
238.66391657319477,178.30231376730046,20.47851663670207,1028.7340876024605,639.2151970769272,1,481.6387258874059,258.10424457544144,1521.244412154133,2105.394031656585
238.41375168733174,179.97397304479304,7.257950409465888,837.8006083591982,801.5126577732183,135,182.98737472708248,237.60193722700956,1273.039481608309,2064.958941274007
245.5708080536883,200.23184359607234,21.418578975197693,858.9257647616053,818.7929401431618,185,155.7879487828593,265.62205526077867,1569.0142190518147,2144.9399355297255
241.64815179482304,198.47053059270587,24.676043831525902,1085.4334476989275,772.5181720376444,351,112.8778778965714,267.67331115746384,1617.0940286640994,2322.7463459556266
392.26242344096437,219.38791955915318,24.118755226575608,852.6474882144072,662.0453679400189,140,222.42639444975103,405.7607449126097,2290.521391123113,2150.461954381119
254.56402531974345,158.98760026178877,16.575029022236674,970.3181953793164,751.3367825008066,106,230.48671961499363,267.0228309472877,1522.5637728949027,2151.781632483892
303.70018499715894,157.28767545689163,15.605096769322536,973.7943399985813,693.6569209707388,133,216.7535164166446,311.1627659383688,1729.5885482160545,2144.0442181926933
469.03652297180355,200.7037171990119,4.2862788401823515,946.8873386150734,728.2399584500067,108,291.06468503144106,447.91755463885096,2280.8391021271177,2349.153816076078
342.1884920788617,190.48708419044863,23.260384512094067,993.4235745730456,793.5655727533992,178,194.34336878838695,358.7247972621196,2051.010631149715,2342.925108107849
400.26732155630816,169.19124665918642,8.142281413401431,868.9480177392855,823.5644228072504,298,134.24018430068787,389.6187903333722,2035.2475705285633,2270.1132901754318
251.69596136048895,155.55935582922905,14.900862684538396,965.7986803330244,669.6674072704029,358,102.8655041370785,261.66217949910106,1476.6124872567543,2057.6222674776836
257.6867056426012,155.99607747175014,8.528222787825502,911.6519765740692,721.597608194086,359,99.9739478676994,257.5619727675362,1385.6924593792,2055.460590670332
212.26058487994365,212.59336122648827,4.014850889990794,998.5001778887568,680.7484712974888,146,190.74159918511845,208.82263659972912,1095.3063734813152,2108.117446182668
250.68051892164937,163.430712730312,18.886730906752096,842.3670630119449,659.5894841585607,74,249.9196760099413,266.18431232017304,1541.814863951682,1934.9545097292191
283.57710170958757,172.63600934808645,1.629961044687115,971.2632250518429,835.0161659987515,108,238.44756363398477,271.7612585910216,1381.310347309085,2264.122463152956
253.10314528302405,165.86594815588916,22.459357023785998,855.5811066149971,872.7758083310978,122,198.4623607812172,274.2760098816447,1623.7248523478029,2169.785365408794
226.6107601271167,174.84974140823562,9.5276038578335,883.5929189345109,711.069655705373,17,372.25461525246044,230.03089364039923,1260.2735973438405,2005.6506800330696
236.19076133018024,154.85966899222655,0.004040790134559602,865.612940097075,825.3836773121301,196,146.07096979262474,224.80766027108047,1129.8026168304343,2082.0510885217464
338.2336304098177,186.3341853635789,15.333874177116893,854.8513339606451,869.0985868093233,327,116.13482946087684,342.75295689333973,1883.5105548436475,2263.851610720482
261.90011552173775,154.73287945145503,1.4055572558280938,1047.7132854682002,853.8372631590695,318,120.17472559354123,251.60491756303946,1280.0251488572983,2319.5891008562908
309.2809583144226,206.0249555475653,8.285086734626985,885.7122702982671,654.8440165617678,297,123.94785714128851,304.95266343977966,1616.6648860548642,2064.14728745665
351.0251812564571,166.3598457337303,21.209294623671486,1078.1371345593348,886.8875644540084,252,160.87152089126056,364.38695614030445,2058.0014488721536,2503.619020627202
407.1184485888096,187.80083402231574,1.880688648655976,1090.9779576035573,713.0029321288388,119,278.09615927232113,387.26866802205325,1955.4660050494547,2400.7808609921776
211.7936419523297,211.6055361293021,25.18015477068007,971.3781409811293,701.7721983521509,162,175.40142250116907,240.0696972395414,1484.318432115421,2121.729672185592
439.8231196727128,195.56141583330358,0.11459767975749324,842.9003367997179,618.7293981833341,198,186.53373359940124,413.85557024199136,2063.945812716817,2097.1288681688256
388.37011684727236,187.30704505859347,7.404716076057067,912.3644730138744,745.8520962314649,45,375.0500587727184,377.4699062755791,1966.714296244847,2241.298447227262
224.52770958466158,172.70336271807628,22.227121684562142,1039.3196790044642,632.7040846922786,314,115.92798210423265,247.6086799985245,1488.7264041314127,2091.4819576840428
462.07358723203316,173.31013391407384,9.488104491879204,910.2172186091211,674.5619462782278,179,209.49711092479464,448.9852476573854,2342.732740520526,2229.650990525335
476.261720159544,196.8640868638733,3.056771641980406,826.1051654908366,695.0827865301844,44,397.7837225928146,452.24251626374297,2287.0233192401874,2197.3705306864185
218.32338795645913,219.58975528548171,10.807017564012837,967.0354732784564,842.6478970475052,271,125.19737868903182,224.8486327837922,1251.1793804496806,2258.4035311319153
283.0632944441611,196.3287432894565,8.111798591535766,1053.5362554488104,862.646595118769,78,294.80843372441245,281.39526568106413,1502.0000916688396,2403.6866868927327
441.8603839379184,189.04483921590173,25.281357064816646,1038.7779161430508,690.7398952384409,326,143.96584629004832,454.4265930823814,2546.1862313986726,2385.7043916001285
424.47790711509754,201.14553571674722,9.400437527554294,852.536942039106,857.6094363733721,178,197.91615544883527,414.0307056564187,2170.2404916564274,2345.1702587718773
255.3563058069132,182.56439285986028,23.667974153280216,1001.82938432374,857.1692812109372,357,107.0223366839339,278.74149460863845,1660.607617665715,2320.587338354731
262.80479700101307,154.20996398205497,26.75616434432204,866.1512790306941,829.395285115462,3,434.0120839699136,289.6969454065753,1747.2346004677581,2139.317489473546
311.1416308374146,189.36077711145367,13.014522587295886,865.4622603656517,644.0085342045545,214,153.9952502882389,313.67123882503336,1711.811012097699,2022.9877251063704
345.3568955573064,217.0337699153766,27.29829431563176,1062.2215319915556,807.0968540702187,342,128.48923895908243,368.03584093183235,2142.7539162935245,2459.007345850089
385.47643145908876,162.2712059650362,11.319541618895785,874.900685822069,883.5072193741706,74,302.09444180122784,380.7714651085259,2027.3316256533508,2317.4750842392605
310.6740918709317,198.3003423574466,28.922352494703244,878.9742039554034,804.7621436301471,51,323.38454778538687,337.4755153535748,2007.6203144613478,2221.6331343086317
338.76041483994436,164.06535820613396,2.678685735767188,800.1960172283899,699.4850547323501,67,285.0264619322886,323.6977816548185,1646.6695027779663,2005.1855307425856
424.24128144012695,187.50793791311568,20.610577995097284,1061.2007102376554,750.1737952292494,332,141.05926866162986,431.24291075095573,2380.5826244351633,2443.7343028152445
211.00496086717936,156.76735147527037,14.81442121370786,1037.7784439627403,793.717513005316,93,242.77163675828928,224.22614769919525,1292.481152778985,2214.082690524214
275.7310833032062,181.52596553807297,11.629464163669411,988.1986805272034,753.1711226185511,176,180.297816680984,279.36954587793946,1529.12508291851,2210.2563161507032
414.00487576536574,202.93143302266722,18.981356362458026,1025.0797291816527,635.985882519291,145,243.08737265311254,418.9094459738469,2300.0642879171046,2296.9832768514348
468.5620513061598,174.33000669672873,21.115712749029935,845.6145702273475,693.6192133956062,7,531.4316051904619,472.2408395473135,2586.1385932736043,2203.241554374872
353.5032326346998,196.54382071410527,0.13089808950927262,937.4970783762726,840.7188091660897,269,144.35048301681496,334.4250881805149,1674.4584924137214,2328.3938389806767
359.6340455795947,205.68149725528104,5.008592662415961,905.3658162046343,858.4254138286552,322,125.18389621494843,347.352001774574,1792.3334641698193,2334.115365530581
232.15160340193282,214.9024473635617,21.39138151902956,828.1329578771049,641.190009814671,4,413.11708634716535,252.6259557829523,1502.380234920362,1937.7683999762999
334.22371004703643,166.42494572988176,19.991562407346194,945.8391455644772,885.7160257196174,138,217.04679862318235,346.4034675776063,1954.1945903622482,2352.1953894683593
359.78517993650695,177.95211410665158,28.981425153860314,1076.2218951027905,698.6467853545828,231,173.07523506235,383.81012664568357,2238.317546185056,2341.5873996543924
272.7411510904189,160.66912093312922,22.83113370752349,812.0177357152083,798.694121619216,88,233.10759514365077,292.77356408566067,1718.1230287136173,2066.953263065496
280.7729692848143,219.47384515108627,28.523181231940143,887.4382740481382,825.5475437870043,17,407.832370729872,309.1483762355843,1863.465979823978,2241.755813502983
313.1852489313868,214.89006775470068,21.076215046044208,862.262280861711,843.583870391365,52,321.390813431568,328.05579895303663,1874.3761196086493,2254.9976829852076
206.02135933331792,187.79699911963917,8.941566259183295,871.4439960997089,883.7249106677791,134,180.40954527387697,210.30299877431892,1157.8740318200983,2157.9288314796286
296.6237496749535,208.9423306063495,3.1609476675256944,1072.5303655638127,693.8758644086467,211,174.07195440900628,286.3211703561891,1470.0449202621305,2275.133257921288
263.4344020989634,186.46705840904295,23.454715900348067,940.420716270287,857.5519363654664,325,112.07236047700125,285.6901479520519,1692.0064893191338,2271.328829044108
298.24920565337436,193.65099816019318,19.32447664427748,939.8898238819456,639.5060710308621,219,156.32615873242418,311.43577786127594,1771.4042350525317,2090.6205753706527
235.92863954577535,156.23871024812115,1.4455803717988869,1028.1726927365846,811.5122719060778,205,157.76539494409013,227.34896839207755,1159.8715985603058,2233.297894808358
467.1581842219685,202.86892943477656,10.80151397702935,846.3476612014778,822.5933188541958,211,184.64080999412482,455.730533360376,2391.6122968564005,2349.769607689448
378.0777360662146,158.93994385446643,28.703994464528584,946.1796062300152,803.3169723603961,277,143.51546752159155,400.0914265967842,2315.4279108517467,2315.218252975621
403.73069574334687,207.824734117677,15.012034371306036,928.9955642363179,675.694420840546,24,453.02534824344644,403.0965346437216,2177.3067153030456,2231.257449309194
436.7513715822015,204.741966136927,12.981874080591139,979.0732071639968,861.912944104561,4,573.146235213342,431.33265380242665,2296.855144696758,2495.4613630682775
349.5326596787172,199.61212884200836,13.730988154778819,1099.8673109751317,650.6575390111185,152,229.7284386747748,351.4025624810664,1908.8807461391934,2313.4006266617544
226.0760864262271,152.53122663673335,6.2664817201549115,1030.8346682246142,616.0904374562492,259,132.3367614385681,225.0365087497619,1199.8894143125574,2031.7989004639787
361.1319625455643,171.218984916173,11.061215125943857,919.3597109052282,815.2394971835736,324,124.09854410986895,357.7867094912619,1910.5811837349663,2278.0113706764832
376.05233540626375,168.417879893759,11.094397679615298,1048.2659156822142,742.6427145698201,357,125.43545558932024,372.08230111509545,1982.2300211030276,2346.4732432316723
423.63184225529903,175.20954852300633,1.570650605624172,851.212508993744,854.7294059876028,168,203.17396836776965,401.4829399635192,2021.270521710602,2306.3539563652766
329.4978638689038,156.1349922734687,23.027028855537548,809.139105892688,715.0191423174776,176,170.47684677574838,345.67137838804723,1981.0454386088993,2032.8181332080756
238.2740908386691,215.5870476121744,12.49513295711637,861.3345117392819,650.4835765523138,310,108.25791729257685,245.12702652522103,1367.1484196858162,1978.1743596995557
285.13277173961734,188.76615684986635,24.6653966044927,902.1234668342779,850.9326577409608,291,122.3111674255249,307.5196850387722,1812.9467751294515,2251.620449769215
308.9246889195905,171.38670174606165,25.51044003359686,953.174227237868,764.6728894920216,56,323.2749358145174,330.9419407738992,1937.742327767365,2223.668947429139
393.77517239948037,177.78870619519984,6.359821640959742,984.53874216236,656.7587377171064,108,272.53195973335966,381.037872978279,1972.5827739455538,2219.221180115106
371.23349140067353,181.3041778353385,19.720604465103857,1073.1817151643265,816.1151995759337,296,146.45692291250367,380.7892717956584,2121.9295193831445,2461.5551884413762
306.82901776935387,192.04160333524322,14.16845412488945,952.9562028651374,753.3340915468501,324,119.73683242499001,311.96056902805464,1718.14545898305,2219.329369641474
495.9545746378939,186.09755993875484,26.404702137644552,950.3826933877187,781.2938946720959,302,153.87732081590067,506.24614569459106,2814.9458793755034,2440.133424774108
381.73244580706614,214.3574381250092,6.472220375293624,815.0729029468946,738.2695014619745,334,118.91917395726847,369.4992072658485,1915.9946919637075,2155.904508716238
271.16803752079835,184.7874438034081,20.334396009301326,810.4734657968671,848.6126951454019,141,183.31271004637165,287.6639456505334,1665.769693863578,2135.3760382757764
230.53474178612112,219.4510610376319,18.232563667581676,965.3479885749116,848.8688147049149,155,184.66816692874255,247.34917515838217,1444.797311322952,2282.4351697711613
245.8577417552996,209.5997470421567,8.859044327154983,931.4535839745033,812.8166465473158,262,129.39992194408958,247.32963390156218,1340.0858713121374,2208.5867636464304
273.78731851535247,164.59573600501352,4.098027109535178,1051.7541184940897,631.6204132189387,273,137.4029148801513,266.2724233311958,1380.2431771962486,2125.8556133429292
248.2044119778667,215.14166502507413,19.549192814318296,848.2038754135535,851.6561585712207,232,134.16707324550754,265.2930485126952,1546.9553099220316,2182.7553038020333
255.97010721539172,158.1456478519833,22.15792374396992,807.4914986351149,801.3038941598729,241,125.0295446636269,276.1532882386998,1628.425633535756,2045.0690716063327
285.52855060815415,207.22147959438342,9.4688203129005,934.7116303790377,809.1072498012899,355,108.2860383256781,285.1432878519717,1533.8641098915368,2246.0377306957657
252.01207858842645,176.64363054336062,19.344978120669413,871.2435670256773,708.8948521211615,337,102.27501017469055,268.3267929666944,1558.3360789450562,2028.139106399295
469.0296273879276,211.45820243115486,11.853927228345098,814.8843120016512,863.783866847102,258,158.5424620553256,459.00784093547736,2419.6134374179987,2371.0099358961807
224.07012369849267,210.7639683075215,21.39620649847853,1017.3794860542887,817.6114800704572,249,137.74753678279728,246.22641848533556,1474.4798232594944,2291.2212646292387
357.35341687107643,206.4147780082335,5.976458246821593,833.4778999871743,633.7771399587583,77,285.5590693831095,345.94611389580143,1793.1021488619824,2036.999693072064
323.11904809689844,205.3021305414943,26.70645007908523,982.4958500023315,722.3334103218488,180,188.69474552256543,345.9761004955048,2025.3650020680236,2259.9568890416585
494.7135850725819,171.32753973686286,8.622287893967393,884.3149250500668,865.9141085880425,66,359.01025428388147,478.320419383776,2479.8991849942204,2424.8924463415215
233.6116706504157,155.66434981358765,11.033579632684587,852.0488151065066,614.1590105092137,308,104.50069556453057,238.47686930532063,1317.3578746090245,1866.517425712408
319.3566797137225,178.2086125135613,1.7427585624104935,913.9254568757952,888.4249858926148,348,111.9076405057062,305.08404349916884,1547.3590665744116,2301.658493558104
490.84112998261065,162.1467160490556,3.345366369638292,1040.4337328668862,803.7487704958688,171,235.75530359445074,467.30196225395446,2367.8571967344865,2500.5157157640597
459.65213776819405,198.6465762231723,15.475857081369844,917.6280730713718,789.412793293013,22,483.63543194499505,455.97934094059144,2445.013520678152,2380.815437437121
445.12162128478394,174.226980857645,8.027780301839144,1025.2308947633167,681.1677769463975,107,294.2445644233345,431.50288277672536,2241.324810780146,2333.775054153982
277.37084811348194,218.29271406019404,25.06440677226583,837.6458890397452,674.6375366217532,323,108.77579150199483,300.29501607615146,1779.311017582863,2033.0113946074403
251.26627621701974,194.86804541417325,0.4408016596486153,1031.8314258995238,882.6174658465786,227,152.67913226297284,240.27037361567537,1213.5613336227782,2361.0240150369436
400.5929659773293,207.57363945440528,11.372821460158086,871.0799974719946,689.4817362702369,216,171.71704609046486,394.51548873947274,2094.0847433554754,2180.101160634124
478.8127967382757,159.2767270919294,10.12036640307278,1003.2179389666619,832.6515890156998,69,366.6286312610629,466.186480850522,2437.3115970376884,2484.0794182156396
367.0288679041789,210.34101375908358,0.5798289275280311,969.7344664522989,717.9365394621237,84,300.6396043389334,347.5634696896637,1743.5620973700982,2265.6207165052133
371.4838068409699,214.59300333593762,3.7310519700153066,1078.7434151635061,641.7762212354112,103,290.268648631685,356.717963020917,1824.1207648100376,2310.32749854584
283.9937280980853,184.09433431732552,12.409280247559058,916.1967553925942,603.2145893086076,39,346.3695441206594,287.636122569609,1576.4134999505716,1999.9086873641718
430.8478799575811,192.4377056425684,14.785937533423398,819.8495566503321,763.2772011045753,13,479.83348603671755,427.71187483062454,2296.26331142302,2221.1982808884804
256.113124567257,203.5366860632097,12.128692417646073,805.7466456653759,892.7336455646798,297,109.6959120986717,261.42740568502165,1445.5459384474054,2170.2587942781684
297.1037709212731,162.23870390822887,15.928130352362814,1048.0575682918259,710.7408581427613,313,126.95662646594171,305.8448622155627,1707.8154954877193,2234.069031616452
327.63093158492507,185.17962535244098,17.853950247170445,957.4206912984297,707.1577001979134,181,185.03487327352798,336.758725835396,1881.1920377329816,2195.2428986808795
352.2831136053365,177.90641194406192,0.2977146338350689,1032.5732155504847,703.2274853548327,268,151.27941018626845,333.642196719016,1671.9413215438278,2266.2879410885507
272.7229197245241,160.24617945135745,13.922854783605116,870.3276800034544,756.1631511914575,13,403.61517609455046,279.5422837775021,1554.132568550695,2073.3827851543983
234.45104742176107,175.7274095604072,28.90497722662765,903.5251236539701,732.199465027288,120,202.46745390908987,266.5105848487618,1655.8452768906793,2074.808022890054
383.18601273248976,154.77206165698456,15.57096840388646,809.0311616633957,863.9743880181043,353,110.99267550766338,384.71447228206637,2093.042856959901,2226.534592474861
286.5891659720767,151.8068334864641,20.326268023768595,1088.4476973722335,751.6562375170471,57,336.19927521721047,302.9047910209046,1742.791711750212,2298.82620237159
374.3714664267837,159.4616402408376,9.355915737506496,1000.360372010244,752.3273514565706,40,397.2539455145969,367.7373259021709,1941.0478530977182,2295.876745871942
246.3088145822607,217.41805781124216,23.219741344582875,1079.961526327792,641.5114784161669,336,117.91201172998011,269.54316225208254,1608.9019276003958,2208.419618482045
344.34203055644525,188.46706751265117,23.187644456283454,879.6489222287217,894.8218622731158,128,222.38330100096476,360.365487928883,2058.1730032507794,2330.4675270272173
359.7768297654758,217.6075512807254,15.638881429624169,983.4390833676982,674.9918672606489,173,202.79757840815338,363.37803540457696,1988.3837709718832,2251.4542131041726
215.54706104672806,180.27485148310925,29.280414698376408,1003.5499904877913,622.0092202378808,35,344.4327283970942,249.6736621937453,1576.6522111117195,2050.6615379538857
300.98128345817616,171.82712931596816,3.766506442879601,895.2649100772766,798.9438746925626,259,134.63658597190482,290.7756660959806,1497.8902335436323,2170.783703986863
240.32440308169228,185.42993039881708,0.5084299466874298,1054.432770504689,778.6099110470618,5,473.8905119836677,230.0763766761976,1163.030539177578,2259.3054449789474
219.0124911418303,180.7658182043037,23.10474635271288,1084.1484388700744,724.5436961978237,218,154.60690335514013,244.16057060248832,1482.8144229586878,2231.575190766745
496.98806971698355,157.39652789832206,24.214666120946475,1065.4565353088012,726.6576701642034,11,583.8724096364392,504.26752480535765,2781.4002760376734,2470.713469209257
296.7061534924169,194.85784202831445,3.6062168736172873,1021.7200927818118,835.5191763139294,327,122.55994789039244,287.1429383505344,1479.8995937469117,2352.40948149009
442.9623337563904,165.12267277567196,7.967484988758182,883.2394039174862,658.7137920298948,117,259.61999158284635,428.7896076108652,2225.522278893423,2158.0056874682014
276.39219642912917,193.37115684284808,0.5265709009988673,884.4848126316895,846.0759956834669,184,165.43262833468452,263.1033645038507,1325.5685853193072,2200.8507324881325
404.45081666717874,195.51407646787072,8.799258323416941,1089.0080961338113,794.6241341685054,362,131.60947428957874,395.3225304537675,2072.800331601959,2492.396381760783
428.068357966906,160.64173971900536,23.194256217560145,803.0853487807076,725.6909321338574,116,244.78484006818468,437.59080884289716,2437.6177744773236,2140.680634818036
378.6916221823533,154.29447389774677,15.538815831377368,1014.8149919726434,737.4085849751606,162,214.40512400350588,381.0563684092751,2075.4136487474775,2300.748488859281
341.47285656504755,204.65331102479078,10.442867795048642,1011.8738487665787,676.9941621558287,67,328.6553217869508,338.6764726796502,1808.8875596688563,2245.4370463072946
323.5522742441806,182.18602966385242,11.152178847189909,986.8068622849393,825.6342998090925,200,175.3510067408004,323.26681657256347,1741.683592209293,2329.3316448492546
304.6604799628986,154.07146568538332,0.040608771464044624,1097.0326538260597,753.8624226915804,31,414.28881436951184,289.32182927651627,1450.9480554984584,2309.667630937386
478.8587432743478,219.64064220188368,8.994015826957076,893.5638307291176,696.256362824953,75,342.2073273327845,463.8403511625858,2410.9697572500877,2297.3135948572594
449.1858223363188,154.04463926974566,19.393762249137914,901.9915591379745,778.8150347282851,237,169.12409521800467,452.02986338034583,2468.445655021171,2303.4308177214616
489.5080731999538,198.65246602009873,29.225833314490714,823.6818208839667,898.7203356153968,327,135.6155952513952,504.21315649566384,2836.093176706793,2439.788529033907
237.28916704566342,218.85752476843896,25.411824809516986,932.8394409631212,730.5786838969661,66,279.955570017799,264.0329492033426,1605.339971916791,2144.9766414837068
419.26024256109326,166.7426072951148,0.7078489393658738,878.3145578704545,876.2074202335859,70,322.56684818226285,396.2728205842735,1986.3996193365583,2341.2326768996145
481.50213704631136,159.95745580810373,26.95681814024518,903.0160106532933,703.5050519773698,297,148.72789311798067,493.2832803011669,2755.5713346457546,2274.9374736253235
254.36991984969805,158.49694575957002,23.495952398958778,1050.3715370766884,616.4198120774957,20,415.21500380399283,277.27397922027103,1649.4087777719967,2103.154167162411
219.94888021003325,171.2292603297317,23.411283707129414,1080.6453540582488,661.2726319105286,226,150.07307430186637,245.34875668814504,1491.3745571096538,2156.507410215672
422.3361947870177,157.07320677074526,13.739872770107144,855.7199216015557,725.6085429983052,199,180.88472945428794,418.28798172084424,2237.90327680913,2174.477738927731
372.3419339539736,198.45129391858924,11.940158788635085,911.7526794660398,665.8904785783707,39,385.62893169531094,369.20671869395267,1975.328480203169,2160.3765447056085
452.5486330274816,154.36042586910438,9.087471864995779,1078.589168634618,600.0681114654767,145,255.31577223977362,440.04680149569487,2294.972780846531,2294.6538108616764
241.93171298788684,185.65954897048528,1.9708457686309733,818.5425382067668,874.5004613242581,45,295.0035563865018,233.01306471695088,1192.3211095814931,2122.605107258028
438.58019355796705,219.76877976970837,6.847060904810974,827.7081584334136,853.1638233692787,326,130.2985837027008,423.211285402552,2187.132882224888,2346.0680160351785
260.48819601432336,206.97791886542132,7.398109049340738,848.8372967618689,822.6876694460841,91,236.63339526584917,258.4333059770446,1378.0644809647958,2146.3891901370384
249.09678285971137,193.06536067617077,14.522312091306048,978.5638502380624,650.3443786938086,238,142.28230216506344,258.69703342696573,1457.8371047282328,2085.5926845590593
249.2797393792979,171.43775345506282,22.42333219790082,845.1416813017993,636.1090728629958,70,256.63337182308,270.1522283412225,1600.4520674695245,1924.3915791970567
444.3724160694146,193.6727085404147,14.214294851938398,1090.42291443522,620.281424841715,166,237.50907929988747,440.2287782715956,2353.16424815276,2362.963758738703
399.55916620886,186.8929024738156,1.7353334834148182,934.0143581775561,817.2087566318763,130,242.27461782572843,379.60087832583076,1915.374904394263,2339.410516975523
356.9196274307358,179.825836872326,28.733694029646117,950.4553881050499,878.6423882063656,214,170.0053743831017,380.6308660512609,2220.389264321478,2394.5769346441234
307.64914523705073,159.14972637181395,28.281729572823366,873.997584741622,729.1607462739111,340,108.45559576373603,333.5224412064809,1979.9969562872514,2098.238932197221
463.16016224393246,212.06229506683266,23.55568629445225,941.28807573042,635.7422015988144,89,318.2630660127668,471.15152949366825,2608.3307405486785,2275.808420934452
317.7335322267906,181.48492541749258,29.739837046926617,998.5740897911035,753.717846219632,335,120.69479069070289,345.6399695779924,2057.700237856592,2281.2502307019454
444.9798318414731,163.62357582745355,16.33446998400789,1025.3531410862129,704.649572237589,252,172.30165712984035,443.87638501256737,2394.7666247313978,2354.9405909767365
331.74047257106554,175.74315456141028,28.88305050759618,1026.1604248129738,712.4474773049993,349,120.40019807871576,357.4079005372594,2106.2550862807266,2274.974579758045
313.08332882747226,178.9890826770249,2.268151218502523,973.3673338082265,786.3991872467122,72,299.73523628687855,300.07178816356475,1527.968059321235,2254.1070837779384
338.80393570088194,207.9276526896812,10.97042244784114,1071.3079324981572,815.6154339786607,165,213.47613229642283,337.50134200206975,1810.9421044270841,2444.625377315222
290.4133622492426,201.35300663929814,6.761438040202975,1045.222354191833,633.1810796619483,49,354.1927872704328,285.7141061295191,1506.0151273424613,2176.931240782525
424.2828140528753,203.8513425548938,5.874992524028101,1027.1144344095876,610.677069241943,52,396.8293010785387,408.7660879998494,2104.4345374676473,2271.8006527833277
350.81611702774376,150.7721885100053,4.224088466780282,816.6816565041382,898.2990908057145,289,124.79110551325186,337.6886007813021,1735.120067416845,2220.7931413143824
269.6638085440452,179.1307798725833,18.6724092469799,802.0633886658948,669.8185046746655,278,115.69043313184211,283.3796725364193,1624.2470160245691,1939.3488910041685
469.87237198237057,183.69409061447266,23.439655672419153,863.7341831586419,616.1491574725377,114,269.4441651758358,476.8647633179359,2634.2000201559417,2156.889458900442
315.1673664119634,151.34345937761398,17.34895198261082,999.0570781740357,656.962598728776,239,152.8668989899059,324.4695009390714,1814.5931787900165,2139.879454675
363.0658583341966,168.18692461215238,4.40888128764629,923.3592466647638,611.6873539045392,133,226.72284543261597,349.2150192616628,1792.442711259855,2070.7082648032983
471.94163328936406,203.22028761854943,24.33371309800413,920.7218777897936,717.5432683851515,274,160.1093356094562,480.56490671156797,2664.093828583641,2337.7607801808626
387.2713987741976,159.59767940102992,19.078641214911855,1065.3760664688841,840.7205353353972,166,219.15085076114443,394.7552275547981,2183.976977934958,2472.0443211944207
235.06941221250923,187.47170920168142,11.644971183809865,1068.6688544395515,702.3733349273161,293,126.858625175704,241.79892656280157,1343.796153955766,2205.228281964868
481.94963708404254,165.06413104120662,20.22390886608189,1072.7525792160757,733.25502206351,243,187.462736670608,484.3395589744819,2638.7836430820685,2473.2452782709165
388.3124159214253,150.84845422507252,7.797149377284986,894.1634229545082,802.6760320702316,320,126.43245471794238,378.03844631965654,1974.117042319494,2243.7974745485226
300.47168439712584,166.8841020319679,10.355766254826316,1007.3167438217786,752.6682210209641,138,216.52817894052998,300.5402961093019,1619.8587111862978,2237.696517526663
241.7816217990162,218.31116284370376,27.524575293959707,881.4899543823109,858.4337058063973,79,252.40333139561216,271.43026067573544,1666.1050317755448,2227.541020125388
438.2075567810888,206.10759783180927,8.715135170142611,857.182949922335,859.8107025137269,170,207.72784513081788,425.79530528590965,2220.9270023777503,2370.0239422191025
386.02182677855404,217.17036510247232,14.099648044738098,855.3897372042107,602.973208647346,123,238.0982546397548,384.8207104102944,2075.350900123589,2075.654785777321
360.03832759289645,184.14978307484537,26.70423412188044,902.6322862590782,833.4138919449597,176,189.24182150084653,380.20618272975554,2194.872633524157,2306.93852299366
468.1677749152873,157.68153390742523,21.231640508025823,928.9872859339465,738.2200800725021,300,147.51789387136,472.4674170439182,2589.779541857805,2314.288315337187
436.57916336735923,188.35716422815852,1.8660967849410826,1049.2847513165204,896.652162391099,82,337.53354473722874,414.8458818719496,2093.1403136197205,2572.739338088078
245.50246391982535,181.80641341919727,4.4190913283691104,835.9673280418136,744.9696227626305,87,232.20962827906965,239.81609827836755,1251.9519679696282,2012.664919471836
293.51662033866444,209.10499579177312,0.23524772315750453,1020.4777542184682,896.0687836164893,225,161.2500108433649,279.2391980829594,1404.1097697141126,2419.4034016885525
274.5467419443397,156.86578065489712,18.927653706874903,959.4364742567916,826.370808361721,16,416.3670352493768,289.2418112384299,1659.1714458193608,2236.1474589246245
423.1838877718031,184.17687959152448,13.43020276231255,886.3836028027978,674.5814653839919,310,135.60714128880744,418.6378524891432,2236.108656642798,2181.75603831243
210.0597304207338,160.5034065285789,4.028245527068266,947.8458753598474,761.5184937860873,358,96.5696222466718,206.74443875220211,1085.2655653552983,2083.955751622316
370.96690546139496,172.7273148823042,28.738023631703115,889.9826209331068,897.6406918435748,163,198.7389700956824,393.496014857048,2283.6171313482005,2360.055556752084
428.73760572220715,201.61499541714596,15.889791718368597,978.8245865714919,857.2591823255771,98,298.19113580923363,428.2308006092261,2313.6721293327137,2482.3261617547905
463.02969102852484,183.32126905581367,7.256798823386675,930.1531768565733,629.2100681373663,156,231.70514904065635,446.51850798912034,2305.592759977591,2212.971003901665
302.6245246147722,176.31217996020385,15.018107134641227,849.3216587236636,811.9115990429989,2,461.64974806006967,309.0243408626727,1712.5072378611858,2155.1880694762795
446.37719140160385,177.61333949990248,20.388609982053232,834.974922366709,703.673875761244,350,122.84933976707842,450.4964730854607,2470.5351569990885,2183.0279390115124
233.18952108656217,182.16127378841907,2.2871765392069343,964.008704621639,602.0946785641045,169,173.02387359448045,225.39367584968568,1156.8575240523878,1983.7413545999316
453.9356875203555,204.951158068594,8.24111445143676,1070.7239099858311,721.0442907080999,315,152.80885816846012,440.287835524059,2288.1321388492947,2458.896160734317
238.24659869959473,212.4459282258164,24.20896472651981,903.1873059673056,670.4263265174914,325,107.10185609853782,262.8788749429522,1585.36657680925,2048.515124136728
319.18618716811017,216.87342805527499,13.789946112079837,1019.900032166787,845.6607811561414,92,281.336932425184,323.34236961105273,1771.9650477751866,2415.4103746583933
439.1886097338661,205.08323703787067,16.397314260968848,997.59840648193,701.1991826537296,181,214.58699981474177,438.47518708259145,2368.595270636429,2359.4667501683653
244.97522820463212,172.0784827023609,12.984480066284078,1079.4664742928444,848.2571081861452,231,152.44457756730833,253.35247813981812,1417.308459773583,2357.7617734522664
268.77541856979246,198.16942942605795,1.3169982792901536,1046.2943051897423,600.1793816504386,301,128.35949592769208,257.3618065587873,1305.1146575237444,2114.7355331153217
416.6757705179199,180.63221868387743,4.972493394604678,969.9815776716389,692.3457450078357,148,232.61199785455196,400.2679509180115,2052.549195506343,2264.6078052758767
416.0109609638223,167.8269435432236,13.366249162256727,997.1091494702322,672.3495642923285,280,153.06220991313023,412.3062685549141,2205.1254304230015,2266.6628674318636
392.3442898655892,208.8610105598146,6.275563962237834,1069.5159399752106,670.0702083205833,189,206.8234532269092,379.95351189700875,1967.412854101577,2347.0670126834357
408.18453334013,152.68984442736274,1.499370859790362,919.8556353760805,620.4559859296388,347,123.34013667995193,386.81154477825555,1946.1554522727315,2102.685369933002
362.81733300427885,213.12333944947966,25.30948992155471,898.0384117573332,656.1372811231505,350,117.43580371635231,380.33140745347686,2178.314810040875,2155.4258552557967
275.5397176720858,182.3034225237314,29.435775874923475,803.2433250905589,766.664870965686,314,106.59075455106745,305.1883649742234,1852.3866692623283,2057.1871121269855
303.70879805117585,194.60410337657964,23.794286219902183,1047.9653222574393,687.4083218513233,128,234.36227275099037,323.74621027085465,1883.4149127252313,2257.4808317564202
254.4793150404277,196.15477455440478,25.61354765114001,1040.2942101210094,725.2184346987444,7,469.83750428867603,280.7369291291002,1691.1494496024347,2241.7602820657266
472.5351684000885,212.65824184945754,7.259313909511361,831.3363554300454,713.0600641041566,47,391.2181566962466,455.1406746746477,2348.2236651205985,2236.849143693259
375.0175384298361,194.5668777517045,28.81880926539599,973.0572143398101,862.7714774999683,53,362.35302120713453,397.6512098257511,2305.648628556024,2434.231917286715
320.25542502909195,192.9753509332043,5.907771133602852,939.1945094500662,871.5896997031546,187,178.4708325722773,312.23775448485304,1629.0412271377068,2329.92275624912
338.6017410932398,154.6656428392483,28.54289431085497,835.6127286527335,747.887091496758,38,350.2542370319354,362.58311890916775,2126.4110056834334,2105.3100983928343
484.1850018835446,186.28856153616428,29.84457881897853,1094.170468118217,699.0467850946814,226,200.77534507112753,500.87095313513373,2827.1132093685287,2493.535395451586
246.00542093482406,160.51183005719292,21.35168417238146,864.4087662390066,632.0402112007091,53,286.24880015386657,265.5663855813275,1566.006719850718,1924.317912604114
375.8689496050392,201.620363810504,29.43431195375466,820.1702540271683,886.0208638146285,224,157.5385194862923,398.80263787981846,2316.8655660438017,2313.1147432110947
351.7666036653398,185.8555344568872,17.08619338701311,978.4542138505728,618.0680834700893,154,212.9578832977963,357.9593556185195,1976.8652202775088,2151.2306288299023
383.43627063039435,197.61594454458475,7.78625349528271,1021.6600031399098,689.2950832704842,48,388.98218888808265,373.7798652972004,1953.2763160448737,2299.793555080656
205.43305514625214,152.9171030421669,13.109876569968627,809.7330338141561,689.4198603510013,351,87.82875166561709,215.36591141753448,1226.3697439538348,1870.612928923545
461.63717268324547,155.93544112320623,17.80682806136358,997.6152916181067,696.1203858420645,147,245.57232304330054,461.44670171384485,2497.5878571491553,2329.1151193279866
479.6354847450837,200.14263716438776,2.19244686081045,959.6875627854363,649.2860529817228,64,375.3697955929988,454.5270219886816,2289.6605578813983,2290.9441845374413
369.5399550767627,155.04590351990714,18.670297938517383,830.9795026625145,834.9484292771092,349,111.602113508211,376.7024291790737,2087.687888398697,2209.184088474811
408.9952471630677,154.98797094356811,29.435335102868837,851.7571630839086,636.7493585897968,182,188.1028810838948,429.23010747966015,2464.9944782722155,2081.92507488321
476.7498143531887,150.84759326644212,5.703229493511829,970.3922891948241,790.4719977459488,125,269.80085891065477,457.4248542596577,2344.234338251733,2394.1649240539155
412.17159029401955,216.9550978809636,23.7778534886515,888.9072840539865,637.1538080117452,179,199.3466904280888,423.859686978231,2376.374675063802,2178.9656337293663
245.7617128742784,201.62558516213048,27.23696381338858,1081.4947185953947,621.1606912778869,39,367.5314475862892,275.0224640671316,1680.2638930785995,2177.279671723079
372.886508050044,174.72759859514449,28.311047784606625,1045.6220688452152,872.828851105763,260,158.59680355927483,395.2141156607623,2288.731198125872,2494.3760743807734
382.01451391485676,170.75749069013585,28.804068132163415,1095.070161954099,657.0386298956117,3,573.2437394820997,404.2081095448076,2336.9886893633497,2333.6848645868668
327.23920139071583,174.47922608220946,15.643789161644158,877.9012516851242,846.3750463679113,64,301.11436103556485,333.0373919805248,1838.847360496033,2241.638514687605
420.93327068741684,204.22574718268274,29.31923723974511,1090.9170898393932,763.3892613321407,29,480.011067394432,441.3780896303738,2527.71536075514,2508.7846062813787
480.3101044307044,196.29594277492902,22.719306214033168,929.3701609374673,623.3569558826309,11,545.153454219772,485.770810185675,2671.063369000505,2252.052470239765
477.6705538720329,162.96368975072275,4.850143087108857,904.2556385941264,886.6344574314203,97,299.6087587295669,456.9317139388434,2332.68737167807,2436.374482735411
335.2518114212396,162.1876534733859,14.3070031940391,815.1048580908059,674.0883500975677,358,104.23683947924908,337.88572307606455,1845.583742639468,2000.9396762770384
233.97141375222657,156.8876954799378,21.54993526116012,815.8295773578808,857.8936036057819,203,137.10619267050487,254.92880073704998,1517.359503461956,2086.132225456987
495.45235968870037,196.22119037909368,7.4202094745725,1007.6033767839964,650.6430017353692,21,527.6245094632308,477.27195247103265,2460.576797137736,2357.340138061732
451.66942593378025,203.50608635552152,19.218455506466622,937.3786983302084,856.1828646425558,39,425.8673090324544,454.3828311179926,2479.483334839557,2467.9555307685323
237.39880436098005,168.5532499827503,19.998014371398575,867.9564878108317,603.9686438715881,223,134.8411697330705,255.49138350179237,1500.9585996930523,1897.8752003975487
476.2525647852117,151.4661472721639,4.880992314256977,984.1910918975698,753.5341369708442,102,302.503983306494,455.71049959261876,2326.4139020584325,2370.3249332400464
460.96890861863847,155.75201672334993,16.952559373582687,875.8574354750333,830.832773826467,46,390.16530903403003,459.3261697686055,2477.750466681414,2340.3636940170713
355.6514171378216,217.75020243915213,23.14880732935823,973.2895263033267,880.438655247835,66,329.98211343075513,371.1766143884083,2112.1456643333586,2450.2786084574936
377.38263072347877,170.68113442341942,14.966869936078258,907.762624094807,872.7606408619461,91,278.6106015970729,378.82685948194046,2058.38869235765,2343.5539000397293
319.7008111610391,203.84562034866934,0.36309350328322276,1047.0656679835456,845.8874608642934,164,207.0799835175215,303.7872013524238,1526.689908510055,2416.8626538608305
216.42849164660942,193.72644981979846,0.2711540723787653,1046.2088482300337,866.4574048983912,111,228.64999133522107,207.6417238325958,1050.2714577073782,2323.092348667212
300.5591724937703,176.7357747757027,10.710880319100365,943.2051194367205,659.765905751123,338,113.72343613389587,300.7140503420612,1623.0986299467027,2090.9768527764168
440.8560345794034,164.39810835368885,27.78582205295346,905.2457328005047,685.2552887135187,123,254.5191350474814,456.69921836857515,2583.6599353449487,2223.5409865000693
201.38960690138086,158.49704927115846,6.860303388108263,908.7679389677284,686.6905574763175,193,144.98994556859157,202.62294178112438,1095.0971389912688,1962.2054560046934
300.0497515073433,193.05090776272067,19.030910666150614,1041.7143577004654,713.1161793005097,99,266.43356494159906,313.2243348720106,1778.7797131134027,2266.9621069371897
319.450608077283,204.22436464464516,6.662276120799618,898.4538448392836,717.9962011155566,291,128.31669499259434,312.1531323475898,1635.0595665810076,2146.787294797568
361.2186808813768,195.07329774787914,9.650099689786458,862.7178121120538,763.3665973964027,159,198.48598715348604,355.4251418571508,1882.257009115412,2192.026487827499
475.95668492382816,187.1211493274411,25.441262688044517,825.4065025625921,647.9639290099324,103,280.4670583518032,485.43658910936267,2698.7211897821467,2161.889528511838
303.9037983097884,152.93658564021453,21.865843268098406,940.0079362653225,807.3739991357968,281,129.61645271131437,320.83466439071174,1847.5879736837237,2226.0881626192204
304.0859605688683,217.79421443160686,2.861978319396319,944.6396296759526,650.269961791352,43,356.1253211289918,292.21556809331486,1494.1755767238897,2119.6517447871765
421.2503744329245,205.90999341582022,12.861060629593009,1052.2726131208722,693.0925446313643,84,330.96247513462004,416.6908967074387,2222.140923292256,2385.386586230574
335.6653822669422,170.49754256906752,0.875092909357934,866.3716089338192,751.0035391818462,191,170.229026085449,318.4830378949059,1602.1136840155523,2124.413165861033
267.3814468819946,218.59792305511957,14.42670439809027,914.2973821005199,838.9321684570432,51,316.36843188772986,275.6835756473175,1542.1492414692768,2253.6356248927677
335.731854839808,192.13171127454254,19.873020351032043,1042.5217216681074,821.8407699716182,210,177.94461956183028,347.89235029644016,1960.690534363058,2412.099078105108
242.25710611393995,190.76958607450726,3.5550787079445465,1047.087083224692,793.6603069231567,126,220.1135185465822,236.445549611841,1228.3913107866742,2277.32916104424
252.916095951867,202.36512256006725,8.66654816727497,915.3833227936304,646.731978174051,69,275.97890622062664,253.2072617581834,1365.153147333265,2026.0630676468909
349.5103318218439,206.82388516630962,11.935098765064708,937.7372069860043,764.1136036846733,265,145.69736528326473,348.26779755425855,1872.9953612432842,2270.1201264238957
325.67763485136436,195.9535025132052,27.585930739681494,890.9857672547848,626.2339505399657,258,139.80830029410922,349.11469819189284,2048.6908585413926,2066.4367858990017
474.45377032043,158.966702245634,29.79765046268892,1079.7664635257936,713.2089530389952,188,221.84224276944042,491.7157591926636,2781.195883511505,2456.193539593542
308.71816973498994,173.6787254196149,1.3473389698684757,835.5931297224741,724.0549590869878,230,142.59915724035324,293.95412449049115,1485.4466384240327,2043.3923229339352
374.1765050834131,214.96585482282347,22.830237704861762,1080.124826900441,611.9434318337261,189,204.2889308648795,387.81688562710065,2189.288763641444,2304.0408563452656
389.6792863758591,165.72309282906963,11.151721992070296,1005.159935550603,682.1964298409915,10,516.3114408699151,384.5474965381046,2043.4589163097353,2253.9104665885934
203.92833697650008,176.05169166862592,11.7737455868844,959.4716458060193,886.6948401799468,114,207.85988176733025,212.96045837038938,1203.2829480853843,2237.9202602179766
399.06121160501317,180.24538180609372,22.62794920041068,809.7977182353487,886.0897823489069,76,293.9168871220516,410.1162701072787,2297.215587693727,2297.822043195773
253.41079006092542,180.75834927861166,27.552792964362258,942.6788575466026,705.6981162757618,164,177.88793996516674,282.21948753579767,1718.714423919265,2110.0989061262635
488.32109524083654,192.90577077461677,28.527857835076453,922.3244315008196,612.9300326844972,85,328.0241880313066,501.8841442721199,2814.93527050935,2245.009188035847
244.59881832593388,216.01530864212953,17.313677581149623,848.3656435925368,653.7284817984545,49,297.7223905521408,258.1915400145384,1485.0632150375197,1980.0219299402042
324.3872371181071,166.84848982827535,10.713634779015084,996.922881050197,717.665338030062,326,123.60169549592199,323.20697458658884,1735.4787697963204,2216.5375808056565
225.60490042359316,158.50509634106427,23.626472575763376,1091.3452722104857,884.3339093907689,177,178.08166698798783,251.41801618447843,1526.091846435986,2383.4156509416753
499.0622755537842,163.8229342901956,7.530041497869008,968.6566433193575,642.3597190611555,218,195.73032802239732,480.61508911008065,2477.718243610239,2281.431613722362
350.65850309937275,212.08474301464886,16.92222086500553,1014.4259829331837,829.0547531004637,189,192.48918141842847,357.25396956646154,1974.164498524795,2423.1462030126745
378.61550519601315,195.20675688586442,10.757353845746195,820.535135769805,632.6047618124077,346,114.76083576982847,372.8348420189928,1978.8865531417366,2037.7195135098364
220.12294321652826,170.01347524674122,19.698932211236283,925.3000987450985,894.377273217383,230,134.14592242188877,239.78669314469022,1423.4924005068353,2229.5127226369873
424.9881411197533,207.11628572780322,7.211967386805207,834.9075455493488,714.4849497327405,255,153.95149496137378,410.8669456603868,2128.739352596536,2188.708889516451
262.9716779286757,210.29589974544052,5.7477883720447736,983.8387506609531,832.5703616697168,236,147.23405431130274,258.82789793766796,1363.221852606687,2295.424478376831
469.4162868322141,209.25600370831947,27.547172600263114,1081.5446474642463,702.7773248433396,26,513.1642924208357,483.65149009463914,2716.485778472388,2490.541435448383
261.5418921446022,214.32485735476882,3.0541104884861072,998.5333197414916,788.3006631476426,72,290.23104485798734,253.4287250039414,1306.3873850441341,2265.7548428769915
257.2063161991,167.6568714121353,15.17873723204795,823.0409144943264,657.604825422011,261,120.22396163118631,266.6108845963387,1502.637301609078,1920.6876647596205
210.96490035442847,202.85293501223947,6.625583488890268,906.3998614955249,643.8063057890888,254,123.93734646590902,211.08951520751657,1134.0942228105494,1970.649586140172
341.6200835329998,182.2377648091898,1.1678988997700235,965.1990138322554,881.4192418704395,271,143.10536719307976,325.11860812737666,1640.5540579739666,2371.644002944655
369.45233997878495,208.9398987023043,1.0805645487427917,920.9623268399756,875.2941833713301,123,242.01527065124998,350.68774865722713,1765.6506610202896,2375.7293134411375
219.7125918285057,200.99434740131292,5.25665316317482,1050.0932031425518,866.2406820638647,144,199.50473477949706,218.19074319145074,1157.758587402421,2342.29747759941
432.6582850085032,204.35132125498072,26.003110635180008,1044.4013014129969,787.630035049978,257,171.56455746449248,447.17060655068093,2519.392054139609,2495.044053361639
335.98665042440825,195.931328637675,8.4743623193108,983.5493060309664,842.4804633648835,144,219.43415150635423,330.8374727902471,1749.6500399509425,2366.4221107772437
357.317080798274,162.42001386287947,28.51377511725887,912.0373835398116,620.7110810734125,259,144.58489625560472,379.9976035173617,2211.750854538326,2080.9993343916367
332.2288240814685,188.1518843227857,17.448668789675807,876.6009121289733,700.4367125672037,47,339.50715068887513,340.09071703079434,1892.3004844205843,2114.867001890107
320.2289182625978,218.92688176671555,13.098425693062982,831.7622954639388,694.1109374271468,351,107.49367952670295,322.21958895687385,1755.3036213509097,2078.127458613462
367.89209939246535,215.61716465479833,17.402665040083637,906.4693050459662,790.693596585784,13,473.3888060426766,373.4940378414046,2058.338997353256,2298.074830719098
246.57207377921375,153.02216150579082,15.500951556788033,923.9517551623159,706.7873320411921,208,147.71368686348757,257.70344206688367,1463.618553288184,2045.8342740453008
254.57843914858134,161.5370371010606,22.763287612719754,1002.746877531222,644.5520344931042,311,117.94169581218772,276.2352788137916,1635.9627731200937,2086.177675886688
458.53568630405516,159.22101414181932,8.474881979185568,997.4479472892721,778.9401226240632,235,180.82873274585646,444.7300274687833,2312.347819555455,2402.619652338395
483.8346386400898,200.8185936989707,10.591511748009072,821.032441892377,844.3151762007244,149,231.42355779283557,470.86640539600785,2464.103674831861,2360.592362180171
311.99279488392585,207.24497308998616,26.82282907599752,918.5777946293473,714.6370483379919,322,119.16513471169597,335.5325771258587,1974.275494043103,2179.275440017249
281.22340194306616,164.94579564174703,28.393695394512164,854.5336601652086,639.6806145295445,155,179.08377002902984,308.85879192766805,1858.1653648103354,1968.7771676740786
393.19986297170476,185.40968850662802,26.776746824594234,847.0438115950417,659.0064591938469,166,197.66021113595158,410.584262903046,2343.6076778990964,2111.4365690918157
322.6202513294289,208.849211960784,12.583439818719407,1048.1906449211738,671.2449915508153,90,289.03684982906856,324.48901586962654,1762.7616580001377,2263.4885395809215
207.61590669810346,201.29610813363755,23.41096509020645,812.5745650148773,689.9692778983608,186,142.45824716627357,232.86973690202885,1427.319128029177,1934.8668228351855
246.8457792098571,187.9566043844294,14.290071999032964,925.7548627706364,792.8385211518928,318,110.69635015168409,256.3279704779798,1444.4261156755315,2167.685839515849
414.7916686542193,191.3243383321141,14.926195564383066,850.4610967299554,780.2836453613157,358,118.23840351522311,413.1462217403075,2226.252421251281,2251.7869446419877
397.6771825730454,185.5852382841396,6.140403271718519,1063.7990647035422,808.8239584701117,174,216.99126147742038,384.9603459239212,1991.9308776647306,2462.0258473025574
208.12879775104506,170.82839159231744,17.733909097755493,967.1121539825106,708.750595359454,217,141.41637467159492,225.48076104007254,1329.51230644791,2072.553847783083
266.5916485798848,189.55153950013113,5.584076932600438,869.4141909130544,847.1992955639935,264,125.9369094712207,261.5163142408738,1373.6011760567503,2178.3407514896644
269.32243897642144,198.22197114350635,9.946940972015813,950.728186149913,661.2262983467281,97,246.67967838118133,270.55528944161745,1465.6391086809806,2089.4458355885845
401.5678230796185,211.13260411025652,25.650906048598053,1019.4459079109347,740.7122242554462,117,270.83799158556354,417.535869137919,2368.207032808297,2398.509465404854
205.91316132630925,194.54039477854735,6.212274276325656,1087.4354026758301,840.2816164624292,199,163.33644911051096,206.88686437053997,1112.5290125964632,2334.3828495194416
231.23257459537214,203.27850759302106,2.134748555202984,866.1338012736256,654.0475943197857,320,104.55444029289404,223.06170330175325,1143.2440498725366,1956.8272263370075
439.9748256119568,161.20501444682012,2.0702277783844893,1065.8545316388036,632.9589341222348,21,508.99069947046274,417.8435064843856,2107.624251418957,2302.0635335981997
253.56339861630008,182.3090232093853,28.223535615093237,1080.291234250247,865.1051903063969,200,170.42534576865884,284.2371012580546,1739.1494284638875,2409.492381997423
395.82383235556244,150.65321338789653,15.207613138855038,1074.9261633596197,702.8788988277588,341,133.63773479407257,396.6631768927272,2149.1891008486887,2339.4897210696927
271.45483431401794,167.2675205165136,12.28236215451055,990.624307058573,805.1610374727096,248,141.6378099717126,276.4828119510855,1522.5742252667214,2246.790061516325
229.83241782780354,200.85232005791033,24.326357430237554,988.9461963304122,607.6045812791815,276,125.9408126957117,255.44484913710522,1550.0914735830763,2051.5618729255452
272.95165729983626,219.42669659445545,25.07477783731548,920.9631899551468,807.0140665228349,264,132.60756917403052,296.7989742770061,1764.3273240816663,2245.430388209589
416.6800795566977,156.94246697110512,9.965730993468139,1025.7193646911364,694.8303934640911,58,372.54054682652355,407.984997217018,2146.5472904848416,2304.1380356764985
456.7089404318857,178.1046021102902,20.808541724213857,959.3882055052795,616.7222560762325,302,148.36376100660763,461.05874544257017,2527.825762181865,2231.7325458479017
449.0659593700975,206.00496780894116,23.1336844755566,1003.2314213684883,782.9438284644351,31,465.9948941760423,457.95188326349023,2540.462419949634,2464.3798614875186
319.15505888553645,164.28249442402293,19.639520605978635,928.5373711546387,672.2411448219519,249,143.81913167112296,331.36497394566413,1873.5667585872707,2103.8555898921286
400.42554097119387,188.85594645116004,4.547852244002981,1019.4489392129417,716.042172615564,93,302.4009342096532,384.76518276058795,1971.9413463425021,2329.3204514948625
261.4952886247463,201.31499072207723,26.276492505511712,1047.3414552813647,624.174243685954,265,139.7393926790129,288.08333448592344,1733.9037425115703,2160.6024708196537
287.944319078304,193.11898151821254,16.17283658208026,843.9308769808448,644.1489753284836,271,125.00296738969658,296.75011687082707,1662.9078452522692,1985.3159894879252
468.90074555633595,163.16173142307912,8.474172791100111,1049.8789146722684,689.3931706487531,94,323.9756491652283,454.3998869003138,2359.8156657047552,2379.8087350915366
203.90057705322081,174.87691980800176,12.756845563130817,962.0889595370921,626.9278501680471,154,175.31676211673383,213.89999192663765,1216.2199077512496,1980.5511521294927
225.65255925634042,204.8654249139778,1.1271327119672214,1053.3997727270673,873.2478794058945,285,127.8774534335381,217.54864711105031,1108.9450056450594,2358.2927690152474
262.3658765438082,188.79585598924115,3.8360040366725268,929.3905119023044,601.8141129551935,80,263.224472496106,254.71322068546792,1318.711083676079,1986.2023614272198
207.95966116214592,150.3660729480039,22.966402515475824,913.7121456149105,745.1580656592935,292,109.13630990958868,233.0273265823773,1424.559243928547,2040.1623478998297
254.43063052693918,203.26935320196657,0.0003490426609842334,1074.5182197551667,636.9742374397654,84,280.2541833863988,242.23368517858552,1216.3787358206084,2169.192789966499
374.91246829090767,152.47179484581673,12.496974854468766,875.3507802645204,692.3037268433845,37,377.6804564090077,372.3305627259614,1996.6603458648797,2107.535745099098
326.4273651777494,202.20136479118625,15.675305432567653,1053.263697585843,877.8178679454796,342,124.77195386176729,333.09953856335096,1841.7243054305893,2475.3856009328256
467.8015133230925,164.1736392115666,1.6390326000291688,945.2061717528212,648.5083659821961,327,139.81160087400792,442.62463243733777,2224.3562850550516,2227.3287228697054
445.23306852153223,217.0651436083566,29.192344889169984,954.2286327653779,889.7496959154998,232,179.32585615052577,463.49509801039414,2635.6376742680063,2535.4688856999364
302.5452055093628,175.75585259114592,6.783759937490158,892.5404844468452,661.7383130968265,93,250.82966381400306,296.4714707644419,1558.0972642449344,2039.3636155816705
277.82703002938774,172.88521314366554,9.125961589088426,971.9126601857047,822.4698325400489,336,112.93366069326211,277.63524765941486,1493.3058300554098,2254.2206974878954
313.9077224501801,160.42216352327114,9.11827536765082,897.5633588828634,764.0031794691936,102,242.19908914417763,310.7619391573182,1655.6726927458544,2145.014699693159
377.08848275444234,171.39229508431504,6.912499863520497,811.7808242724957,865.3436182790277,166,189.36848532259438,366.07312774957705,1905.0055267147407,2232.517720253801
280.4190922468629,211.36555332797406,0.04421466258934248,881.5995816033068,766.1979766509393,159,183.39854430948847,265.9571451738472,1333.5745703412297,2139.626418491672
387.2446723547402,219.7434036339073,21.88034382263989,801.9137130219772,760.3677657468926,14,452.4347200483216,397.73040008817674,2226.4753372744094,2191.1498985801572
322.8234956573721,175.78166713547938,29.00536499397856,1093.506436117057,658.6374001105199,225,170.90833643290378,349.4603553304403,2068.4441818339146,2279.754364014407
365.61415425559403,181.40274416681797,6.7288044985513515,1089.7241629459243,649.8688086154976,73,336.54904626911554,355.8092850233776,1852.904107580454,2293.338674482385
330.837958740595,200.5449656741916,19.891415754102674,918.5465892416915,874.9467453346542,249,147.04331643667555,342.9806141006782,1935.9038590699513,2344.767674745235
288.3397278625753,212.0337046325552,22.256889808761454,1018.5112563018938,698.3514596550102,91,272.17335604407657,307.05443631078134,1783.6977450352526,2239.493038260796
484.535992088647,191.51310339307489,25.45276137271574,903.7418295231275,711.6246764888688,216,189.51712870889415,493.8741339932642,2742.043962935454,2316.868362866434
429.08173824792823,177.40679887244806,12.678875910408273,1001.3279471257928,827.9470975285165,90,311.94465424498105,423.7610177795204,2255.821014641729,2448.442457685094
242.03395272993578,178.88352885940367,9.087927169212877,1041.6290129137938,701.6470447268422,29,382.19487203528655,244.32905363954035,1327.65906411439,2173.281466399188
460.54039276937385,198.69327025477648,9.758854020690933,1084.0268734076722,885.6187339917008,305,158.21802692193742,449.0879299222191,2350.25125335524,2638.6381244442146
346.2293594748541,150.2252784522995,21.378639992955385,920.0636827549016,821.3783306996401,220,160.22901381318593,359.41432074915673,2032.940496942905,2259.275291374651
468.3656680682274,193.37125362218885,24.50338399516908,1034.9893948868144,779.228772772026,328,146.9545095401075,478.0722366720209,2655.3957905946304,2500.458473344426
439.95657678419457,174.88451073089502,5.44841903269808,879.7785351896356,864.2685481634257,215,178.60698026093695,422.6148730975797,2169.149154884821,2364.336589900849
327.56405134077005,205.5938131893959,11.128230244732956,1097.0996911380944,614.8817725048448,221,176.3958533556177,326.9861941862156,1758.9054909452886,2256.2675584178382
206.74079249603523,156.50934478761926,27.0582059024745,807.7308796293054,677.1188076567627,42,279.09344933014995,237.4727088778128,1490.1413039434929,1875.158030472197
280.6032078154838,191.17415868638733,24.200805590842176,981.0586419503363,739.510900266273,135,212.64013137537296,302.70368285473444,1783.6675074390732,2216.5477143093226
362.4902643982601,183.66810229202866,29.545752082874273,997.8517944953982,668.0935618414563,42,388.8070632688997,386.79890193681626,2258.2673953483218,2241.6494751100176
390.0434659478442,194.9627868133659,22.627447790462423,1006.4136671222386,823.1715561906456,164,217.3527896509576,402.39258535542166,2260.4383825551845,2437.218923864557
277.3663056299607,154.5397516138078,11.795856030837669,836.1162736367266,875.7624093161176,361,97.08738025818094,280.7713461456219,1537.4797776218093,2155.5805962274503
241.80682222184726,190.5988651199692,17.719135019839133,1081.558935041939,727.131035979277,283,132.319997420024,257.277664781227,1488.0577631839649,2258.814793382872
450.47907103978974,189.30392115716666,19.83042762741961,854.3549837150249,702.6397800335685,58,356.62227885344544,453.55173778729255,2479.6966026082036,2216.608183572969
495.32065421106563,189.24620660913197,2.3536744895137183,986.8260209719523,888.4652196412699,302,156.95814836208353,469.94080391505383,2370.338303481935,2562.2117759229336
357.70705469080576,192.24413666175184,16.334908773115952,866.8028237369255,733.4557298482623,322,121.39743171309374,362.1424956040998,1989.2826838727333,2166.544653710861
251.50378575449105,197.35275560584535,21.279624854178287,892.1649251063812,746.714520134785,25,365.56665509045536,270.9195173247604,1593.2764762068732,2109.0156114556808
281.6921979558107,206.3492299776539,5.019639120031812,963.9375625184373,705.4949617025716,73,288.5638448373103,274.81121279842614,1432.7072065768104,2162.493591274505
205.51720296424003,168.887450408975,23.418951522766715,925.158025569373,872.8645419036416,129,189.28570827729803,231.73956471705986,1424.6862056638872,2195.846172368996
474.2896419681497,207.75345871260436,17.51318341542335,848.0676802929519,770.6866449845552,87,309.983487615254,472.3343368563977,2547.620776840863,2318.310609373684
235.32532486704235,184.87789775844175,28.56665357092784,851.2809207262545,828.6523761544934,330,100.49458558401015,266.8019364975068,1654.0154500842293,2128.7031730771596
372.95494265427607,155.39407953940318,1.2726689462067509,925.4434364488399,843.5420155052659,153,210.4431537501138,354.17703668050075,1784.548225515762,2298.607143093992
282.2165662061618,154.09856504707855,7.959784126664009,1027.1848934826503,702.5547125751774,182,180.1089119048137,279.94575147381687,1491.0893447728467,2174.014521437732
366.253400754738,173.39668230872425,18.04661637899472,1069.3893940543367,730.108299396114,125,255.26482858308398,373.4580407818697,2066.178877704293,2357.1943928929077
395.42611650555926,204.94278839780273,8.896797366177921,825.2382986778149,854.5415323218795,67,314.59333971133634,386.1425092164716,2026.423580748625,2289.0455332692345
448.9225411121605,199.5376654318641,21.432724922137265,917.9311722678203,708.976605502743,6,550.5365784791588,454.7766360506783,2504.2642557807258,2296.800709236725
261.92638152818097,205.20304752706846,22.77015847565793,830.073669116863,838.1805400355554,125,198.257791659377,282.78446890073917,1668.8011229411563,2158.1537966833257
203.29874859754415,186.20883395091266,3.0754789219942333,804.9777441897794,882.2976967723312,314,96.75375972452731,198.70280271580137,1034.796934036491,2079.8585024325616
241.0656890206422,180.81392985688433,15.415633926203032,998.515604793187,786.9631119204021,326,112.57889650831177,252.91869310748675,1440.6901971611978,2222.7739695173186
470.00559255443153,160.32167686943987,15.266716667731677,980.7348325899763,822.4881862355667,53,397.0750358497733,465.60525611542374,2491.133401190179,2448.817004917146
462.1670232687546,172.9734927526518,11.078423106466232,848.9057341444659,841.5291936123405,66,340.9715130119274,451.54624232199416,2374.0817578662404,2336.653866884679
379.2239306510925,180.38135563217128,27.987745877090163,870.1438499279193,853.5118946689928,314,126.38995101488187,399.8835497813273,2306.279839890571,2311.248776757266
380.155058130096,156.2020300775732,24.825189596196637,807.1123260933555,718.5160013570388,82,274.84938419877415,395.4787101683873,2247.3439748884084,2086.8106052542603
399.5110023638766,165.4428366897848,20.916281457289102,1050.4841617083212,615.3790377527995,87,313.8473813881897,408.38543767401586,2269.351137623435,2251.733319972071
252.61138358703488,191.87577058446172,21.429799072049928,1092.4071788145654,720.5628813710218,2,506.46338035282383,272.9224149761346,1606.6064991780636,2278.8870134291337
474.32358377748795,201.49641799674328,13.851484314393574,840.6378610384072,802.1268689352269,204,189.60270327685657,466.9052638502776,2480.410100492566,2332.436216062259
325.63115746762196,219.88432579750648,27.629835632897276,869.4425641295894,735.1051157342379,150,199.5227348389226,349.2736872473806,2050.940084427221,2177.6929987618532
314.9415584748492,215.31793319404903,20.837862817598563,1060.5228571840803,824.6889452581196,293,139.73116685446908,330.08697651389906,1883.6176853965349,2436.3091569286967
355.6753115848513,194.9795639674634,21.869431849674495,1077.9391393868555,707.0947288405991,103,283.0982118068848,369.34712947644556,2088.1458890875488,2357.5581756294437
214.0897900325165,179.48736373058503,25.85072711362036,925.8882148420431,790.4232423312088,24,355.50425392141835,243.1998922174476,1507.534033862091,2135.739338049974
249.88501062682383,194.5324155295763,8.22214768026573,815.1867416807222,655.9259414561924,212,138.7764117314785,249.33778673608595,1340.1275641254988,1923.7522569735806
421.41008492791116,204.99561326561624,24.21212711600109,811.8175501078458,824.8108309934871,65,324.957474112984,433.16746064203056,2428.2864635038445,2287.2462064108613
224.83960037753795,158.28353336463712,5.857218088694761,972.1849598207032,763.7087906439077,209,148.19517603275935,223.33446961139597,1187.8518386518501,2124.874102295481
380.94563283991647,178.69334227874018,10.360258567346635,917.8685326679537,661.2193165639802,251,153.60358832812443,374.84947782439775,1985.6686035822404,2149.087082917937
273.6047329043963,208.7861599944932,10.06831362809528,808.5957282732963,687.5733520493421,117,206.44948135581592,274.2061588924223,1483.898843169144,1988.6282868496232
316.78868421259295,176.86830663531308,29.355764051674218,974.975717693767,824.5826125745497,116,239.1073143334096,344.231564152474,2046.934847649381,2322.571085167897
286.60812103121,190.03105898590306,25.696116712437806,803.3907609767067,744.7803706984562,237,133.4431771137379,309.83085762478294,1833.7230014618651,2050.506428404714
306.70181493948473,191.14385526035386,21.035095847707794,1036.2115874447818,664.8094321179217,105,259.5422348569809,322.29802565034953,1845.3158774462277,2219.90178561025
415.71377155527364,162.91333771935476,21.811702848461703,891.9298468110114,890.1813571110893,259,152.78532016097924,424.71202658810716,2361.1759410859486,2382.5500160451907
289.1365146869525,175.3564809156602,16.862183832077132,812.0774009027697,814.5375059450664,46,309.1324082702264,299.10269031866585,1683.5082230039711,2107.9700862825257
369.9213920890692,173.41579021193525,28.412720013255573,976.505666294946,887.1404497619388,311,133.37397985003642,392.3609613854638,2275.178781790093,2435.3960183711447
342.8151206597299,151.83376959724453,14.887762586470846,919.3053243299164,728.131513608103,331,118.58539106379075,346.31355717171044,1895.2741217345142,2156.9734907814645
399.1013496087944,151.69342347239487,11.415531296096836,1092.1401240071448,742.5301022075162,216,188.8831503471817,394.1715114654622,2095.4268100599725,2396.880530591947
481.0489217974274,208.21879305730414,4.89106010794773,963.2595987511106,869.3865648555058,301,154.36569533911546,460.3455427168561,2350.6362654901286,2526.8049385692957
419.7716291630751,169.11495669809688,23.58616956783174,882.5717543111025,757.5148020736153,333,126.85408467722948,430.8460090861387,2409.7666546093283,2252.5593118137213
264.48211357722704,186.2655136367171,22.033317962267745,1012.8316593901925,812.1836735717002,24,402.1695183811484,284.73128965765426,1671.794055578521,2297.7962781381048
209.3549405183854,170.91079015121412,11.530651155724046,881.4476007628134,675.651863248659,35,313.8169407498754,216.9073477032633,1217.1607920040813,1948.895845836796
278.67921328994754,215.84754715807384,0.7558024187768808,1071.2729874222696,734.0179406107922,24,428.8073737994559,266.10166932815883,1343.8045120518052,2300.57349089986
378.5233792100764,168.15077312060416,25.169919831540323,912.416591152213,637.0349597431066,28,416.57083086269813,394.7389888514008,2247.805012044879,2121.2956230575405
215.42774404527512,180.07597689172545,0.342539503622209,964.9605688328616,661.7940107630885,16,392.01972886223064,206.08105670977517,1040.3896805899824,2022.6008400365727
348.9098741603709,211.09111753392213,21.110993388871528,815.1719311472687,600.2830245802893,59,311.35860231304656,360.65614504970864,2033.055072845523,1996.5669408107224
379.0528546750668,208.9353496754266,29.10771329178171,927.8363713856693,611.7795154945981,243,159.2169995601274,401.15741637195157,2323.251185603108,2156.7118045225425
300.27316724508825,163.02709924923943,13.129839844446105,1049.7090618982984,893.1851469530789,207,171.66955920982676,304.96661726595045,1674.3287167419155,2419.324315190151
431.2736611237466,206.18503168569973,7.049202149878583,1041.6946416090027,672.7061085410287,271,165.00192328479642,417.2117358597574,2160.004967519507,2358.9086451093563
231.97947594013155,182.0730820716525,21.14613030130145,867.2955676560579,798.9932128512006,249,124.56552027511795,252.5636913890155,1501.218096595746,2101.487468820344
222.54133452074262,183.80782104597486,24.513844260467554,867.8237213031688,851.7299096398834,267,117.00484716609478,248.94572376369362,1521.1846065511884,2150.416630770237
418.45662686108096,159.34359806911607,16.39290948233542,1045.191593663971,765.1981377709693,193,203.30393459233662,419.4970585741201,2275.625737539862,2404.582865847473
348.64739486185954,155.64210596299873,29.011058257684386,1079.1195260507977,645.9433500251869,335,129.3338305774875,373.3981578335021,2186.5532574435574,2258.363435158527
406.5207189283208,200.95575148816357,1.550061649738833,828.6082763819011,818.4349312008499,218,167.4869690209775,385.3808551961735,1940.903173263359,2256.069739648974
330.44820158112384,184.75228066487097,15.143867949135844,935.0175918278676,780.0754230298749,115,239.5197494104892,335.36980106365314,1844.7990819509405,2245.4373650528732
273.92060997173206,180.57954918306257,21.553618419676503,901.2362836892687,819.3751768042125,68,279.6199285746717,292.35640630142774,1703.1042364266605,2196.6652380679525
445.7306953022599,201.06557600566777,25.87921413447537,1061.2065366372317,830.9239868571261,299,156.57131144534716,459.29525506827906,2578.586663594477,2564.806008936761
439.82476369069377,203.58590292937768,5.377668357233701,825.0574744040057,892.6231103054236,325,129.849505342031,422.2297260670085,2166.3028935388907,2366.4689196867344
408.40894125632803,161.12357173685476,24.000104452910442,863.3377827674112,772.068984008013,75,305.7550906907118,420.8501858611838,2364.830193179819,2228.9393842215177
281.6435411689888,192.7157604634349,16.581212271556357,1025.7405012759482,702.4923338071806,103,253.41003278979647,292.346801519305,1648.0983569178804,2219.1733489871085
377.06920006072613,159.474785759438,11.896610459698897,815.3881546943646,794.5393670700712,297,126.48818465331176,373.4017980560931,1995.7554196947992,2158.368118044299
308.29216908200806,202.5962560220332,3.951450857372807,947.7606142142868,620.5322127727878,178,183.31840445144923,297.7115196659338,1533.1022626006286,2083.1327029484887
227.47462199799025,195.98686093869975,25.958872767267373,932.632110403916,869.2191954964759,215,144.18216979979223,255.99787181382837,1572.965688911942,2251.2716616043494
475.1940726386728,216.96302347584208,4.718196245391461,900.3203536966246,635.814303401459,315,144.18536013857587,453.9240845483375,2313.9900764739436,2233.00994945799
241.04558927568843,154.82706114494948,9.293635776272977,918.3716945956771,698.3528513657454,39,324.20114560021034,243.2140095841429,1323.0343157001269,2021.8908321583335
485.07120614624074,153.9938304805878,8.701365958873106,958.9821760790699,844.7236141878362,259,169.66603741215582,469.72444535310166,2438.7367252303916,2451.472192852608
333.8017318873867,169.75309522852402,26.14242102572563,848.4102075165149,779.1937134992136,204,160.34460505980428,354.6352210699683,2061.0077016295254,2157.3011691573647
