liquid/Binder,Cement (kg/m3),GGBS (kg/m3),Fly ash (kg/m3),Silica fume (kg/m3),Alkaline Solution (kg/m3),Fine aggregate (Kg/m3),Coarse aggregate (Kg/m3),Superplasticizer (kg/m3),Additional Water (Kg/m3),NaOH (Molarity),SS/SH Ratio,Age,Curing Temp (C),Total_Binder,Water_to_Binder,SP_ratio,CO2 Emission (Kg/m3),Compressive_strength
-0.006196692903598508,0.0,1.36,-1.3636363636363635,0.0,0.11666666666666667,-0.06644021739130418,0.5183823529411765,0.0,0.0,1.0,8.000004772920225e-10,0.0,0.0,0.15555555555555556,0.0,0.0,143.79,60.03
0.6853485239002912,0.0,-0.06666666666666667,0.32727272727272727,0.0,1.2666666666666666,-0.8907155797101449,0.23897058823529413,0.0,0.0,-0.6666666666666666,-0.006340508006261574,0.0,-0.14285714285714285,0.7222222222222222,0.0,0.0,113.4588,32.9787
4.772167941468981,0.0,-0.10222222222222223,-0.45454545454545453,0.0,0.35,0.11471920289855093,0.19117647058823528,0.0,3.4857142857142858,0.6666666666666666,-0.9257142849142853,0.0,-0.17142857142857143,-1.2777777777777777,4.892230576441103,0.0,143.2792,39.6
-0.13623365844157193,0.0,-0.48,0.7431818181818182,0.0,0.35,-0.7697916666666664,0.15830882352941156,0.0,0.0,-0.3333333333333333,-0.9257142849142853,0.0,1.7142857142857142,0.7055555555555556,0.0,0.0,143.87318133333335,32.43
-1.0605197283587098,0.0,2.008888888888889,-1.3636363636363635,0.0,-0.18333333333333332,-0.14796195652173896,0.13602941176470587,0.0,0.0,0.6666666666666666,0.747692308492308,0.0,1.4285714285714286,1.7777777777777777,0.0,0.0,134.92331666666666,34.61
-0.15969966358288676,0.0,0.13777777777777778,-0.41363636363636364,0.0,-0.5,0.23700181159420314,0.1801470588235294,0.0,0.0,-0.4166666666666667,-1.1813219608204688,0.0,-0.2857142857142857,-0.5777777777777777,0.0,0.0,85.2579,56.9035
1.8861625381618323,0.0,-0.48,0.22727272727272727,0.0,0.225,-0.008152173913043273,-0.23051470588235312,0.0,1.6922857142857142,0.0,8.000004772920225e-10,0.0,2.0,-0.5555555555555556,1.9340408163265306,0.0,149.541416,35.500073
-0.3576377047219688,0.0,-0.48,0.13636363636363635,0.0,-0.7833333333333333,0.11924818840579732,0.8786764705882353,0.0,0.0,-0.3333333333333333,-0.4628571420571424,0.0,0.8571428571428571,-0.7777777777777778,0.0,0.0,92.39113333333331,18.2
0.6966853307331425,0.0,0.4533333333333333,-0.4090909090909091,0.0,0.8666666666666667,0.4978713768115946,-0.5330882352941176,1.6,0.0,-0.3333333333333333,8.000004772920225e-10,0.0,-0.14285714285714285,0.2222222222222222,0.0,1.523809523809524,151.71648,46.5363
1.0523478562069886,0.0,-0.48,0.15,0.0,0.35,-1.5428894927536234,1.375,0.3047619047619048,0.0,1.0,-0.9257142849142853,0.0,0.8571428571428571,-0.7444444444444445,0.0,0.36608036608036615,179.91033333333334,37.12
-0.7090787165403395,0.0,-0.48,0.5772727272727273,0.0,-0.4925000000000002,-0.6959692028985507,0.6095588235294116,0.0,0.0,1.0,8.000004772920225e-10,0.0,2.0,0.3,0.0,0.0,149.35036,45.37
2.815581764488067,0.0,1.12,-0.8181818181818182,0.0,1.0183333333333333,0.3420742753623193,-2.138235294117647,0.0,4.817142857142857,0.3333333333333333,0.9222471918112363,0.0,-0.17142857142857143,0.8888888888888888,4.014285714285714,0.0,141.76416,56.205
-1.0605197283587098,0.0,2.008888888888889,-1.3636363636363635,0.0,-0.18333333333333332,-0.14796195652173896,0.13602941176470587,0.0,0.0,0.6666666666666666,-1.7446153838153842,0.0,1.4285714285714286,1.7777777777777777,0.0,0.0,181.22931666666665,39.05
-0.006196692903598508,0.0,-0.48,0.5772727272727273,0.0,0.21916666666666676,-0.6959692028985507,0.6095588235294116,0.0,0.0,0.6666666666666666,8.000004772920225e-10,0.0,1.4285714285714286,0.3,0.0,0.0,154.03866666666667,45.87
-1.1860343754366995,0.0,2.008888888888889,-1.3636363636363635,0.0,-0.35,-0.14796195652173896,0.13602941176470587,0.0,0.0,0.6666666666666666,-1.1202484464049687,0.0,2.0,1.7777777777777777,0.0,0.0,155.90365,37.64
-0.7090787168695579,0.0,-0.48,0.5772727272727273,0.0,-0.4925000003333333,-0.6959692028985507,0.6095588235294116,0.0,0.0,0.6666666666666666,-0.2571428565646219,0.0,1.4285714285714286,0.3,0.0,0.0,132.5977556253167,45.57
-0.7090787165403395,0.0,2.008888888888889,-1.3636363636363635,0.0,0.2833333333333333,-0.14796195652173896,0.13602941176470587,0.0,0.0,0.6666666666666666,0.792000000800001,0.0,1.4285714285714286,1.7777777777777777,0.0,0.0,149.27771666666666,44.64
1.0264150978214004,0.0,-0.48,0.6818181818181818,0.0,1.4935000000000003,-0.003034420289854888,-0.22058823529411764,0.0,0.0,0.0,-1.134350797017645,0.0,0.8571428571428571,0.5555555555555556,0.0,0.0,162.335051103625,25.1
-0.11482391473836784,0.0,-0.48,1.1363636363636365,0.0,1.0,-0.45593297101449265,-1.0036764705882353,0.0,0.0,0.3333333333333333,-0.9110977435609018,0.0,-0.14285714285714285,1.6666666666666667,0.0,0.0,148.2664,41.7
-0.07648489526727265,0.0,-0.48,0.45454545454545453,0.0,-0.65,0.631023550724638,-0.9963235294117647,1.0,1.0,1.0,8.000004772920225e-10,0.0,0.5714285714285714,0.0,1.0,1.0,114.43,30.0
0.6966853307331425,0.0,-0.26666666666666666,-0.12727272727272726,0.0,-0.05,-0.2430706521739129,0.3492647058823529,0.5714285714285714,0.0,0.0,8.000004772920225e-10,0.0,0.0,-0.8888888888888888,0.0,0.7142857142857143,107.53,60.0
-0.7090787165403395,0.0,-0.48,0.5772727272727273,0.0,-0.4925000000000002,-0.6959692028985507,0.6095588235294116,0.0,0.0,0.6666666666666666,8.000004772920225e-10,0.0,2.0,0.3,0.0,0.0,142.80872,46.86
-0.3576377047219688,0.0,-0.48,0.13636363636363635,0.0,-0.7833333333333333,0.11924818840579732,0.8786764705882353,0.0,0.0,0.3333333333333333,-0.4628571420571424,0.0,0.8571428571428571,-0.7777777777777778,0.0,0.0,105.87273333333334,24.9
0.6966853307331425,0.0,0.0,-0.21818181818181817,0.0,0.31666666666666665,0.31399456521739155,-0.07720588235294118,0.0,0.0,-0.3333333333333333,-0.9257142849142853,0.0,0.8571428571428571,-0.4444444444444444,0.0,0.0,106.85,43.6
-1.4119607401770802,0.0,2.008888888888889,-1.3636363636363635,0.0,-0.65,-0.14796195652173896,0.13602941176470587,0.0,0.0,0.6666666666666666,0.8100000008000006,0.0,0.8571428571428571,1.7777777777777777,0.0,0.0,116.64818333333332,30.27
1.0481263431762973,0.0,0.12,0.06818181818181818,0.0,1.5166666673333338,0.270969202898551,-0.5110294117647058,1.7142857142857142,0.0,-0.3333333333333333,1.4000005269362452e-09,0.0,-0.14285714285714285,0.5555555555555556,0.0,1.523809523809524,167.13771430935,20.5882
0.8648847254944632,0.0,0.43555555555555553,0.03636363636363636,0.0,0.6833333333333333,-0.387998188405797,-0.6470588235294118,0.0,2.142857142857143,0.0,-1.1828571420571423,0.0,-0.14285714285714285,1.2666666666666666,1.6675931072818235,0.0,138.778,61.8
-0.3576377047219688,0.0,-0.21333333333333335,0.18181818181818182,0.0,-0.31666666666666665,-0.2883605072463767,0.26838235294117646,0.38095238095238093,0.0,0.0,-0.9257142849142853,0.0,-0.14285714285714285,0.0,0.0,0.380952380952381,104.3248,24.717
0.0,0.0,-0.48,0.4409090909090909,0.0,0.0,-0.6959692028985507,0.6102941176470589,0.7561904761904762,0.0,0.3333333333333333,0.009075631052101286,0.0,2.0,-0.03333333333333333,0.0,0.761904761904762,166.3546,40.8805
1.0656983931424313,0.0,0.2311111111111111,-0.2727272727272727,0.0,-0.13333333333333333,0.04225543478260889,-0.15073529411764705,0.0,2.0,0.0,-1.1841929491072354,0.0,-0.14285714285714285,0.0,2.0,0.0,110.646,66.7
-0.1622862976076709,0.0,-0.15555555555555556,-0.02727272727272727,0.0,-0.36666666666666664,0.09207427536231905,0.0,0.0,0.0,-0.4166666666666667,-1.192997987127565,0.0,-0.2857142857142857,-0.36666666666666664,0.0,0.0,85.5151,30.9016
1.1887027472788607,0.0,-0.48,0.45454545454545453,0.0,0.35,0.6763134057971018,-0.5919117647058824,2.2857142857142856,1.3714285714285714,-0.3333333333333333,0.008120301551879996,0.0,1.1428571428571428,0.0,1.3714285714285714,2.2857142857142856,199.5196,51.43
-0.13623365844157193,0.0,-0.48,0.7431818181818182,0.0,0.35,-0.7697916666666664,0.15830882352941156,0.0,0.0,0.0,-0.9257142849142853,0.0,1.7142857142857142,0.7055555555555556,0.0,0.0,156.12918133333335,34.21
-0.006196692903598508,0.0,-0.48,1.0136363636363637,0.0,0.95,-1.0945199275362318,0.04779411764705882,0.49523809523809526,0.0,0.0,-1.3885714277714283,0.0,0.0,1.3666666666666667,0.0,0.37876718565055084,152.33,36.5
-0.5685023118129913,0.0,-0.12444444444444444,0.09090909090909091,0.0,-0.65,-0.20683876811594187,0.3860294117647059,0.5714285714285714,0.22857142857142856,0.6666666666666666,-0.9257142849142853,0.0,-0.22857142857142856,0.0,0.2285714285714286,0.5714285714285714,116.0,45.0
0.83726173546049,0.0,0.32,-0.5454545454545454,0.0,-0.2833333333333333,0.2052989130434785,0.03308823529411765,0.6552380952380952,1.25,0.0,8.000004772920225e-10,0.0,-0.6857142857142857,-0.4444444444444444,1.388888888888889,0.728042328042328,109.08,2.59
-0.3576377047219688,0.0,-0.48,0.13636363636363635,0.0,-0.7833333333333333,0.11924818840579732,0.8786764705882353,0.0,0.0,0.3333333333333333,-0.4628571420571424,0.0,0.8571428571428571,-0.7777777777777778,0.0,0.0,105.87273333333334,24.4
2.603252819847801,0.0,1.12,-0.8181818181818182,0.0,1.0166666666666666,0.37513586956521766,-2.119852941176471,0.0,4.405714285714286,-0.3333333333333333,-0.4628571420571424,0.0,-0.17142857142857143,0.8888888888888888,3.6714285714285713,0.0,132.14992,49.8769
1.0481263425515124,0.0,-0.48,0.2681818181818182,0.0,0.6166666666666667,-0.795606884057971,0.6875,0.34285714285714286,0.0,0.8333333333333334,-1.3885714277714283,0.0,0.0,-0.45555555555555555,0.0,0.3820135296458416,179.93,15.5
0.6966853307331425,0.0,-0.32,0.10909090909090909,0.0,0.31666666666666665,0.31399456521739155,-0.07720588235294118,0.0,0.0,-0.3333333333333333,-0.9257142849142853,0.0,0.8571428571428571,-0.4444444444444444,0.0,0.0,103.4,37.3
0.0,0.0,-0.48,0.4409090909090909,0.0,0.0,-0.6959692028985507,0.6102941176470589,0.7561904761904762,0.0,0.3333333333333333,0.009075631052101286,0.0,1.1428571428571428,-0.03333333333333333,0.0,0.761904761904762,147.1046,33.8365
2.5505366680750465,0.0,1.12,-0.8181818181818182,0.0,1.0166666666666666,0.4036684782608696,-2.104044117647059,0.0,4.3028571428571425,-0.6666666666666666,1.8556749680346007,0.0,-0.17142857142857143,0.8888888888888888,3.585714285714286,0.0,116.31936,26.2869
-1.4119607401770802,0.0,2.008888888888889,-1.3636363636363635,0.0,-0.65,-0.14796195652173896,0.13602941176470587,0.0,0.0,0.6666666666666666,-1.00551724057931,0.0,2.0,1.7777777777777777,0.0,0.0,141.58725,34.44
0.16952381300558644,0.0,1.2977777777777777,-1.3636363636363635,0.0,-0.31666666666666665,0.8755887681159424,-0.7977941176470589,1.1428571428571428,0.8571428571428571,0.0,0.00030377927923306105,0.0,1.7142857142857142,0.0,0.8571428571428572,1.1428571428571428,211.51732666666663,68.63
-0.43573570734827344,0.0,-0.48,0.6818181818181818,0.0,-0.65,0.5857336956521743,-1.0330882352941178,1.0,1.0,1.0,8.000004772920225e-10,0.0,0.5714285714285714,0.5555555555555556,0.888888888888889,0.888888888888889,146.61533333333333,38.3569
-0.17099671539469874,0.0,-0.16444444444444445,-0.07727272727272727,0.0,-0.4666666666666667,0.18718297101449297,0.125,0.0,0.0,-0.4166666666666667,-1.1843697470991592,0.0,-0.2857142857142857,-0.5111111111111111,0.0,0.0,82.82759999999999,35.2748
1.0264150978214004,0.0,-0.48,0.6818181818181818,0.0,1.4935000000000003,-0.003034420289854888,-0.22058823529411764,0.0,0.0,1.0,-1.134350797017645,0.0,0.8571428571428571,0.5555555555555556,0.0,0.0,216.60921510362505,29.2
-0.17099671539469874,0.0,0.6222222222222222,-0.8818181818181818,0.0,-0.4666666666666667,0.18718297101449297,0.125,0.0,0.0,-0.4166666666666667,-1.1843697470991592,0.0,-0.2857142857142857,-0.5111111111111111,0.0,0.0,91.32359999999998,70.5511
0.83726173546049,0.0,0.32,-0.5454545454545454,0.0,-0.2833333333333333,0.2052989130434785,0.03308823529411765,0.8038095238095238,1.25,0.6666666666666666,-0.9257142849142853,0.0,1.1428571428571428,-0.4444444444444444,1.388888888888889,0.893121693121693,139.39,12.99
-0.7090787165403395,0.0,-0.48,0.5772727272727273,0.0,-0.4925000000000002,-0.6959692028985507,0.6095588235294116,0.0,0.0,-0.3333333333333333,8.000004772920225e-10,0.0,1.4285714285714286,0.3,0.0,0.0,110.35046666666668,38.17
0.16952381300558644,0.0,1.2977777777777777,-1.3636363636363635,0.0,-0.31666666666666665,0.8755887681159424,-0.7977941176470589,1.1428571428571428,0.8571428571428571,0.0,0.00030377927923306105,0.0,0.8571428571428571,0.0,0.8571428571428572,1.1428571428571428,195.47566,56.85
-0.7089051654233925,0.0,-0.48,0.4772727272727273,0.0,-0.6206666666666668,-0.5134510869565219,0.6326470588235291,0.0,0.0,1.5,-1.3885714277714283,0.0,0.8571428571428571,0.05555555555555555,0.0,0.0,161.73170933333333,19.33
0.83726173546049,0.0,0.32,-0.5454545454545454,0.0,-0.2833333333333333,0.2052989130434785,0.03308823529411765,0.9523809523809523,1.25,-0.6666666666666666,-0.9257142849142853,0.0,-0.6857142857142857,-0.4444444444444444,1.388888888888889,1.0582010582010581,102.61,9.18
-0.3576377047219688,0.0,-0.3022222222222222,0.2727272727272727,0.0,-0.31666666666666665,-0.2249547101449274,0.3602941176470588,0.0,0.0,0.0,8.000004772920225e-10,0.0,0.8571428571428571,0.0,0.0,0.0,88.61,56.0
1.0704400575875994,0.0,0.19111111111111112,-0.33181818181818185,0.0,-0.2833333333333333,0.09207427536231905,0.0,0.0,1.8857142857142857,0.0,-1.1856751459710368,0.0,-0.14285714285714285,-0.24444444444444444,1.9954648526077097,0.0,105.5116,60.9
0.8606911362483819,0.0,0.32,-0.13636363636363635,0.0,0.23333333333333334,-0.13890398550724622,-0.2977941176470588,0.0,1.8571428571428572,0.0,-1.186403940086699,0.0,-0.14285714285714285,0.5555555555555556,1.6507936507936507,0.0,123.402,70.4
2.1799672240419903,0.0,-0.48,0.22727272727272727,0.0,1.4560000000000002,0.3456974637681162,0.20588235294117646,0.0,0.0,0.0,-1.3885714277714283,0.0,0.8571428571428571,-0.5555555555555556,0.0,0.0,183.1502133333333,32.6
1.5738820962317952,0.0,-0.48,0.22727272727272727,0.0,0.9530000000000001,0.3456974637681162,0.20588235294117646,0.0,0.0,0.6666666666666666,-1.3885714277714283,0.0,0.8571428571428571,-0.5555555555555556,0.0,0.0,187.369427103625,24.1
-0.3576377047219688,0.0,-0.48,0.13636363636363635,0.0,-0.7833333333333333,0.11924818840579732,0.8786764705882353,0.0,0.0,-0.3333333333333333,-0.4628571420571424,0.0,0.8571428571428571,-0.7777777777777778,0.0,0.0,92.39113333333331,18.98
0.3452443189147718,0.0,0.4533333333333333,-0.4090909090909091,0.0,0.5166666666666667,0.4978713768115946,-0.5330882352941176,1.6,0.0,-0.3333333333333333,8.000004772920225e-10,0.0,-0.14285714285714285,0.2222222222222222,0.0,1.523809523809524,142.63968,60.419
0.0,0.0,-0.48,0.4409090909090909,0.0,0.0,-0.6959692028985507,0.6102941176470589,0.7561904761904762,0.0,0.6666666666666666,0.009075631052101286,0.0,1.4285714285714286,-0.03333333333333333,0.0,0.761904761904762,161.33446666666669,35.1859
1.4180642497287448,0.0,-0.48,0.36363636363636365,0.0,0.35,0.6763134057971018,-0.5919117647058824,2.2857142857142856,1.3714285714285714,0.0,0.008120301551879996,0.0,1.1428571428571428,-0.2222222222222222,1.4436090225563911,2.4060150375939853,208.172,49.28
2.8009383889956347,0.0,1.12,-0.8181818181818182,0.0,1.0166666666666666,0.335733695652174,-2.1419117647058825,0.0,4.791428571428571,0.3333333333333333,0.46285714365714337,0.0,-0.17142857142857143,0.8888888888888888,3.992857142857143,0.0,145.40735999999998,57.597
0.6966853308893385,0.0,0.52,-0.3409090909090909,0.0,1.1416666668333335,0.270969202898551,-0.5110294117647058,1.7142857142857142,0.0,-0.3333333333333333,1.127273269016119e-09,0.0,-0.14285714285714285,0.5555555555555556,0.0,1.523809523809524,161.73257143645,48.4967
-0.006236140174920581,0.0,1.1038222222222223,-1.3636363636363635,0.0,-0.3106666661666665,-1.0577445652173914,0.637095588235294,0.33904761904761904,0.0,0.3333333333333333,-0.46285714136441514,0.0,-0.17142857142857143,-0.48488888888888876,0.0,0.3805675373752599,121.25099201199998,70.9148
0.50123641293337,0.0,-0.48,0.37727272727272726,0.0,0.35,-0.700498188405797,0.28308823529411764,0.0,0.0,0.3333333333333333,-0.9257142849142853,0.0,1.7142857142857142,-0.18888888888888888,0.0,0.0,168.29953333333333,33.17
0.6966853307331425,0.0,-0.16,-0.05454545454545454,0.0,0.31666666666666665,0.31399456521739155,-0.07720588235294118,0.0,0.0,-0.3333333333333333,-0.9257142849142853,0.0,0.8571428571428571,-0.4444444444444444,0.0,0.0,105.13,39.6
-0.7090787165403395,0.0,-0.48,0.5772727272727273,0.0,-0.4925000000000002,-0.6959692028985507,0.6095588235294116,0.0,0.0,1.0,8.000004772920225e-10,0.0,0.8571428571428571,0.3,0.0,0.0,123.68369333333334,41.93
-0.006196693528382581,0.0,0.32,-0.13636363636363635,0.0,0.39166666599999994,0.270969202898551,-0.5110294117647058,1.7142857142857142,0.0,-0.3333333333333333,0.0,0.0,0.8571428571428571,0.5555555555555556,0.0,1.523809523809524,162.5806190239833,56.732
2.8218420532053012,0.0,-0.48,-0.00909090909090909,0.0,1.25,-0.5012228260869565,0.9779411764705882,0.5676190476190476,0.0,0.3333333333333333,-1.7518264006466542,0.0,0.8571428571428571,-1.1333333333333333,0.0,0.761904761904762,224.0903333333333,32.21
0.16952381300558644,0.0,1.2977777777777777,-1.3636363636363635,0.0,-0.31666666666666665,0.8755887681159424,-0.7977941176470589,1.1428571428571428,0.8571428571428571,0.3333333333333333,0.6939783730253845,0.0,1.7142857142857142,0.0,0.8571428571428572,1.1428571428571428,172.30461333333335,61.39
-0.7090787165403395,0.0,2.008888888888889,-1.3636363636363635,0.0,0.2833333333333333,-0.14796195652173896,0.13602941176470587,0.0,0.0,0.6666666666666666,0.792000000800001,0.0,0.8571428571428571,1.7777777777777777,0.0,0.0,146.06938333333332,32.76
0.83726173546049,0.0,0.32,-0.5454545454545454,0.0,-0.2833333333333333,0.2052989130434785,0.03308823529411765,0.9523809523809523,1.25,0.6666666666666666,-1.3885714277714283,0.0,1.1428571428571428,-0.4444444444444444,1.388888888888889,1.0582010582010581,153.86,10.16
-1.4119607401770802,0.0,2.008888888888889,-1.3636363636363635,0.0,-0.65,-0.14796195652173896,0.13602941176470587,0.0,0.0,0.6666666666666666,-1.00551724057931,0.0,0.8571428571428571,1.7777777777777777,0.0,0.0,135.17058333333333,35.68
-0.5167808044133066,0.0,-0.48,1.0454545454545454,0.0,0.35,-0.8454257246376812,0.022058823529411766,0.0,0.0,0.3333333333333333,-0.9257142849142853,0.0,1.7142857142857142,1.4444444444444444,0.0,0.0,168.39313333333334,47.24
-1.7586420700275842,0.0,1.2724000000000002,0.4285909090909092,0.0,-0.3458333333333333,-0.6642663043478261,0.6727941176470589,0.0,0.0,0.3333333333333333,-0.027406014237593465,0.0,-0.14285714285714285,4.317555555555556,0.0,0.0,113.42016,58.0
-0.006236140174920581,0.0,1.1038222222222223,-1.3636363636363635,0.0,-0.3106666661666665,-1.0577445652173914,0.637095588235294,0.33904761904761904,0.0,0.0,-0.46285714136441514,0.0,-0.17142857142857143,-0.48488888888888876,0.0,0.3805675373752599,113.06194133895,66.1538
-0.4454979576765615,0.0,-0.48,0.45454545454545453,0.0,-0.9833333333333333,0.8801177536231888,-0.7941176470588235,1.0,1.0,1.0,-0.020124222802484087,0.0,0.5714285714285714,0.0,1.0,1.0,135.07853333333333,17.9032
-0.07648489526727265,0.0,-0.48,0.45454545454545453,0.0,-0.65,0.7895380434782612,-0.8676470588235294,1.0,1.0,1.0,8.000004772920225e-10,0.0,0.5714285714285714,0.0,1.0,1.0,114.76,27.0
-0.09405694585819119,0.0,-0.48,0.45454545454545453,0.0,-0.65,0.7895380434782612,-0.8676470588235294,1.0,1.0,1.0,8.000004772920225e-10,0.0,1.1428571428571428,0.0,1.0,1.0,172.514,37.4018
2.1799672240419903,0.0,-0.48,0.22727272727272727,0.0,1.4560000000000002,0.3456974637681162,0.20588235294117646,0.0,0.0,0.6666666666666666,-1.3885714277714283,0.0,0.8571428571428571,-0.5555555555555556,0.0,0.0,223.9565653333333,36.8
-0.7090787165403395,0.0,-0.48,0.5772727272727273,0.0,-0.4925000000000002,-0.6959692028985507,0.6095588235294116,0.0,0.0,0.0,8.000004772920225e-10,0.0,2.0,0.3,0.0,0.0,129.72544,43.5
-0.006196692903598508,0.0,1.36,-1.3636363636363635,0.0,0.11666666666666667,-0.06644021739130418,0.5183823529411765,0.0,0.0,0.6666666666666666,8.000004772920225e-10,0.0,0.0,0.15555555555555556,0.0,0.0,135.65,54.93
-0.0906932302014306,0.0,0.6711111111111111,0.42727272727272725,0.0,-0.3,-0.8182518115942029,-0.9301470588235294,0.0,3.5714285714285716,-0.3333333333333333,-1.3769999991999997,0.0,-0.14285714285714285,2.811111111111111,2.187705097352877,0.0,99.8424,71.7978
1.0481263427467575,0.0,0.32,-0.5454545454545454,0.0,0.6166666668333335,0.3321105072463771,-0.07426470588235311,1.3714285714285714,0.0,-0.3333333333333333,1.1750003027697988e-09,0.0,0.8571428571428571,-0.4444444444444444,0.0,1.523809523809524,161.92274476978332,52.4471
0.5620210177933931,0.0,0.07555555555555556,0.5,0.0,0.016666666666666666,-0.3472373188405796,-0.9301470588235294,0.0,2.9714285714285715,-0.3333333333333333,-1.20794425007108,0.0,-0.14285714285714285,1.5,2.2216288384512684,0.0,100.7832,34.0664
0.0,0.0,-0.48,0.4409090909090909,0.0,0.0,-0.6959692028985507,0.6102941176470589,0.7561904761904762,0.0,-0.3333333333333333,0.009075631052101286,0.0,1.1428571428571428,-0.03333333333333333,0.0,0.761904761904762,131.47820000000002,28.6809
0.6853485239002912,0.0,0.3466666666666667,-0.09545454545454546,0.0,1.2666666666666666,0.631023550724638,-0.9963235294117647,0.0,0.0,-0.6666666666666666,-0.006340508006261574,0.0,-0.14285714285714285,0.7222222222222222,0.0,0.0,117.9228,35.6808
0.83726173546049,0.0,0.32,-0.5454545454545454,0.0,-0.2833333333333333,0.2052989130434785,0.03308823529411765,0.8038095238095238,1.25,0.0,-0.9257142849142853,0.0,-0.6857142857142857,-0.4444444444444444,1.388888888888889,0.893121693121693,119.53,16.91
-0.11482391473836784,0.0,-0.48,1.1363636363636365,0.0,1.0,-0.45593297101449265,-1.0036764705882353,0.0,0.0,0.0,-0.9110977435609018,0.0,-0.14285714285714285,1.6666666666666667,0.0,0.0,133.7124,36.9
0.83726173546049,0.0,0.32,-0.5454545454545454,0.0,-0.2833333333333333,0.2052989130434785,0.03308823529411765,1.100952380952381,1.25,-0.6666666666666666,-1.3885714277714283,0.0,1.1428571428571428,-0.4444444444444444,1.388888888888889,1.2232804232804233,107.16,8.43
-0.11482391473836784,0.0,-0.48,1.1363636363636365,0.0,1.0,-0.45593297101449265,-1.0036764705882353,0.0,0.0,0.0,-0.9110977435609018,0.0,1.0,1.6666666666666667,0.0,0.0,159.37906666666666,35.41
1.5401437590972313,0.0,-0.48,0.5,0.0,0.2933333333333332,-0.7702445652173912,-0.24485294117647025,0.0,2.262857142857143,0.0,-0.9257142849142853,0.0,0.0,0.1111111111111111,2.207665505226481,0.0,111.9,10.0
-0.7090787165403395,0.0,2.008888888888889,-1.3636363636363635,0.0,0.2833333333333333,-0.14796195652173896,0.13602941176470587,0.0,0.0,0.6666666666666666,-0.9999999991999995,0.0,2.0,1.7777777777777777,0.0,0.0,178.13245,35.78
-0.006196693098843921,0.0,0.32,-0.5454545454545454,0.0,-0.2833333335000001,0.3321105072463771,-0.07426470588235311,1.3714285714285714,0.0,-0.3333333333333333,3.0000043592183703e-10,0.0,0.8571428571428571,-0.4444444444444444,0.0,1.523809523809524,138.5824018968833,61.9637
-0.3576377047219688,0.0,-0.013333333333333334,-0.25,0.0,-0.65,-0.9858242753623189,-0.11029411764705882,0.0,0.0,0.6666666666666666,8.000004772920225e-10,0.0,-0.17142857142857143,-0.5555555555555556,0.0,0.0,92.8432,35.73
-0.3576377047219688,0.0,-0.48,0.45454545454545453,0.0,-0.31666666666666665,-0.2249547101449274,0.3602941176470588,0.0,0.0,0.0,8.000004772920225e-10,0.0,-0.22857142857142856,0.0,0.0,0.0,86.69,28.0
-0.15982060824935337,0.0,-0.18222222222222223,-0.15,0.0,-0.6,0.23700181159420314,0.1801470588235294,0.0,0.0,-0.4166666666666667,-1.1716071420571426,0.0,-0.2857142857142857,-0.7333333333333333,0.0,0.0,78.94239999999999,32.1143
-0.7090787165403395,0.0,-0.48,0.5772727272727273,0.0,-0.4925000000000002,-0.6959692028985507,0.6095588235294116,0.0,0.0,0.6666666666666666,-0.4628571422429667,0.0,1.4285714285714286,0.3,0.0,0.0,135.04529999241666,43.89
0.83726173546049,0.0,0.32,-0.5454545454545454,0.0,-0.2833333333333333,0.2052989130434785,0.03308823529411765,1.100952380952381,1.25,0.0,-1.3885714277714283,0.0,1.1428571428571428,-0.4444444444444444,1.388888888888889,1.2232804232804233,131.98,5.09
0.6966853309231107,0.0,0.3422222222222222,-0.5227272727272727,0.0,0.4083333335000001,0.34293478260869587,-0.11029411764705882,1.4095238095238096,0.0,-0.3333333333333333,-1.0799999989877145,0.0,0.8571428571428571,-0.3333333333333333,0.0,1.523809523809524,164.86557676978333,62.25
1.0479506220456027,0.0,-0.48,0.45454545454545453,0.0,1.0165000000000002,0.015081521739130624,-0.20220588235294118,0.5714285714285714,0.0,0.3333333333333333,-6.750060627896102e-05,0.0,0.8571428571428571,0.0,0.0,0.5714285714285714,168.52707733333332,29.33
-0.3576377047219688,0.0,-0.035555555555555556,0.0,0.0,-0.31666666666666665,-0.18872282608695637,0.4117647058823529,0.38095238095238093,0.0,0.0,-0.020124222802484087,0.0,-0.14285714285714285,0.0,0.0,0.380952380952381,99.2296,38.7337
1.0481263427467575,0.0,0.32,-0.5454545454545454,0.0,0.6166666668333335,0.3321105072463771,-0.07426470588235311,1.3714285714285714,0.0,-0.3333333333333333,1.1750003027697988e-09,0.0,-0.14285714285714285,-0.4444444444444444,0.0,1.523809523809524,139.46441143644998,46.5257
-0.3576377047219688,0.0,-0.3022222222222222,0.2727272727272727,0.0,-0.31666666666666665,-0.2249547101449274,0.3602941176470588,0.0,0.0,0.6666666666666666,8.000004772920225e-10,0.0,-0.22857142857142856,0.0,0.0,0.0,102.61,40.0
0.6966853307331425,0.0,0.0,-0.21818181818181817,0.0,0.31666666666666665,0.31399456521739155,-0.07720588235294118,0.0,0.0,-0.3333333333333333,8.000004772920225e-10,0.0,0.0,-0.4444444444444444,0.0,0.0,101.13,41.1
0.5209648248239571,0.0,1.2977777777777777,-1.3636363636363635,0.0,0.016666666666666666,0.7940670289855076,-0.8639705882352942,1.1428571428571428,0.8571428571428571,0.3333333333333333,-0.69410891549379,0.0,0.8571428571428571,0.0,0.8571428571428572,1.1428571428571428,220.54424,49.29
0.23353935183313826,0.0,0.4288888888888889,-0.4340909090909091,0.0,-0.6,-0.6869112318840579,0.6580882352941176,0.0,1.5714285714285714,0.0,-0.011289197806271311,0.0,-0.14285714285714285,0.1,1.53684945860985,0.0,88.4052,53.5
-0.002334703762737699,0.0,-0.48,0.2909090909090909,0.0,-0.25,-0.628034420289855,0.7352941176470589,0.6933333333333334,0.0,0.0,-0.009848023516108395,0.0,0.8571428571428571,-0.4,0.0,0.761904761904762,124.71313333333332,36.5875
2.610574507594017,0.0,1.12,-0.8181818181818182,0.0,1.0183333333333333,0.4290307971014494,-2.090441176470588,0.0,4.417142857142857,-1.0,1.3808731816731816,0.0,-0.17142857142857143,0.8888888888888888,3.680952380952381,0.0,109.47928,16.8676
-0.7090787165403395,0.0,-0.48,0.5772727272727273,0.0,-0.4925000000000002,-0.6959692028985507,0.6095588235294116,0.0,0.0,0.0,8.000004772920225e-10,0.0,0.8571428571428571,0.3,0.0,0.0,104.05877333333332,39.21
-0.008555357412446979,0.0,-0.48,-0.00909090909090909,0.0,-0.75,-0.5012228260869565,0.9779411764705882,0.5676190476190476,0.0,-0.3333333333333333,0.024360903055639448,0.0,0.8571428571428571,-1.1333333333333333,0.0,0.761904761904762,102.14313333333334,27.5311
-0.3576377047219688,0.0,-0.3022222222222222,0.2727272727272727,0.0,-0.31666666666666665,-0.2249547101449274,0.3602941176470588,0.0,0.0,0.0,-0.4628571420571424,0.0,-0.22857142857142856,0.0,0.0,0.0,91.7,35.0
0.6966853307331425,0.0,-0.48,0.5818181818181818,0.0,0.95,-0.9677083333333334,0.3014705882352941,0.4095238095238095,0.0,0.8333333333333334,-1.3885714277714283,0.0,0.0,0.3111111111111111,0.0,0.3827325322652425,195.92,33.0
1.0479506220456027,0.0,-0.48,0.45454545454545453,0.0,1.0165000000000002,0.015081521739130624,-0.20220588235294118,0.5714285714285714,0.0,0.0,-6.750060627896102e-05,0.0,0.8571428571428571,0.0,0.0,0.5714285714285714,158.02215333333334,27.02
-0.7090787165403395,0.0,-0.21333333333333335,0.18181818181818182,0.0,-0.65,-0.2249547101449274,0.3602941176470588,0.38095238095238093,0.0,0.0,-0.4825531906893612,0.0,-0.14285714285714285,0.0,0.0,0.380952380952381,90.41,29.6205
-0.030094681707247793,0.0,-0.48,0.6818181818181818,0.0,0.36616666666666664,-0.003034420289854888,-0.22058823529411764,0.0,0.0,0.6666666666666666,-1.1352279661645883,0.0,0.8571428571428571,0.5555555555555556,0.0,0.0,167.98136933333333,34.5
0.83726173546049,0.0,0.32,-0.5454545454545454,0.0,-0.2833333333333333,0.2052989130434785,0.03308823529411765,0.6552380952380952,1.25,-0.6666666666666666,8.000004772920225e-10,0.0,1.1428571428571428,-0.4444444444444444,1.388888888888889,0.728042328042328,94.9,0.96
-0.2521515817259499,0.0,0.6711111111111111,0.42727272727272725,0.0,-0.55,-0.8182518115942029,-0.9301470588235294,0.0,3.5714285714285716,-0.3333333333333333,-1.1607032959032964,0.0,-0.14285714285714285,2.811111111111111,2.187705097352877,0.0,90.6504,32.6966
-0.09405694585819119,0.0,-0.48,0.45454545454545453,0.0,-0.65,0.7895380434782612,-0.8676470588235294,1.0,1.0,0.3333333333333333,8.000004772920225e-10,0.0,0.5714285714285714,0.0,1.0,1.0,134.59133333333332,18.7985
1.0481263431762973,0.0,0.52,-0.3409090909090909,0.0,1.5166666673333338,0.270969202898551,-0.5110294117647058,1.7142857142857142,0.0,-0.3333333333333333,1.4000005269362452e-09,0.0,-0.14285714285714285,0.5555555555555556,0.0,1.523809523809524,171.45771430935,47.5817
-0.3576377047219688,0.0,0.05333333333333334,-0.09090909090909091,0.0,-0.31666666666666665,-0.2249547101449274,0.3602941176470588,0.0,0.0,0.0,8.000004772920225e-10,0.0,-0.22857142857142856,0.0,0.0,0.0,92.45,56.0
-0.09405694585819119,0.0,-0.48,0.45454545454545453,0.0,-0.65,0.7895380434782612,-0.8676470588235294,1.0,1.0,1.0,0.747692308492308,0.0,0.5714285714285714,0.0,1.0,1.0,140.35533333333333,35.5177
-0.7090787165403395,0.0,-0.48,0.5772727272727273,0.0,-0.4925000000000002,-0.6959692028985507,0.6095588235294116,0.0,0.0,0.6666666666666666,8.000004772920225e-10,0.0,0.8571428571428571,0.3,0.0,0.0,117.14205333333334,47.58
0.6853485239002912,0.0,0.3466666666666667,-0.09545454545454546,0.0,1.2666666666666666,-0.8907155797101449,0.23897058823529413,0.0,0.0,-0.6666666666666666,-0.006340508006261574,0.0,-0.14285714285714285,0.7222222222222222,0.0,0.0,117.9228,50.8922
0.8021176342786529,0.0,0.2311111111111111,-0.2727272727272727,0.0,-0.13333333333333333,0.08754528985507266,-0.003676470588235294,0.0,1.5714285714285714,0.0,-1.1841929491072354,0.0,-0.14285714285714285,0.0,1.5714285714285716,0.0,110.886,69.1
0.0,0.0,-0.48,0.4409090909090909,0.0,0.0,-0.6959692028985507,0.6102941176470589,0.7561904761904762,0.0,-0.3333333333333333,0.009075631052101286,0.0,1.7142857142857142,-0.03333333333333333,0.0,0.761904761904762,144.31153333333333,34.2404
-0.7090787165403395,0.0,-0.48,0.5772727272727273,0.0,-0.4925000000000002,-0.6959692028985507,0.6095588235294116,0.0,0.0,-0.3333333333333333,8.000004772920225e-10,0.0,0.2857142857142857,0.3,0.0,0.0,84.68379999999999,33.86
0.0,0.0,-0.48,0.4409090909090909,0.0,0.0,-0.6959692028985507,0.6102941176470589,0.7561904761904762,0.0,0.0,0.009075631052101286,0.0,0.8571428571428571,-0.03333333333333333,0.0,0.761904761904762,132.87473333333332,27.4779
-0.3576377047219688,0.0,-0.12444444444444444,0.09090909090909091,0.0,-0.31666666666666665,-0.24759963768115928,0.3382352941176471,0.38095238095238093,0.0,0.0,-0.4453908347795142,0.0,-0.14285714285714285,0.0,0.0,0.380952380952381,100.9532,41.8978
0.3452443189147718,0.0,-0.48,0.7727272727272727,0.0,0.95,-1.0265851449275363,0.18382352941176472,0.44761904761904764,0.0,0.0,-1.3885714277714283,0.0,0.0,0.7777777777777778,0.0,0.380952380952381,151.43,32.0
-0.006236140766637857,0.0,1.1038222222222223,-1.3636363636363635,0.0,-0.3106666666666664,-1.0577445652173914,0.637095588235294,0.33904761904761904,0.0,0.0,-0.9257142849142855,0.0,-0.17142857142857143,-0.48488888888888876,0.0,0.3805675373752599,117.40235199999998,50.7692
0.8724058366423271,0.0,1.2977777777777777,-1.3636363636363635,0.0,0.35,0.7125452898550728,-0.9301470588235294,1.1428571428571428,0.8571428571428571,0.6666666666666666,0.00016200890040570317,0.0,0.8571428571428571,0.0,0.8571428571428572,1.1428571428571428,231.678336,40.58
1.0481263425515124,0.0,0.08,-0.02727272727272727,0.0,1.2166666666666666,0.2943848958333333,-0.36790509191176485,1.6,0.0,-0.3333333333333333,8.000004772920225e-10,0.0,-0.14285714285714285,0.2222222222222222,0.0,1.523809523809524,156.76128,25.11
-0.07648489526727265,0.0,-0.48,0.45454545454545453,0.0,-0.65,0.8801177536231888,-0.7941176470588235,1.0,1.0,1.0,8.000004772920225e-10,0.0,0.5714285714285714,0.0,1.0,1.0,114.96,18.0
0.6966853307331425,0.0,0.08,-0.02727272727272727,0.0,0.8666666666666667,0.2943848958333333,-0.36790509191176485,1.6,0.0,-0.3333333333333333,8.000004772920225e-10,0.0,-0.14285714285714285,0.2222222222222222,0.0,1.523809523809524,147.68448,26.17
-0.7090787165403395,0.0,-0.035555555555555556,0.0,0.0,-0.65,-0.13437499999999986,0.4963235294117647,0.38095238095238093,0.0,0.0,-0.4825531906893612,0.0,-0.14285714285714285,0.0,0.0,0.380952380952381,92.6036,48.6402
0.6263971283694684,0.0,0.32,-0.13636363636363635,0.0,0.23333333333333334,-0.04832427536231867,-0.22426470588235295,0.0,1.4285714285714286,0.0,-1.186403940086699,0.0,-0.14285714285714285,0.5555555555555556,1.2698412698412698,0.0,123.594,72.3
0.6966853301474074,0.0,0.16,-0.38181818181818183,0.0,0.3166666661666667,0.3321105072463771,-0.07426470588235311,1.3714285714285714,0.0,-0.3333333333333333,3.9090979596169617e-10,0.0,-0.14285714285714285,-0.4444444444444444,0.0,1.523809523809524,129.95629712710002,46.7372
-1.4370636695926782,0.0,2.008888888888889,-1.3636363636363635,0.0,-0.6833333333333333,-0.14796195652173896,0.13602941176470587,0.0,0.0,0.6666666666666666,-1.7191836726693874,0.0,1.4285714285714286,1.7777777777777777,0.0,0.0,156.18131666666665,37.65
-1.0605197283587098,0.0,2.008888888888889,-1.3636363636363635,0.0,-0.18333333333333332,-0.14796195652173896,0.13602941176470587,0.0,0.0,0.6666666666666666,0.747692308492308,0.0,0.8571428571428571,1.7777777777777777,0.0,0.0,131.71498333333332,33.47
-0.006196693098843921,0.0,0.32,-0.5454545454545454,0.0,-0.2833333335000001,0.3321105072463771,-0.07426470588235311,1.3714285714285714,0.0,-0.3333333333333333,3.0000043592183703e-10,0.0,-0.14285714285714285,-0.4444444444444444,0.0,1.523809523809524,116.12406856355,55.4079
1.0481263425515124,0.0,0.14222222222222222,-0.4090909090909091,0.0,-0.48333333333333334,0.223414855072464,0.16176470588235295,0.0,1.7142857142857142,0.0,-1.1979831924773106,0.0,-0.14285714285714285,-0.5555555555555556,1.959183673469388,0.0,98.872,60.4
0.6853485239002912,0.0,0.6222222222222222,0.32727272727272727,0.0,2.683333333333333,-1.2168025362318842,-0.3786764705882353,0.0,0.0,-0.6666666666666666,0.004771723922239047,0.0,-0.14285714285714285,2.4444444444444446,0.0,0.0,153.35719999999998,31.0011
1.1887027472788607,0.0,-0.48,0.45454545454545453,0.0,0.35,0.6763134057971018,-0.5919117647058824,1.1428571428571428,1.3714285714285714,0.3333333333333333,0.008120301551879996,0.0,1.1428571428571428,0.0,1.3714285714285714,1.1428571428571428,194.4244,44.69
0.6966853307331425,0.0,0.26666666666666666,-0.21818181818181817,0.0,0.8666666666666667,0.4978713768115946,-0.5330882352941176,1.6,0.0,-0.3333333333333333,8.000004772920225e-10,0.0,0.8571428571428571,0.2222222222222222,0.0,1.523809523809524,172.1588133333333,58.8547
2.5651800435674788,0.0,1.12,-0.8181818181818182,0.0,1.0150000000000001,0.4086503623188407,-2.101470588235294,0.0,4.334285714285714,-0.6666666666666666,0.0020271123745573155,0.0,-0.17142857142857143,0.8888888888888888,3.611904761904762,0.0,118.77204,36.9526
-0.3576377047219688,0.0,-0.48,0.22727272727272727,0.0,-0.65,-0.9858242753623189,-0.11029411764705882,0.0,0.0,0.6666666666666666,8.000004772920225e-10,0.0,-0.17142857142857143,-0.5555555555555556,0.0,0.0,87.8032,23.4
-0.7089051654233925,0.0,-0.03,0.017045454545454544,0.0,-0.6206666666666668,-0.5134510869565219,0.6326470588235291,0.0,0.0,1.6666666666666667,-1.3885714277714283,0.0,0.8571428571428571,0.05555555555555555,0.0,0.0,172.02111733333334,41.04
1.0877253297986527,0.0,0.1511111111111111,-0.39545454545454545,0.0,-0.43333333333333335,0.18718297101449297,0.125,0.0,1.7714285714285714,0.0,-1.1873291917465834,0.0,-0.14285714285714285,-0.5,1.9959758551307847,0.0,100.3876,56.3
0.8724058366423271,0.0,1.2977777777777777,-1.3636363636363635,0.0,0.35,0.7125452898550728,-0.9301470588235294,1.1428571428571428,0.8571428571428571,0.3333333333333333,0.00016200890040570317,0.0,0.0,0.0,0.8571428571428572,1.1428571428571428,161.96615466666665,56.49
-0.7090787165403395,0.0,-0.48,0.5772727272727273,0.0,-0.4925000000000002,-0.6959692028985507,0.6095588235294116,0.0,0.0,0.6666666666666666,8.000004772920225e-10,0.0,0.8571428571428571,0.3,0.0,0.0,117.14205333333334,43.54
0.824482062303459,0.0,-0.48,0.45454545454545453,40.0,0.38333333333333336,0.6763134057971018,-0.5919117647058824,2.2857142857142856,1.3714285714285714,0.3333333333333333,-0.07060532607651265,0.0,1.1428571428571428,0.4444444444444444,1.2467532467532467,2.0779220779220777,219.3828,55.02
0.9979204837203168,0.0,-0.48,0.45454545454545453,20.0,0.36666666666666664,0.6763134057971018,-0.5919117647058824,2.2857142857142856,1.3714285714285714,0.0,-0.03192118146600924,0.0,1.1428571428571428,0.2222222222222222,1.306122448979592,2.17687074829932,209.298,53.38
0.6155835587750565,0.0,1.2533333333333334,-1.3636363636363635,0.0,0.5166666666666667,-0.11625905797101434,-0.29044117647058826,0.0,0.0,0.3333333333333333,8.000004772920225e-10,0.0,-0.17142857142857143,-0.1111111111111111,0.0,0.0,137.6256,43.17
-0.7090787165403395,0.0,-0.3022222222222222,0.2727272727272727,0.0,-0.65,-0.2249547101449274,0.3602941176470588,0.0,0.0,0.0,8.000004772920225e-10,0.0,-0.22857142857142856,0.0,0.0,0.0,79.09,45.5
-0.20909602131941124,0.0,0.6711111111111111,0.42727272727272725,0.0,-0.48333333333333334,-1.1715126811594203,-0.625,0.0,3.5714285714285716,-0.3333333333333333,-1.2275776389515523,0.0,-0.14285714285714285,2.811111111111111,2.187705097352877,0.0,93.1256,44.4303
0.6966853307331425,0.0,0.4533333333333333,-0.4090909090909091,0.0,0.8666666666666667,0.4978713768115946,-0.5330882352941176,1.6,0.0,-0.3333333333333333,8.000004772920225e-10,0.0,0.8571428571428571,0.2222222222222222,0.0,1.523809523809524,174.17481333333333,52.0112
0.20466791418742353,0.0,0.4288888888888889,-0.4340909090909091,0.0,-0.6,-0.6642663043478261,-1.2316176470588236,0.0,1.5714285714285714,0.0,8.000004772920225e-10,0.0,0.0,0.1,1.53684945860985,0.0,85.9,33.5
-0.006196692903598508,0.0,1.36,-1.3636363636363635,0.0,0.11666666666666667,-0.06644021739130418,0.5183823529411765,0.0,0.0,-0.3333333333333333,8.000004772920225e-10,0.0,0.0,0.15555555555555556,0.0,0.0,111.22,48.04
-0.3576377047219688,0.0,0.05333333333333334,-0.09090909090909091,0.0,-0.31666666666666665,-0.220425724637681,0.3639705882352941,0.38095238095238093,0.0,0.0,-0.4453908347795142,0.0,-0.14285714285714285,0.0,0.0,0.380952380952381,102.9356,56.4599
-0.11222101040469955,0.0,0.6711111111111111,0.42727272727272725,0.0,0.016666666666666666,-1.1715126811594203,-0.625,0.0,2.9714285714285715,-0.3333333333333333,-1.20794425007108,0.0,-0.14285714285714285,2.811111111111111,1.8201706409975935,0.0,107.212,52.6417
-0.006196692903598508,0.0,0.08,-0.02727272727272727,0.0,0.16666666666666666,0.4978713768115946,-0.5330882352941176,1.6,0.0,-0.3333333333333333,8.000004772920225e-10,0.0,0.8571428571428571,0.2222222222222222,0.0,1.523809523809524,151.98921333333334,40.4749
-0.11482391473836784,0.0,-0.48,1.1363636363636365,0.0,1.0,-0.45593297101449265,-1.0036764705882353,0.0,0.0,0.3333333333333333,-0.9110977435609018,0.0,1.0,1.6666666666666667,0.0,0.0,173.93306666666666,42.15
-0.6884057158451413,0.0,-0.11733333333333336,0.1199999999999999,0.0,-0.5833333333333334,-0.6642663043478261,0.6727941176470589,0.5828571428571429,0.0,-0.3333333333333333,0.011289199406272266,0.0,-0.14285714285714285,0.08888888888888889,0.0,0.5714285714285714,88.1296,34.32
-0.13984327486269732,0.0,0.1511111111111111,-0.39545454545454545,0.0,-0.43333333333333335,0.18718297101449297,0.125,0.0,0.0,-0.4166666666666667,-1.1873291917465834,0.0,-0.2857142857142857,-0.5,0.0,0.0,87.1741,56.2186
0.6088250777785494,0.0,-0.48,0.45454545454545453,0.0,0.016666666666666666,0.631023550724638,-0.9963235294117647,1.0,1.0,1.0,-0.004493757868515677,0.0,0.5714285714285714,0.0,1.0,1.0,170.86573333333334,30.0
-0.00513493758088429,0.0,0.6977777777777778,0.4409090909090909,0.0,1.9833333333333334,-1.2168025362318842,-0.3786764705882353,0.0,0.0,-0.6666666666666666,0.005445378951260962,0.0,-0.14285714285714285,2.911111111111111,0.0,0.0,138.02599999999998,36.2842
1.1887027472788607,0.0,-0.48,0.45454545454545453,0.0,0.35,0.6763134057971018,-0.5919117647058824,1.9047619047619047,1.3714285714285714,0.3333333333333333,0.008120301551879996,0.0,1.1428571428571428,0.0,1.3714285714285714,1.9047619047619049,209.4644,48.9
-0.014369739690072799,0.0,-0.48,0.5909090909090909,0.0,0.23333333333333334,-0.759375,0.4852941176470588,0.819047619047619,0.0,0.0,0.008415585215585051,0.0,0.8571428571428571,0.3333333333333333,0.0,0.761904761904762,140.68113333333332,33.9639
1.7460931072817025,0.0,-0.48,-0.06363636363636363,0.0,0.35,-1.4930706521739132,1.5514705882352942,0.0,0.0,1.0,-0.9257142849142853,0.0,0.8571428571428571,-1.2666666666666666,0.0,0.0,173.98953333333333,33.41
0.6966853307331425,0.0,-0.3377777777777778,-0.05454545454545454,0.0,-0.05,-0.2430706521739129,0.3492647058823529,0.5714285714285714,0.0,0.0,8.000004772920225e-10,0.0,0.0,-0.8888888888888888,0.0,0.7142857142857143,106.77,55.0
1.6060138458837603,0.0,-0.48,0.22727272727272727,0.0,-0.35833333333333334,0.0,-0.22058823529411764,0.0,2.2937142857142856,0.0,8.000004772920225e-10,0.0,2.0,-0.5555555555555556,2.6213877551020413,0.0,132.903016,29.812216
-0.20909602131941124,0.0,0.6711111111111111,0.42727272727272725,0.0,-0.48333333333333334,-0.4695199275362318,-1.2316176470588236,0.0,3.5714285714285716,-0.3333333333333333,-1.2275776389515523,0.0,-0.14285714285714285,2.811111111111111,2.187705097352877,0.0,93.0776,53.7883
-0.006196692903598508,0.0,-0.48,0.8090909090909091,0.0,0.6166666666666667,-0.9495923913043478,0.3713235294117647,0.45714285714285713,0.0,0.8333333333333334,-1.3885714277714283,0.0,0.0,0.8666666666666667,0.0,0.38254632396891813,182.08,31.0
-0.15681426939718646,0.0,0.6088888888888889,-0.8863636363636364,0.0,-0.48333333333333334,0.09207427536231905,0.0,0.0,0.0,-0.4166666666666667,-1.1979831924773106,0.0,-0.2857142857142857,-0.5555555555555556,0.0,0.0,90.5396,64.8256
0.38099089040258294,0.0,-0.48,0.22727272727272727,0.0,-0.036999999999999984,0.3456974637681162,0.20588235294117646,0.0,0.0,1.0,-1.3885714277714283,0.0,0.8571428571428571,-0.5555555555555556,0.0,0.0,173.34071733333334,29.9
0.22639953230952564,0.0,-0.48,0.5181818181818182,0.0,0.11666666666666667,-0.7276721014492753,0.5477941176470589,0.5523809523809524,0.4,-0.3333333333333333,0.008733154438814596,0.0,-0.14285714285714285,0.15555555555555556,0.3864734299516908,0.5337014032666206,101.5584,26.2238
-0.3576377047219688,0.0,-0.12444444444444444,0.09090909090909091,0.0,-0.31666666666666665,-0.2249547101449274,0.3602941176470588,0.0,0.0,0.0,8.000004772920225e-10,0.0,-0.22857142857142856,0.0,0.0,0.0,90.53,45.0
-0.11482391473836784,0.0,-0.48,1.1363636363636365,0.0,1.0,-0.45593297101449265,-1.0036764705882353,0.0,0.0,-0.3333333333333333,-0.9110977435609018,0.0,-0.14285714285714285,1.6666666666666667,0.0,0.0,119.1584,35.4
-0.1623926981562082,0.0,-0.48,0.6818181818181818,0.0,-0.35833333333333334,0.5857336956521743,-1.0330882352941178,1.0,1.0,1.0,8.000004772920225e-10,0.0,0.5714285714285714,0.5555555555555556,0.888888888888889,0.888888888888889,157.24333333333334,43.5984
-0.0263700440351667,0.0,-0.48,0.1409090909090909,0.0,-0.5166666666666667,-0.5646286231884057,0.8566176470588235,0.6304761904761905,0.0,0.0,0.022040817126531425,0.0,0.8571428571428571,-0.7666666666666667,0.0,0.761904761904762,115.77593333333331,33.5492
0.16952381300558644,0.0,1.2977777777777777,-1.3636363636363635,0.0,-0.31666666666666665,0.8755887681159424,-0.7977941176470589,1.1428571428571428,0.8571428571428571,0.6666666666666666,0.00030377927923306105,0.0,0.8571428571428571,0.0,0.8571428571428572,1.1428571428571428,164.56453733333333,68.76
-0.3576377047219688,0.0,0.29777777777777775,-0.5681818181818182,0.0,-0.65,-0.9858242753623189,-0.11029411764705882,0.0,0.0,0.6666666666666666,8.000004772920225e-10,0.0,-0.17142857142857143,-0.5555555555555556,0.0,0.0,96.2032,39.23
-0.14464315210477482,0.0,0.10666666666666667,-0.4636363636363636,0.0,-0.6166666666666667,0.23700181159420314,0.1801470588235294,0.0,0.0,-0.4166666666666667,-1.1860714277714282,0.0,-0.2857142857142857,-0.7777777777777778,0.0,0.0,81.68639999999999,36.1373
2.6867200601546646,0.0,1.12,-0.8181818181818182,0.0,1.0166666666666666,0.34388586956521777,-2.1374999999999997,0.0,4.5685714285714285,0.0,-0.4628571420571424,0.0,-0.17142857142857143,0.8888888888888888,3.8071428571428574,0.0,144.34976,57.8378
-0.3576377047219688,0.0,-0.48,0.13636363636363635,0.0,-0.7833333333333333,0.11924818840579732,0.8786764705882353,0.0,0.0,-0.3333333333333333,-0.4628571420571424,0.0,0.8571428571428571,-0.7777777777777778,0.0,0.0,92.39113333333331,16.5
-0.14677309763094679,0.0,-0.48,0.45454545454545453,0.0,-0.65,0.8121829710144931,-0.8492647058823529,1.0,0.8571428571428571,1.0,8.000004772920225e-10,0.0,0.5714285714285714,0.0,0.8571428571428572,1.0,114.81,33.0
-0.12298490050633422,0.0,0.6711111111111111,0.42727272727272725,0.0,-0.35,-0.8182518115942029,-0.9301470588235294,0.0,3.5714285714285716,-0.3333333333333333,-0.6739849616060144,0.0,-0.14285714285714285,2.811111111111111,2.187705097352877,0.0,92.948,49.7297
-1.4119607401770802,0.0,2.008888888888889,-1.3636363636363635,0.0,-0.65,-0.14796195652173896,0.13602941176470587,0.0,0.0,0.6666666666666666,-1.00551724057931,0.0,1.4285714285714286,1.7777777777777777,0.0,0.0,138.37891666666667,32.98
0.5209648248239571,0.0,1.2977777777777777,-1.3636363636363635,0.0,0.016666666666666666,0.7940670289855076,-0.8639705882352942,1.1428571428571428,0.8571428571428571,0.6666666666666666,0.6945589483459613,0.0,0.0,0.0,0.8571428571428572,1.1428571428571428,156.36474,78.01
-0.7089051654233925,0.0,-0.48,0.4772727272727273,0.0,-0.6206666666666668,-0.5134510869565219,0.6326470588235291,0.0,0.0,0.6666666666666666,-1.3885714277714283,0.0,-0.17142857142857143,0.05555555555555555,0.0,0.0,112.126336,14.66
-0.7090787165403395,0.0,-0.48,0.5772727272727273,0.0,-0.4925000000000002,-0.6959692028985507,0.6095588235294116,0.0,0.0,0.0,8.000004772920225e-10,0.0,0.2857142857142857,0.3,0.0,0.0,91.22544,37.63
-0.15943598526304487,0.0,0.2,-0.3181818181818182,0.0,-0.25,0.09207427536231905,0.0,0.0,0.0,-0.4166666666666667,-1.188416987616988,0.0,-0.2857142857142857,-0.18888888888888888,0.0,0.0,92.5826,57.9994
0.6966853307331425,0.0,-0.32,0.10909090909090909,0.0,0.31666666666666665,0.31399456521739155,-0.07720588235294118,0.0,0.0,-0.3333333333333333,8.000004772920225e-10,0.0,0.8571428571428571,-0.4444444444444444,0.0,0.0,97.68,35.13
-0.006196692903598508,0.0,-0.48,0.8090909090909091,0.0,0.6166666666666667,-0.9541213768115943,0.36764705882352944,0.45714285714285713,0.0,0.0,-1.3885714277714283,0.0,0.0,0.8666666666666667,0.0,0.38254632396891813,140.71,25.5
2.4890344910068314,0.0,0.05333333333333334,-0.09090909090909091,0.0,0.35,-0.09361413043478244,-0.07352941176470588,0.45714285714285713,3.4857142857142858,0.6666666666666666,-0.9257142849142853,0.0,-0.17142857142857143,0.0,3.4857142857142858,0.4571428571428572,153.8768,56.42
2.102449378006624,0.0,-0.48,-0.09090909090909091,0.0,0.5166666666666667,-0.6325634057971014,0.7279411764705882,0.0,0.0,0.3333333333333333,-0.9257142849142853,0.0,1.4285714285714286,-1.3333333333333333,0.0,0.0,167.96046666666666,49.1
-0.7090787165403395,0.0,-0.12444444444444444,0.09090909090909091,0.0,-0.65,-0.17966485507246363,0.4264705882352941,0.38095238095238093,0.0,0.0,-0.4825531906893612,0.0,-0.14285714285714285,0.0,0.0,0.380952380952381,91.5044,41.1887
-0.3576377047219688,0.0,-0.3022222222222222,0.2727272727272727,0.0,-0.31666666666666665,-0.2249547101449274,0.3602941176470588,0.0,0.0,0.0,8.000004772920225e-10,0.0,-0.22857142857142856,0.0,0.0,0.0,88.61,35.0
0.3452443189147718,0.0,-0.48,0.5909090909090909,0.0,0.6166666666666667,-0.8907155797101449,0.49264705882352944,0.4095238095238095,0.0,0.0,-1.3885714277714283,0.0,0.0,0.3333333333333333,0.0,0.380952380952381,139.81,27.0
0.5209648248239571,0.0,1.2977777777777777,-1.3636363636363635,0.0,0.016666666666666666,0.7940670289855076,-0.8639705882352942,1.1428571428571428,0.8571428571428571,0.0,0.6945589483459613,0.0,0.8571428571428571,0.0,0.8571428571428572,1.1428571428571428,156.22203333333334,42.73
-0.7090787165403395,0.0,-0.48,0.5772727272727273,0.0,-0.4925000000000002,-0.6959692028985507,0.6095588235294116,0.0,0.0,0.3333333333333333,8.000004772920225e-10,0.0,0.2857142857142857,0.3,0.0,0.0,97.76708,40.33
0.6966853307331425,0.0,-0.16,-0.05454545454545454,0.0,0.31666666666666665,0.31399456521739155,-0.07720588235294118,0.0,0.0,-0.3333333333333333,8.000004772920225e-10,0.0,0.8571428571428571,-0.4444444444444444,0.0,0.0,99.41,37.6
0.3452443189147718,0.0,0.26666666666666666,-0.21818181818181817,0.0,0.5166666666666667,0.4978713768115946,-0.5330882352941176,1.6,0.0,-0.3333333333333333,8.000004772920225e-10,0.0,-0.14285714285714285,0.2222222222222222,0.0,1.523809523809524,140.62367999999998,51.4246
-0.11482391473836784,0.0,-0.48,1.1363636363636365,0.0,1.0,-0.45593297101449265,-1.0036764705882353,0.0,0.0,0.6666666666666666,-0.9110977435609018,0.0,-0.14285714285714285,1.6666666666666667,0.0,0.0,162.8204,38.5
1.885961714726507,0.0,-0.48,0.0,0.0,-0.23333333333333334,0.23378623188405803,0.06411764705882372,0.0,1.4502857142857142,0.0,0.00019637633791238127,0.0,2.0,-1.1111111111111112,1.9337142857142857,0.0,136.891344,31.38128
0.22639953230952564,0.0,-0.48,0.5181818181818182,0.0,0.11666666666666667,-0.7276721014492753,0.5477941176470589,0.5523809523809524,0.4,-0.3333333333333333,0.008733154438814596,0.0,0.8571428571428571,0.15555555555555556,0.3864734299516908,0.5337014032666206,124.01673333333332,14.6454
-0.7090787165403395,0.0,-0.48,0.5772727272727273,0.0,-0.4925000000000002,-0.6959692028985507,0.6095588235294116,0.0,0.0,0.3333333333333333,8.000004772920225e-10,0.0,1.4285714285714286,0.3,0.0,0.0,123.43374666666668,44.47
0.3452443189147718,0.0,-0.48,0.45454545454545453,0.0,0.35,-1.6153532608695653,1.1323529411764706,0.38095238095238093,0.0,1.0,-0.9257142849142853,0.0,0.8571428571428571,0.0,0.0,0.380952380952381,181.2887333333333,45.95
0.7047830499642461,0.0,-0.48,0.045454545454545456,0.0,-0.1357142856666665,-0.23401268115942014,0.34191176470588236,0.5904761904761905,0.0,0.0,-0.002706766252473111,0.0,1.4285714285714286,-1.0,0.0,0.761904761904762,138.42663808976667,44.876
-0.030094681707247793,0.0,-0.48,0.6818181818181818,0.0,0.36616666666666664,-0.003034420289854888,-0.22058823529411764,0.0,0.0,0.0,-1.1352279661645883,0.0,0.8571428571428571,0.5555555555555556,0.0,0.0,140.8986733333333,31.2
-0.006196692903598508,0.0,1.36,-1.3636363636363635,0.0,0.11666666666666667,-0.06644021739130418,0.5183823529411765,0.0,0.0,0.0,8.000004772920225e-10,0.0,0.0,0.15555555555555556,0.0,0.0,119.37,50.14
0.6966853301474074,0.0,0.16,-0.38181818181818183,0.0,0.3166666661666667,0.3321105072463771,-0.07426470588235311,1.3714285714285714,0.0,-0.3333333333333333,3.9090979596169617e-10,0.0,0.8571428571428571,-0.4444444444444444,0.0,1.523809523809524,152.41463046043333,53.2931
-0.09405694585819119,0.0,-0.48,0.45454545454545453,0.0,-0.65,0.7895380434782612,-0.8676470588235294,1.0,1.0,1.0,8.000004772920225e-10,0.0,0.5714285714285714,0.0,1.0,1.0,146.84733333333332,27.526
0.6966853307331425,0.0,-0.48,0.4954545454545455,0.0,0.7833333333333333,-0.9043025362318841,0.4411764705882353,0.3904761904761904,0.0,0.0,-1.3885714277714283,0.0,0.0,0.1,0.0,0.3818838048666899,144.9,30.0
1.0264150978214004,0.0,-0.48,0.6818181818181818,0.0,1.4935000000000003,-0.003034420289854888,-0.22058823529411764,0.0,0.0,0.6666666666666666,-1.134350797017645,0.0,0.8571428571428571,0.5555555555555556,0.0,0.0,213.49004933333333,41.5
-0.7090787165403395,0.0,-0.48,0.45454545454545453,0.0,-0.65,-0.19325181159420277,0.40808823529411764,0.5714285714285714,0.0,0.6666666666666666,8.000004772920225e-10,0.0,-0.22857142857142856,0.0,0.0,0.5714285714285714,100.8,25.0
-0.04763766979489189,0.0,0.6711111111111111,0.42727272727272725,0.0,0.35,-0.8182518115942029,-0.9301470588235294,0.0,2.5714285714285716,-0.3333333333333333,-1.2275776389515523,0.0,-0.14285714285714285,2.811111111111111,1.5751476700940714,0.0,116.916,66.259
1.0264150978214004,0.0,-0.48,0.6818181818181818,0.0,1.4935000000000003,-0.003034420289854888,-0.22058823529411764,0.0,0.0,0.6666666666666666,-1.134350797017645,0.0,0.8571428571428571,0.5555555555555556,0.0,0.0,198.517827103625,28.5
2.102449378006624,0.0,-0.48,-0.09090909090909091,0.0,0.5166666666666667,-0.6325634057971014,0.7279411764705882,0.0,0.0,0.3333333333333333,-0.9257142849142853,0.0,-0.14285714285714285,-1.3333333333333333,0.0,0.0,132.6688,24.4
0.1412569986221855,0.0,0.5822222222222222,0.2909090909090909,0.0,0.016666666666666666,-0.5827445652173913,-0.9301470588235294,0.0,2.9714285714285715,-0.3333333333333333,-1.20794425007108,0.0,-0.14285714285714285,2.2555555555555555,1.9710968964700308,0.0,106.2776,46.5007
2.2767055463665655,0.0,1.12,-0.8181818181818182,0.0,1.0166666666666666,0.4978713768115946,-2.052205882352941,0.0,3.7685714285714287,-1.3333333333333333,-0.4628571420571424,0.0,-0.17142857142857143,0.8888888888888888,3.1404761904761904,0.0,95.60032,12.4762
-0.017704836867424755,0.0,-0.48,0.4409090909090909,0.0,-0.016666666666666666,-0.6959692028985507,0.6102941176470589,0.7561904761904762,0.0,0.3333333333333333,0.055542857942857675,0.0,0.8571428571428571,-0.03333333333333333,0.0,0.761904761904762,139.76873333333333,38.6522
-0.006236140766637857,0.0,1.1038222222222223,-1.3636363636363635,0.0,-0.3106666666666664,-1.0577445652173914,0.637095588235294,0.33904761904761904,0.0,0.0,-1.3885714277714283,0.0,-0.17142857142857143,-0.48488888888888876,0.0,0.3805675373752599,123.912968,43.6923
2.437782676783318,0.0,1.12,-0.8181818181818182,0.0,1.0166666666666666,0.47205615942029006,-2.0661764705882355,0.0,4.082857142857143,-1.3333333333333333,0.46285714365714337,0.0,-0.17142857142857143,0.8888888888888888,3.4023809523809527,0.0,99.69072,11.0138
0.0,0.0,-0.48,0.4409090909090909,0.0,0.0,-0.6959692028985507,0.6102941176470589,0.7561904761904762,0.0,0.3333333333333333,0.009075631052101286,0.0,0.8571428571428571,-0.03333333333333333,0.0,0.761904761904762,140.68793333333332,29.434
0.16952381300558644,0.0,1.2977777777777777,-1.3636363636363635,0.0,-0.31666666666666665,0.8755887681159424,-0.7977941176470589,1.1428571428571428,0.8571428571428571,0.0,-0.6942061574281585,0.0,0.0,0.0,0.8571428571428572,1.1428571428571428,136.3718133333333,44.92
2.531500279934884,0.0,1.12,-0.8181818181818182,0.0,1.0166666666666666,0.39189311594202947,-2.085661764705882,0.0,4.265714285714286,-1.0,0.46285714365714337,0.0,-0.17142857142857143,0.8888888888888888,3.5547619047619055,0.0,108.77232,23.8675
1.5401437590972313,0.0,-0.48,0.5,0.0,0.2933333333333332,-0.7702445652173912,-0.24485294117647025,0.0,2.262857142857143,0.0,-0.9257142849142853,0.0,1.2857142857142858,0.1111111111111111,2.207665505226481,0.0,111.9,30.0
2.4743911155143987,0.0,1.12,-0.8181818181818182,0.0,1.0166666666666666,0.44352355072463806,-2.0823529411764703,0.0,4.154285714285715,-1.0,-0.0013494369342765416,0.0,-0.17142857142857143,0.8888888888888888,3.461904761904762,0.0,108.3704,26.4399
-0.04763766979489189,0.0,0.6711111111111111,0.42727272727272725,0.0,0.35,0.2415307971014495,-1.8455882352941178,0.0,2.5714285714285716,-0.3333333333333333,-1.2275776389515523,0.0,-0.14285714285714285,2.811111111111111,1.5751476700940714,0.0,116.844,52.1414
-0.1781784646445032,0.0,0.5422222222222223,-0.9136363636363637,0.0,-0.65,0.18718297101449297,0.125,0.0,0.0,-0.4166666666666667,-1.1828571420571423,0.0,-0.2857142857142857,-0.7888888888888889,0.0,0.0,85.3271,68.0015
-0.11557090985181175,0.0,0.17777777777777778,0.8409090909090909,0.0,-0.48333333333333334,-0.8182518115942029,-0.9301470588235294,0.0,3.5714285714285716,-0.3333333333333333,-1.2275776389515523,0.0,-0.14285714285714285,2.588888888888889,2.2568269013766646,0.0,87.6936,18.717
-0.7090787165403395,0.0,2.008888888888889,-1.3636363636363635,0.0,0.2833333333333333,-0.14796195652173896,0.13602941176470587,0.0,0.0,0.6666666666666666,0.792000000800001,0.0,2.0,1.7777777777777777,0.0,0.0,152.48604999999998,35.9
-0.006236140174920581,0.0,1.1038222222222223,-1.3636363636363635,0.0,-0.3106666661666665,-1.0577445652173914,0.637095588235294,0.33904761904761904,0.0,-0.3333333333333333,-0.46285714136441514,0.0,-0.17142857142857143,-0.48488888888888876,0.0,0.3805675373752599,104.87289068504998,58.1384
-0.008555357412446979,0.0,-0.48,-0.00909090909090909,0.0,-0.75,-0.5012228260869565,0.9779411764705882,0.5676190476190476,0.0,0.0,0.024360903055639448,0.0,0.8571428571428571,-1.1333333333333333,0.0,0.761904761904762,107.96473333333331,32.997
-0.14537133860944904,0.0,-0.1688888888888889,-0.08636363636363636,0.0,-0.4666666666666667,0.23700181159420314,0.1801470588235294,0.0,0.0,-0.4166666666666667,-1.1843697470991592,0.0,-0.2857142857142857,-0.5444444444444444,0.0,0.0,82.8924,38.1614
0.0,0.0,-0.48,0.4409090909090909,0.0,0.0,-0.6959692028985507,0.6102941176470589,0.7561904761904762,0.0,-0.3333333333333333,0.009075631052101286,0.0,1.4285714285714286,-0.03333333333333333,0.0,0.761904761904762,137.89486666666667,32.7567
0.6853485239002912,0.0,0.3466666666666667,-0.09545454545454546,0.0,1.2666666666666666,0.2505887681159423,-0.6875,0.0,0.0,-0.6666666666666666,-0.006340508006261574,0.0,-0.14285714285714285,0.7222222222222222,0.0,0.0,117.9228,37.136
-0.006196692903598508,0.0,0.26666666666666666,-0.21818181818181817,0.0,0.16666666666666666,0.4978713768115946,-0.5330882352941176,1.6,0.0,-0.3333333333333333,8.000004772920225e-10,0.0,-0.14285714285714285,0.2222222222222222,0.0,1.523809523809524,131.54688,46.1453
-0.7089051654233925,0.0,0.87,-0.9034090909090909,0.0,-0.6206666666666668,-0.5134510869565219,0.6326470588235291,0.0,0.0,2.0,-1.3885714277714283,0.0,0.8571428571428571,0.05555555555555555,0.0,0.0,192.59993333333333,50.47
1.0264150978214004,0.0,-0.48,0.6818181818181818,0.0,1.4935000000000003,-0.003034420289854888,-0.22058823529411764,0.0,0.0,0.0,-1.134350797017645,0.0,0.8571428571428571,0.5555555555555556,0.0,0.0,177.30727333333334,38.3
0.3452443189147718,0.0,0.4533333333333333,-0.4090909090909091,0.0,0.5166666666666667,0.2943848958333333,-0.36790509191176485,1.6,0.0,-0.3333333333333333,8.000004772920225e-10,0.0,-0.14285714285714285,0.2222222222222222,0.0,1.523809523809524,142.63968,60.38
0.3452443195005069,0.0,0.32,-0.5454545454545454,0.0,0.01666666716666659,0.3321105072463771,-0.07426470588235311,1.3714285714285714,0.0,-0.3333333333333333,1.2500005145251896e-09,0.0,0.8571428571428571,-0.4444444444444444,0.0,1.523809523809524,146.36251620623332,65.3474
0.27495611655109764,0.0,-0.48,0.45454545454545453,0.0,-0.31666666666666665,0.7895380434782612,-0.8676470588235294,1.0,1.0,0.3333333333333333,8.000004772920225e-10,0.0,0.5714285714285714,0.0,1.0,1.0,112.9,19.0
0.6966853308893385,0.0,0.52,-0.3409090909090909,0.0,1.1416666668333335,0.270969202898551,-0.5110294117647058,1.7142857142857142,0.0,-0.3333333333333333,1.127273269016119e-09,0.0,0.8571428571428571,0.5555555555555556,0.0,1.523809523809524,184.1909047697833,54.2157
0.83726173546049,0.0,0.32,-0.5454545454545454,0.0,-0.2833333333333333,0.2052989130434785,0.03308823529411765,0.8038095238095238,1.25,0.0,-0.4628571420571424,0.0,-0.6857142857142857,-0.4444444444444444,1.388888888888889,0.893121693121693,115.15,8.27
1.0481263431762973,0.0,0.12,0.06818181818181818,0.0,1.5166666673333338,0.270969202898551,-0.5110294117647058,1.7142857142857142,0.0,-0.3333333333333333,1.4000005269362452e-09,0.0,0.8571428571428571,0.5555555555555556,0.0,1.523809523809524,189.5960476426833,29.5098
2.102449378006624,0.0,-0.48,-0.09090909090909091,0.0,0.5166666666666667,-0.6325634057971014,0.7279411764705882,0.0,0.0,0.3333333333333333,-0.9257142849142853,0.0,1.4285714285714286,-1.3333333333333333,0.0,0.0,167.96046666666666,48.1
1.0479506220456027,0.0,-0.48,0.45454545454545453,0.0,1.0165000000000002,0.015081521739130624,-0.20220588235294118,0.5714285714285714,0.0,1.0,-6.750060627896102e-05,0.0,0.8571428571428571,0.0,0.0,0.5714285714285714,189.53692533333333,32.2
0.16952381300558644,0.0,1.2977777777777777,-1.3636363636363635,0.0,-0.31666666666666665,0.8755887681159424,-0.7977941176470589,1.1428571428571428,0.8571428571428571,0.3333333333333333,-0.6942061574281585,0.0,0.8571428571428571,0.0,0.8571428571428572,1.1428571428571428,186.99332266666664,75.77
-0.006196693528382581,0.0,0.52,-0.3409090909090909,0.0,0.39166666599999994,0.270969202898551,-0.5110294117647058,1.7142857142857142,0.0,-0.3333333333333333,0.0,0.0,-0.14285714285714285,0.5555555555555556,0.0,1.523809523809524,142.28228569065,48.9542
-0.7090787165403395,0.0,-0.48,0.5772727272727273,0.0,-0.4925000000000002,-0.6959692028985507,0.6095588235294116,0.0,0.0,0.6666666666666666,0.33061224535665035,0.0,1.4285714285714286,0.3,0.0,0.0,127.15876815461668,46.16
0.50123641293337,0.0,-0.48,0.37727272727272726,0.0,0.35,-0.700498188405797,0.28308823529411764,0.0,0.0,-0.3333333333333333,-0.9257142849142853,0.0,1.7142857142857142,-0.18888888888888888,0.0,0.0,143.78753333333333,29.62
-0.7089051654233925,0.0,0.87,-0.9034090909090909,0.0,-0.6206666666666668,-0.5134510869565219,0.6326470588235291,0.0,0.0,1.1666666666666667,-1.3885714277714283,0.0,-0.17142857142857143,0.05555555555555555,0.0,0.0,142.99456,47.91
0.0,0.0,-0.48,0.4409090909090909,0.0,0.0,-0.6959692028985507,0.6102941176470589,0.7561904761904762,0.0,0.6666666666666666,0.009075631052101286,0.0,0.8571428571428571,-0.03333333333333333,0.0,0.761904761904762,148.5011333333333,39.1011
-0.0263700440351667,0.0,-0.48,0.1409090909090909,0.0,-0.5166666666666667,-0.5646286231884057,0.8566176470588235,0.6304761904761905,0.0,-0.3333333333333333,0.022040817126531425,0.0,0.8571428571428571,-0.7666666666666667,0.0,0.761904761904762,109.34153333333332,31.0693
0.3452443195005069,0.0,0.32,-0.5454545454545454,0.0,0.01666666716666659,0.3321105072463771,-0.07426470588235311,1.3714285714285714,0.0,-0.3333333333333333,1.2500005145251896e-09,0.0,-0.14285714285714285,-0.4444444444444444,0.0,1.523809523809524,123.9041828729,59.6375
0.6966853307331425,0.0,-0.16,-0.05454545454545454,0.0,0.31666666666666665,0.31399456521739155,-0.07720588235294118,0.0,0.0,-0.3333333333333333,-0.9257142849142853,0.0,0.0,-0.4444444444444444,0.0,0.0,105.13,38.8
-0.3576377047219688,0.0,-0.035555555555555556,0.0,0.0,-0.31666666666666665,-0.19325181159420277,0.40808823529411764,0.38095238095238093,0.0,0.3333333333333333,-0.4453908347795142,0.0,-0.14285714285714285,0.0,0.0,0.380952380952381,110.1816,57.284
-0.3576377047219688,0.0,-0.12444444444444444,0.09090909090909091,0.0,-0.31666666666666665,-0.2249547101449274,0.3602941176470588,0.0,0.0,0.6666666666666666,-0.9257142849142853,0.0,-0.22857142857142856,0.0,0.0,0.0,117.56,54.0
1.9577383731402356,0.0,-0.48,0.18181818181818182,0.0,0.35,0.6763134057971018,-0.5919117647058824,2.2857142857142856,1.3714285714285714,0.0,0.008120301551879996,0.0,1.1428571428571428,-0.6666666666666666,1.6134453781512605,2.689075630252101,208.012,50.46
-0.1623926981562082,0.0,-0.48,0.6818181818181818,0.0,-0.35833333333333334,0.5857336956521743,-1.0330882352941178,1.0,1.0,1.0,8.000004772920225e-10,0.0,0.5714285714285714,0.5555555555555556,0.888888888888889,0.888888888888889,157.24333333333334,38.1929
-0.7090787165403395,0.0,2.008888888888889,-1.3636363636363635,0.0,0.2833333333333333,-0.14796195652173896,0.13602941176470587,0.0,0.0,0.6666666666666666,-0.9999999991999995,0.0,1.4285714285714286,1.7777777777777777,0.0,0.0,174.92411666666666,37.26
-0.7090787165403395,0.0,-0.48,0.5772727272727273,0.0,-0.4925000000000002,-0.6959692028985507,0.6095588235294116,0.0,0.0,0.3333333333333333,8.000004772920225e-10,0.0,2.0,0.3,0.0,0.0,136.26708,44.89
1.0481263425515124,0.0,0.26666666666666666,-0.21818181818181817,0.0,1.2166666666666666,0.2943848958333333,-0.36790509191176485,1.6,0.0,-0.3333333333333333,8.000004772920225e-10,0.0,-0.14285714285714285,0.2222222222222222,0.0,1.523809523809524,158.77728,46.57
-0.1492455469603224,0.0,0.22666666666666666,-0.2772727272727273,0.0,-0.13333333333333333,0.09207427536231905,0.0,0.0,0.0,-0.4166666666666667,-1.1841929491072354,0.0,-0.2857142857142857,-0.022222222222222223,0.0,0.0,96.0941,60.0328
0.3452443189147718,0.0,-0.48,0.6818181818181818,0.0,0.7833333333333333,-0.9541213768115943,0.3382352941176471,0.42857142857142855,0.0,0.8333333333333334,-1.3885714277714283,0.0,0.0,0.5555555555555556,0.0,0.380952380952381,188.9,34.5
0.6966853307331425,0.0,-0.48,0.09090909090909091,0.0,-0.05,-0.2430706521739129,0.3492647058823529,0.5714285714285714,0.0,0.0,8.000004772920225e-10,0.0,0.0,-0.8888888888888888,0.0,0.7142857142857143,105.23,45.5
-0.002334703762737699,0.0,-0.48,0.2909090909090909,0.0,-0.25,-0.628034420289855,0.7352941176470589,0.6933333333333334,0.0,0.6666666666666666,-0.009848023516108395,0.0,0.8571428571428571,-0.4,0.0,0.761904761904762,139.1139333333333,37.9775
0.0,0.0,-0.48,0.4409090909090909,0.0,0.0,-0.6959692028985507,0.6102941176470589,0.7561904761904762,0.0,0.0,0.009075631052101286,0.0,1.7142857142857142,-0.03333333333333333,0.0,0.761904761904762,152.12473333333332,35.9824
-0.008555357412446979,0.0,-0.48,-0.00909090909090909,0.0,-0.75,-0.5012228260869565,0.9779411764705882,0.5676190476190476,0.0,0.6666666666666666,0.024360903055639448,0.0,0.8571428571428571,-1.1333333333333333,0.0,0.761904761904762,119.60793333333334,32.0225
-0.09405694585819119,0.0,-0.48,0.45454545454545453,0.0,-0.65,0.7895380434782612,-0.8676470588235294,1.0,1.0,1.0,8.000004772920225e-10,0.0,0.5714285714285714,0.0,1.0,1.0,162.889,31.0
1.0481263425515124,0.0,0.4533333333333333,-0.4090909090909091,0.0,1.2166666666666666,0.2943848958333333,-0.36790509191176485,1.6,0.0,-0.3333333333333333,8.000004772920225e-10,0.0,-0.14285714285714285,0.2222222222222222,0.0,1.523809523809524,160.79327999999998,47.57
-0.7090787165403395,0.0,2.008888888888889,-1.3636363636363635,0.0,0.2833333333333333,-0.14796195652173896,0.13602941176470587,0.0,0.0,0.6666666666666666,-1.7404958669685948,0.0,0.8571428571428571,1.7777777777777777,0.0,0.0,200.21178333333333,24.17
0.6953885004312294,0.0,0.48444444444444446,0.11363636363636363,0.0,1.9833333333333334,-1.0537590579710145,-0.06985294117647059,0.0,0.0,-0.6666666666666666,0.005445378951260962,0.0,-0.14285714285714285,1.5777777777777777,0.0,0.0,135.81799999999998,32.7006
-0.5333582106311542,0.0,-0.48,0.45454545454545453,0.0,-0.65,0.9480525362318845,-0.7389705882352942,1.0,0.2857142857142857,1.0,8.000004772920225e-10,0.0,0.5714285714285714,0.0,0.28571428571428575,1.0,147.18333333333334,36.0938
2.6471829463250978,0.0,1.12,-0.8181818181818182,0.0,1.0183333333333333,0.4059329710144928,-2.103308823529412,0.0,4.488571428571428,-0.6666666666666666,0.9222471918112363,0.0,-0.17142857142857143,0.8888888888888888,3.7404761904761905,0.0,117.3348,33.5856
-0.140791122961698,0.0,-0.14666666666666667,0.004545454545454545,0.0,-0.2833333333333333,0.09207427536231905,0.0,0.0,0.0,-0.4166666666666667,-1.1856751459710368,0.0,-0.2857142857142857,-0.26666666666666666,0.0,0.0,87.87610000000001,37.6314
-0.7090787165403395,0.0,-0.48,0.5772727272727273,0.0,-0.4925000000000002,-0.6959692028985507,0.6095588235294116,0.0,0.0,0.6666666666666666,8.000004772920225e-10,0.0,0.8571428571428571,0.3,0.0,0.0,117.14205333333334,46.86
-0.5685023118129913,0.0,-0.3022222222222222,0.2727272727272727,0.0,-0.65,-0.20683876811594187,0.3860294117647059,0.5714285714285714,0.22857142857142856,0.6666666666666666,8.000004772920225e-10,0.0,-0.22857142857142856,0.0,0.2285714285714286,0.5714285714285714,102.68,27.0
1.1887027472788607,0.0,-0.48,0.45454545454545453,0.0,0.35,0.6763134057971018,-0.5919117647058824,2.2857142857142856,1.3714285714285714,0.3333333333333333,0.008120301551879996,0.0,1.1428571428571428,0.0,1.3714285714285714,2.2857142857142856,216.9844,51.52
-1.4119607401770802,0.0,2.008888888888889,-1.3636363636363635,0.0,-0.65,-0.14796195652173896,0.13602941176470587,0.0,0.0,0.6666666666666666,0.8100000008000006,0.0,2.0,1.7777777777777777,0.0,0.0,123.06485,31.24
-0.006236140766637857,0.0,1.1038222222222223,-1.3636363636363635,0.0,-0.3106666666666664,-1.0577445652173914,0.637095588235294,0.33904761904761904,0.0,0.3333333333333333,-0.9257142849142855,0.0,-0.17142857142857143,-0.48488888888888876,0.0,0.3805675373752599,127.2292128,58.9177
-0.11482391473836784,0.0,-0.48,1.1363636363636365,0.0,1.0,-0.45593297101449265,-1.0036764705882353,0.0,0.0,0.6666666666666666,-0.9110977435609018,0.0,1.0,1.6666666666666667,0.0,0.0,188.4870666666667,40.5
0.0,0.0,-0.48,0.4409090909090909,0.0,0.0,-0.6959692028985507,0.6102941176470589,0.7561904761904762,0.0,-0.3333333333333333,0.009075631052101286,0.0,0.8571428571428571,-0.03333333333333333,0.0,0.761904761904762,125.06153333333332,24.5319
0.6853485239002912,0.0,0.3466666666666667,-0.09545454545454546,0.0,1.2666666666666666,-0.8907155797101449,0.23897058823529413,0.0,0.0,-0.6666666666666666,-0.9257142849142853,0.0,-0.14285714285714285,0.7222222222222222,0.0,0.0,120.8112,32.6459
-0.7090787165403395,0.0,-0.48,0.5772727272727273,0.0,-0.4925000000000002,-0.6959692028985507,0.6095588235294116,0.0,0.0,1.0,8.000004772920225e-10,0.0,0.2857142857142857,0.3,0.0,0.0,110.85036,40.73
-0.006196693098843921,0.0,0.0,-0.21818181818181817,0.0,-0.2833333335000001,0.3321105072463771,-0.07426470588235311,1.3714285714285714,0.0,-0.3333333333333333,3.0000043592183703e-10,0.0,-0.14285714285714285,-0.4444444444444444,0.0,1.523809523809524,112.66806856355,33.8369
2.7950810387986618,0.0,1.12,-0.8181818181818182,0.0,1.0183333333333333,0.3674365942028986,-2.1242647058823527,0.0,4.777142857142857,0.0,1.846132723912129,0.0,-0.17142857142857143,0.8888888888888888,3.980952380952381,0.0,129.6902,47.7477
0.6853485239002912,0.0,-0.48,0.75,0.0,1.2666666666666666,-0.8907155797101449,0.23897058823529413,0.0,0.0,-0.6666666666666666,-0.006340508006261574,0.0,-0.14285714285714285,0.7222222222222222,0.0,0.0,108.9948,31.2766
-0.006196693528382581,0.0,0.12,0.06818181818181818,0.0,0.39166666599999994,0.270969202898551,-0.5110294117647058,1.7142857142857142,0.0,-0.3333333333333333,0.0,0.0,0.8571428571428571,0.5555555555555556,0.0,1.523809523809524,160.4206190239833,38.6601
-0.11482391473836784,0.0,-0.48,1.1363636363636365,0.0,1.0,-0.45593297101449265,-1.0036764705882353,0.0,0.0,-0.3333333333333333,-0.9110977435609018,0.0,1.0,1.6666666666666667,0.0,0.0,144.82506666666666,34.32
-0.3576377047219688,0.0,-0.48,0.13636363636363635,0.0,-0.7833333333333333,0.11924818840579732,0.8786764705882353,0.0,0.0,0.0,-0.4628571420571424,0.0,0.8571428571428571,-0.7777777777777778,0.0,0.0,99.13193333333334,17.2
0.6966853308893385,0.0,0.12,0.06818181818181818,0.0,1.1416666668333335,0.270969202898551,-0.5110294117647058,1.7142857142857142,0.0,-0.3333333333333333,1.127273269016119e-09,0.0,-0.14285714285714285,0.5555555555555556,0.0,1.523809523809524,157.41257143644998,25.6209
1.1887027472788607,0.0,-0.48,0.45454545454545453,0.0,0.35,0.6763134057971018,-0.5919117647058824,2.6666666666666665,1.3714285714285714,0.3333333333333333,0.008120301551879996,0.0,1.4285714285714286,0.0,1.3714285714285714,2.666666666666667,237.3377333333333,50.77
2.3689588119688874,0.0,1.12,-0.8181818181818182,0.0,1.0166666666666666,0.48337862318840596,-2.0602941176470586,0.0,3.9485714285714284,-1.3333333333333333,-0.0013494369342765416,0.0,-0.17142857142857143,0.8888888888888888,3.2904761904761903,0.0,97.93192,11.4552
-0.4982141094493171,0.0,-0.48,0.45454545454545453,0.0,-0.65,0.9480525362318845,-0.7389705882352942,1.0,0.2857142857142857,1.0,8.000004772920225e-10,0.0,0.5714285714285714,0.0,0.28571428571428575,1.0,115.1,36.0
0.6661252427489358,0.0,-0.48,0.45454545454545453,60.0,0.4,0.6763134057971018,-0.5919117647058824,2.2857142857142856,1.3714285714285714,0.6666666666666666,-0.10799999919999956,0.0,1.1428571428571428,0.6666666666666666,1.1925465838509317,1.9875776397515528,229.774,53.96
0.6810462057072247,0.0,1.2977777777777777,-1.3636363636363635,0.0,0.6685000000000002,-0.8001358695652173,-0.31985294117647056,0.0,0.0,0.0,-0.013253942202590373,0.0,-0.14285714285714285,0.0,0.0,0.0,132.63116,47.5325
-0.7089051654233925,0.0,1.32,-1.3636363636363635,0.0,-0.6206666666666668,-0.5134510869565219,0.6326470588235291,0.0,0.0,1.3333333333333333,-1.3885714277714283,0.0,-0.17142857142857143,0.05555555555555555,0.0,0.0,153.283968,47.98
-0.3576377047219688,0.0,-0.12444444444444444,0.09090909090909091,0.0,-0.31666666666666665,-0.23854166666666654,0.3382352941176471,0.38095238095238093,0.0,0.3333333333333333,-0.4453908347795142,0.0,-0.14285714285714285,0.0,0.0,0.380952380952381,109.0824,45.1852
-0.07648489526727265,0.0,-0.48,0.45454545454545453,0.0,-0.65,0.7895380434782612,-0.8676470588235294,1.0,1.0,1.0,8.000004772920225e-10,0.0,0.5714285714285714,0.0,1.0,1.0,114.76,27.5
-0.14851578033417825,0.0,0.16444444444444445,-0.37272727272727274,0.0,-0.38333333333333336,0.09207427536231905,0.0,0.0,0.0,-0.4166666666666667,-1.1769795910367342,0.0,-0.2857142857142857,-0.4111111111111111,0.0,0.0,88.3806,50.9846
-0.3576377047219688,0.0,-0.48,0.13636363636363635,0.0,-0.7833333333333333,0.11924818840579732,0.8786764705882353,0.0,0.0,0.0,-0.4628571420571424,0.0,0.8571428571428571,-0.7777777777777778,0.0,0.0,99.13193333333334,20.8
-0.1296759673262695,0.0,-0.48,0.6545454545454545,0.0,-0.38333333333333336,-0.7276721014492753,0.5477941176470589,0.5523809523809524,1.0285714285714285,-0.3333333333333333,-0.030857142057142274,0.0,-0.14285714285714285,0.4888888888888889,0.9266409266409268,0.49764049764049767,88.856,15.1027
-1.1860343754366995,0.0,2.008888888888889,-1.3636363636363635,0.0,-0.35,-0.14796195652173896,0.13602941176470587,0.0,0.0,0.6666666666666666,-1.1202484464049687,0.0,0.8571428571428571,1.7777777777777777,0.0,0.0,149.4869833333333,34.42
-0.09405694585819119,0.0,-0.48,0.45454545454545453,0.0,-0.65,0.7895380434782612,-0.8676470588235294,1.0,1.0,1.0,8.000004772920225e-10,0.0,0.5714285714285714,0.0,1.0,1.0,146.84733333333332,35.2859
0.001976353882875002,0.0,-0.48,0.5909090909090909,0.0,0.25,-0.759375,0.4852941176470588,0.819047619047619,0.0,-0.3333333333333333,-0.033061223689795326,0.0,0.8571428571428571,0.3333333333333333,0.0,0.761904761904762,132.86793333333333,31.0558
1.1887027472788607,0.0,-0.48,0.45454545454545453,0.0,0.35,0.6763134057971018,-0.5919117647058824,2.6666666666666665,1.3714285714285714,0.3333333333333333,0.008120301551879996,0.0,0.8571428571428571,0.0,1.3714285714285714,2.666666666666667,211.67106666666663,47.54
-0.14451268070960396,0.0,0.6711111111111111,0.42727272727272725,0.0,-0.38333333333333336,-0.8182518115942029,-0.9301470588235294,0.0,3.5714285714285716,-0.3333333333333333,-1.3145142849142852,0.0,-0.14285714285714285,2.811111111111111,2.187705097352877,0.0,96.7784,66.4045
-0.006236140174920581,0.0,1.1038222222222223,-1.3636363636363635,0.0,-0.3106666661666665,-1.0577445652173914,0.637095588235294,0.33904761904761904,0.0,0.6666666666666666,-0.46285714136441514,0.0,-0.17142857142857143,-0.48488888888888876,0.0,0.3805675373752599,129.44004268505,71.1834
0.0,0.0,-0.48,0.4409090909090909,0.0,0.0,-0.6959692028985507,0.6102941176470589,0.7561904761904762,0.0,0.6666666666666666,0.009075631052101286,0.0,1.7142857142857142,-0.03333333333333333,0.0,0.761904761904762,167.75113333333334,39.7682
-0.3576377047219688,0.0,-0.48,0.13636363636363635,0.0,-0.7833333333333333,0.11924818840579732,0.8786764705882353,0.0,0.0,0.0,-0.4628571420571424,0.0,0.8571428571428571,-0.7777777777777778,0.0,0.0,99.13193333333334,20.6
-0.6884057158451413,0.0,0.06400000000000003,-0.06545454545454535,0.0,-0.5833333333333334,-0.6642663043478261,0.6727941176470589,0.5828571428571429,0.0,-0.3333333333333333,0.011289199406272266,0.0,-0.14285714285714285,0.08888888888888889,0.0,0.5714285714285714,90.088,42.48
-0.014369739690072799,0.0,-0.48,0.5909090909090909,0.0,0.23333333333333334,-0.759375,0.4852941176470588,0.819047619047619,0.0,0.6666666666666666,0.008415585215585051,0.0,0.8571428571428571,0.3333333333333333,0.0,0.761904761904762,157.53313333333332,37.9775
0.6966853307331425,0.0,0.08,-0.02727272727272727,0.0,0.8666666666666667,0.4978713768115946,-0.5330882352941176,1.6,0.0,-0.3333333333333333,8.000004772920225e-10,0.0,0.8571428571428571,0.2222222222222222,0.0,1.523809523809524,170.14281333333332,31.0894
-0.006196692903598508,0.0,0.4533333333333333,-0.4090909090909091,0.0,0.16666666666666666,0.4978713768115946,-0.5330882352941176,1.6,0.0,-0.3333333333333333,8.000004772920225e-10,0.0,-0.14285714285714285,0.2222222222222222,0.0,1.523809523809524,133.56288,56.7039
0.6966853307331425,0.0,0.4533333333333333,-0.4090909090909091,0.0,0.8666666666666667,0.2943848958333333,-0.36790509191176485,1.6,0.0,-0.3333333333333333,8.000004772920225e-10,0.0,-0.14285714285714285,0.2222222222222222,0.0,1.523809523809524,151.71648,46.48
0.34524431875857575,0.0,0.52,-0.3409090909090909,0.0,0.7666666664999998,0.270969202898551,-0.5110294117647058,1.7142857142857142,0.0,-0.3333333333333333,4.4000044750548897e-10,0.0,-0.14285714285714285,0.5555555555555556,0.0,1.523809523809524,152.00742856355,58.3333
-0.7090787165403395,0.0,-0.48,0.5772727272727273,0.0,-0.4925000000000002,-0.6959692028985507,0.6095588235294116,0.0,0.0,-0.3333333333333333,8.000004772920225e-10,0.0,0.8571428571428571,0.3,0.0,0.0,97.51713333333332,35.2
0.6966853308893385,0.0,0.12,0.06818181818181818,0.0,1.1416666668333335,0.270969202898551,-0.5110294117647058,1.7142857142857142,0.0,-0.3333333333333333,1.127273269016119e-09,0.0,0.8571428571428571,0.5555555555555556,0.0,1.523809523809524,179.87090476978332,35.2288
1.1887027472788607,0.0,-0.48,0.45454545454545453,0.0,0.35,0.6763134057971018,-0.5919117647058824,1.5238095238095237,1.3714285714285714,0.3333333333333333,0.008120301551879996,0.0,1.1428571428571428,0.0,1.3714285714285714,1.523809523809524,201.9444,46.86
-0.021644649467043305,0.0,-0.48,0.2909090909090909,0.0,-0.26666666666666666,-0.628034420289855,0.7352941176470589,0.6933333333333334,0.0,-0.3333333333333333,0.0402484480049696,0.0,0.8571428571428571,-0.4,0.0,0.761904761904762,116.89993333333334,32.9878
1.0481263431762973,0.0,0.32,-0.13636363636363635,0.0,1.5166666673333338,0.270969202898551,-0.5110294117647058,1.7142857142857142,0.0,-0.3333333333333333,1.4000005269362452e-09,0.0,0.8571428571428571,0.5555555555555556,0.0,1.523809523809524,191.7560476426833,49.8693
2.4011742380522385,0.0,1.12,-0.8181818181818182,0.0,1.0166666666666666,0.4512228260869566,-2.0779411764705884,0.0,4.011428571428572,-1.0,-0.4628571420571424,0.0,-0.17142857142857143,0.8888888888888888,3.3428571428571434,0.0,107.77328,25.9967
1.5738820962317952,0.0,-0.48,0.22727272727272727,0.0,0.9530000000000001,0.3456974637681162,0.20588235294117646,0.0,0.0,1.0,-1.3885714277714283,0.0,0.8571428571428571,-0.5555555555555556,0.0,0.0,220.4330373333333,36.1
0.9133270503472057,0.0,0.1688888888888889,-0.36818181818181817,0.0,-0.38333333333333336,0.18718297101449297,0.125,0.0,1.6,0.0,-1.1769795910367342,0.0,-0.14285714285714285,-0.3888888888888889,1.7534246575342467,0.0,102.1056,58.4
1.0481263425515124,0.0,-0.48,0.3409090909090909,0.0,0.7833333333333333,-0.8590126811594203,0.5294117647058824,0.3619047619047619,0.0,0.0,-1.3885714277714283,0.0,0.0,-0.2777777777777778,0.0,0.386031746031746,144.36,21.0
0.38099089040258294,0.0,-0.48,0.22727272727272727,0.0,-0.036999999999999984,0.3456974637681162,0.20588235294117646,0.0,0.0,0.6666666666666666,-1.3885714277714283,0.0,0.8571428571428571,-0.5555555555555556,0.0,0.0,159.79936933333332,29.2
-1.8213714034294086,0.0,0.38222222222222224,-0.4818181818181818,0.0,-1.7433333333333332,-0.8046648550724638,0.47794117647058826,0.0,0.0,-1.1666666666666667,-0.4628571420571424,0.0,-0.14285714285714285,-0.13333333333333333,0.0,0.0,42.88624,52.0
-0.7090787165403395,0.0,-0.48,0.5772727272727273,0.0,-0.4925000000000002,-0.6959692028985507,0.6095588235294116,0.0,0.0,-0.3333333333333333,8.000004772920225e-10,0.0,2.0,0.3,0.0,0.0,123.1838,38.88
0.16952381300558644,0.0,1.2977777777777777,-1.3636363636363635,0.0,-0.31666666666666665,0.8755887681159424,-0.7977941176470589,1.1428571428571428,0.8571428571428571,0.3333333333333333,0.00030377927923306105,0.0,0.0,0.0,0.8571428571428572,1.1428571428571428,144.728432,76.59
-0.3576377047219688,0.0,-0.3244444444444444,0.06818181818181818,0.0,-0.65,-0.9858242753623189,-0.11029411764705882,0.0,0.0,0.6666666666666666,8.000004772920225e-10,0.0,-0.17142857142857143,-0.5555555555555556,0.0,0.0,89.4832,29.52
-0.7090787165403395,0.0,-0.48,0.5772727272727273,0.0,-0.4925000000000002,-0.6959692028985507,0.6095588235294116,0.0,0.0,0.0,8.000004772920225e-10,0.0,1.4285714285714286,0.3,0.0,0.0,116.89210666666668,42.11
0.0,0.0,-0.48,0.4409090909090909,0.0,0.0,-0.6959692028985507,0.6102941176470589,0.7561904761904762,0.0,0.6666666666666666,0.009075631052101286,0.0,2.0,-0.03333333333333333,0.0,0.761904761904762,174.1678,40.3513
1.0481263427467575,0.0,0.16,-0.38181818181818183,0.0,0.6166666668333335,0.3321105072463771,-0.07426470588235311,1.3714285714285714,0.0,-0.3333333333333333,1.1750003027697988e-09,0.0,-0.14285714285714285,-0.4444444444444444,0.0,1.523809523809524,137.73641143645,43.3535
-0.07648489526727265,0.0,-0.48,0.45454545454545453,0.0,-0.65,0.8438858695652177,-0.8235294117647058,0.23809523809523808,1.0,1.0,8.000004772920225e-10,0.0,0.5714285714285714,0.0,1.0,0.2380952380952381,99.84,33.0
0.6155835587750565,0.0,1.2533333333333334,-1.3636363636363635,0.0,0.5166666666666667,-0.11625905797101434,-0.29044117647058826,0.0,0.0,1.0,8.000004772920225e-10,0.0,-0.17142857142857143,-0.1111111111111111,0.0,0.0,156.0096,42.49
-0.16312947176588966,0.0,0.5111111111111111,-0.9318181818181818,0.0,-0.7166666666666667,0.23700181159420314,0.1801470588235294,0.0,0.0,-0.4166666666666667,-1.1761124113779855,0.0,-0.2857142857142857,-0.9111111111111111,0.0,0.0,83.2029,61.5788
0.8724058366423271,0.0,1.2977777777777777,-1.3636363636363635,0.0,0.35,0.7125452898550728,-0.9301470588235294,1.1428571428571428,0.8571428571428571,0.0,0.00016200890040570317,0.0,1.7142857142857142,0.0,0.8571428571428572,1.1428571428571428,188.5039733333333,48.74
-0.7090787165403395,0.0,2.008888888888889,-1.3636363636363635,0.0,0.2833333333333333,-0.14796195652173896,0.13602941176470587,0.0,0.0,0.6666666666666666,-0.9999999991999995,0.0,0.8571428571428571,1.7777777777777777,0.0,0.0,171.71578333333335,29.42
-0.09405694585819119,0.0,-0.48,0.45454545454545453,0.0,-0.65,0.8121829710144931,-0.8492647058823529,0.7142857142857143,1.0,1.0,8.000004772920225e-10,0.0,0.5714285714285714,0.0,1.0,0.7142857142857143,141.25533333333334,30.3279
0.6966853307331425,0.0,-0.48,0.41363636363636364,0.0,0.6166666666666667,-0.8408967391304347,0.5955882352941176,0.37142857142857144,0.0,0.0,-1.3885714277714283,0.0,0.0,-0.1,0.0,0.37997807818779683,139.09,28.0
-0.3576377047219688,0.0,-0.21333333333333335,0.18181818181818182,0.0,-0.31666666666666665,-0.24759963768115928,0.3272058823529412,0.38095238095238093,0.0,0.0,-0.4453908347795142,0.0,-0.14285714285714285,0.0,0.0,0.380952380952381,99.9788,29.3796
0.5209648248239571,0.0,1.2977777777777777,-1.3636363636363635,0.0,0.016666666666666666,0.7940670289855076,-0.8639705882352942,1.1428571428571428,0.8571428571428571,0.0,-0.69410891549379,0.0,0.0,0.0,0.8571428571428572,1.1428571428571428,149.55896666666666,64.19
0.6966853307331425,0.0,-0.4088888888888889,0.01818181818181818,0.0,-0.05,-0.2430706521739129,0.3492647058823529,0.5714285714285714,0.0,0.0,8.000004772920225e-10,0.0,0.0,-0.8888888888888888,0.0,0.7142857142857143,106.0,48.5
-0.2521515817259499,0.0,0.6711111111111111,0.42727272727272725,0.0,-0.55,-0.8182518115942029,-0.9301470588235294,0.0,3.5714285714285716,-0.3333333333333333,-1.7709316762186333,0.0,-0.14285714285714285,2.811111111111111,2.187705097352877,0.0,97.476,40.2703
2.6369325834803954,0.0,1.12,-0.8181818181818182,0.0,1.0166666666666666,0.4258605072463773,-2.0919117647058822,0.0,4.4714285714285715,-1.0,1.8556749680346007,0.0,-0.17142857142857143,0.8888888888888888,3.7261904761904767,0.0,109.6792,12.9032
2.612038845143261,0.0,1.12,-0.8181818181818182,0.0,1.0166666666666666,0.4068387681159423,-2.1025735294117647,0.0,4.4228571428571435,-0.6666666666666666,0.46285714365714337,0.0,-0.17142857142857143,0.8888888888888888,3.685714285714286,0.0,117.95808,35.5006
1.0481263431762973,0.0,0.52,-0.3409090909090909,0.0,1.5166666673333338,0.270969202898551,-0.5110294117647058,1.7142857142857142,0.0,-0.3333333333333333,1.4000005269362452e-09,0.0,0.8571428571428571,0.5555555555555556,0.0,1.523809523809524,193.9160476426833,53.7582
0.3452443189147718,0.0,0.4533333333333333,-0.4090909090909091,0.0,0.5166666666666667,0.4978713768115946,-0.5330882352941176,1.6,0.0,-0.3333333333333333,8.000004772920225e-10,0.0,0.8571428571428571,0.2222222222222222,0.0,1.523809523809524,165.0980133333333,63.5475
-0.1623926981562082,0.0,0.16,-0.38181818181818183,0.0,-0.4166666666666667,0.18718297101449297,0.125,0.0,0.0,-0.4166666666666667,-1.1739130426782605,0.0,-0.2857142857142857,-0.4444444444444444,0.0,0.0,87.6501,55.7848
-1.0605197283587098,0.0,2.008888888888889,-1.3636363636363635,0.0,-0.18333333333333332,-0.14796195652173896,0.13602941176470587,0.0,0.0,0.6666666666666666,-1.7446153838153842,0.0,2.0,1.7777777777777777,0.0,0.0,184.43765,34.97
0.34524431875857575,0.0,0.12,0.06818181818181818,0.0,0.7666666664999998,0.270969202898551,-0.5110294117647058,1.7142857142857142,0.0,-0.3333333333333333,4.4000044750548897e-10,0.0,-0.14285714285714285,0.5555555555555556,0.0,1.523809523809524,147.68742856355,38.8889
0.6853485239002912,0.0,0.3466666666666667,-0.09545454545454546,0.0,1.2666666666666666,-0.12984601449275346,-0.3786764705882353,0.0,0.0,-0.6666666666666666,-0.006340508006261574,0.0,-0.14285714285714285,0.7222222222222222,0.0,0.0,117.9228,42.6055
-0.11222101040469955,0.0,0.6711111111111111,0.42727272727272725,0.0,0.016666666666666666,0.2415307971014495,-1.8455882352941178,0.0,2.9714285714285715,-0.3333333333333333,-1.20794425007108,0.0,-0.14285714285714285,2.811111111111111,1.8201706409975935,0.0,107.116,52.8557
1.5738820962317952,0.0,-0.48,0.22727272727272727,0.0,0.9530000000000001,0.3456974637681162,0.20588235294117646,0.0,0.0,0.0,-1.3885714277714283,0.0,0.8571428571428571,-0.5555555555555556,0.0,0.0,151.18665110362502,17.3
-0.7090787165403395,0.0,2.008888888888889,-1.3636363636363635,0.0,0.2833333333333333,-0.14796195652173896,0.13602941176470587,0.0,0.0,0.6666666666666666,-1.7404958669685948,0.0,1.4285714285714286,1.7777777777777777,0.0,0.0,203.42011666666664,30.01
0.3452443189147718,0.0,0.26666666666666666,-0.21818181818181817,0.0,0.5166666666666667,0.4978713768115946,-0.5330882352941176,1.6,0.0,-0.3333333333333333,8.000004772920225e-10,0.0,0.8571428571428571,0.2222222222222222,0.0,1.523809523809524,163.08201333333332,62.1788
-0.0006182641445767759,0.0,0.08,0.9272727272727272,0.0,0.016666666666666666,-0.8182518115942029,-0.9301470588235294,0.0,2.9714285714285715,-0.3333333333333333,-1.20794425007108,0.0,-0.14285714285714285,2.5555555555555554,1.8866213151927438,0.0,100.712,38.3213
1.6059803753112059,0.0,-0.48,0.0,0.0,-0.7333333333333333,0.2407608695652178,0.07257352941176475,0.0,1.966,0.0,0.00012000524460964764,0.0,2.0,-1.1111111111111112,2.6213333333333333,0.0,122.630356,26.3798885
1.1887027472788607,0.0,-0.48,0.45454545454545453,0.0,0.35,0.6763134057971018,-0.5919117647058824,2.2857142857142856,1.3714285714285714,0.0,0.008120301551879996,0.0,1.1428571428571428,0.0,1.3714285714285714,2.2857142857142856,208.252,44.87
-0.014369739690072799,0.0,-0.48,0.5909090909090909,0.0,0.23333333333333334,-0.759375,0.4852941176470588,0.819047619047619,0.0,0.3333333333333333,0.008415585215585051,0.0,0.8571428571428571,0.3333333333333333,0.0,0.761904761904762,149.1071333333333,36.1281
2.7848306759539603,0.0,1.12,-0.8181818181818182,0.0,1.0166666666666666,0.32712862318840596,-2.146691176470588,0.0,4.76,0.3333333333333333,-0.0013494369342765416,0.0,-0.17142857142857143,0.8888888888888888,3.9666666666666663,0.0,150.20112,57.9035
-0.006236140766637857,0.0,1.1038222222222223,-1.3636363636363635,0.0,-0.3106666666666664,-1.0577445652173914,0.637095588235294,0.33904761904761904,0.0,0.3333333333333333,-1.3885714277714283,0.0,-0.17142857142857143,-0.48488888888888876,0.0,0.3805675373752599,136.19654400000002,45.8666
-0.14640891005393347,0.0,-0.13777777777777778,0.04090909090909091,0.0,-0.21666666666666667,0.09207427536231905,0.0,0.0,0.0,-0.4166666666666667,-1.1910857134857138,0.0,-0.2857142857142857,-0.15555555555555556,0.0,0.0,89.8811,38.4302
-0.09405694585819119,0.0,-0.48,0.45454545454545453,0.0,-0.65,0.7895380434782612,-0.8676470588235294,1.0,1.0,1.0,8.000004772920225e-10,0.0,-0.05714285714285714,0.0,1.0,1.0,118.614,13.3626
1.0264150978214004,0.0,-0.48,0.6818181818181818,0.0,1.4935000000000003,-0.003034420289854888,-0.22058823529411764,0.0,0.0,1.0,-1.134350797017645,0.0,0.8571428571428571,0.5555555555555556,0.0,0.0,231.58143733333333,42.1
-0.006196692903598508,0.0,0.4533333333333333,-0.4090909090909091,0.0,0.16666666666666666,0.2943848958333333,-0.36790509191176485,1.6,0.0,-0.3333333333333333,8.000004772920225e-10,0.0,-0.14285714285714285,0.2222222222222222,0.0,1.523809523809524,133.56288,56.86
0.6966853307331425,0.0,-0.19555555555555557,-0.2,0.0,-0.05,-0.2430706521739129,0.3492647058823529,0.5714285714285714,0.0,0.0,8.000004772920225e-10,0.0,0.0,-0.8888888888888888,0.0,0.7142857142857143,108.3,64.5
1.1887027472788607,0.0,-0.48,0.45454545454545453,0.0,0.35,0.6763134057971018,-0.5919117647058824,2.6666666666666665,1.3714285714285714,0.3333333333333333,0.008120301551879996,0.0,1.1428571428571428,0.0,1.3714285714285714,2.666666666666667,195.6294,48.53
-0.3576377047219688,0.0,-0.21333333333333335,0.18181818181818182,0.0,-0.31666666666666665,-0.24759963768115928,0.3272058823529412,0.38095238095238093,0.0,0.3333333333333333,-0.4453908347795142,0.0,-0.14285714285714285,0.0,0.0,0.380952380952381,108.0984,33.8272
0.22639953230952564,0.0,-0.48,0.5181818181818182,0.0,0.11666666666666667,-0.7276721014492753,0.5477941176470589,0.5523809523809524,0.4,0.3333333333333333,0.008733154438814596,0.0,-0.14285714285714285,0.15555555555555556,0.3864734299516908,0.5337014032666206,117.7976,24.3357
-0.16273826453951,0.0,0.12444444444444444,-0.4409090909090909,0.0,-0.5666666666666667,0.23700181159420314,0.1801470588235294,0.0,0.0,-0.4166666666666667,-1.1749450541450546,0.0,-0.2857142857142857,-0.6777777777777778,0.0,0.0,83.2089,55.6864
-0.15681426939718646,0.0,0.5866666666666667,-0.8954545454545455,0.0,-0.5333333333333333,0.23700181159420314,0.1801470588235294,0.0,0.0,-0.4166666666666667,-1.1781818173818177,0.0,-0.2857142857142857,-0.6333333333333333,0.0,0.0,89.1514,72.2589
2.1799672240419903,0.0,-0.48,0.22727272727272727,0.0,1.4560000000000002,0.3456974637681162,0.20588235294117646,0.0,0.0,1.0,-1.3885714277714283,0.0,0.8571428571428571,-0.5555555555555556,0.0,0.0,244.3597413333333,36.8
-0.7090787165403395,0.0,-0.48,0.5772727272727273,0.0,-0.4925000000000002,-0.6959692028985507,0.6095588235294116,0.0,0.0,0.6666666666666666,8.000004772920225e-10,0.0,0.8571428571428571,0.3,0.0,0.0,117.14205333333334,47.92
-0.006196693528382581,0.0,0.52,-0.3409090909090909,0.0,0.39166666599999994,0.270969202898551,-0.5110294117647058,1.7142857142857142,0.0,-0.3333333333333333,0.0,0.0,0.8571428571428571,0.5555555555555556,0.0,1.523809523809524,164.7406190239833,54.902
1.0481263425515124,0.0,0.26666666666666666,-0.21818181818181817,0.0,1.2166666666666666,0.4978713768115946,-0.5330882352941176,1.6,0.0,-0.3333333333333333,8.000004772920225e-10,0.0,-0.14285714285714285,0.2222222222222222,0.0,1.523809523809524,158.77728,46.5363
1.3250192609538651,0.0,0.10666666666666667,-0.4636363636363636,0.0,-0.6166666666666667,0.23700181159420314,0.1801470588235294,0.0,1.9714285714285715,0.0,-1.1860714277714282,0.0,-0.14285714285714285,-0.7777777777777778,2.3896103896103895,0.0,93.9424,36.2
0.6966853307331425,0.0,0.26666666666666666,-0.21818181818181817,0.0,0.8666666666666667,0.2943848958333333,-0.36790509191176485,1.6,0.0,-0.3333333333333333,8.000004772920225e-10,0.0,-0.14285714285714285,0.2222222222222222,0.0,1.523809523809524,149.70048,44.67
-0.006196692903598508,0.0,0.26666666666666666,-0.21818181818181817,0.0,0.16666666666666666,0.4978713768115946,-0.5330882352941176,1.6,0.0,-0.3333333333333333,8.000004772920225e-10,0.0,0.8571428571428571,0.2222222222222222,0.0,1.523809523809524,154.00521333333333,58.8547
0.5209648248239571,0.0,1.2977777777777777,-1.3636363636363635,0.0,0.016666666666666666,0.7940670289855076,-0.8639705882352942,1.1428571428571428,0.8571428571428571,0.3333333333333333,0.6945589483459613,0.0,1.7142857142857142,0.0,0.8571428571428572,1.1428571428571428,223.6683866666667,68.09
-0.7090787165403395,0.0,-0.48,0.5772727272727273,0.0,-0.4925000000000002,-0.6959692028985507,0.6095588235294116,0.0,0.0,0.6666666666666666,8.000004772920225e-10,0.0,1.4285714285714286,0.3,0.0,0.0,129.97538666666668,46.23
2.4934275036545603,0.0,1.12,-0.8181818181818182,0.0,1.0183333333333333,0.46390398550724676,-2.070955882352941,0.0,4.188571428571429,-1.3333333333333333,0.9222471918112363,0.0,-0.17142857142857143,0.8888888888888888,3.4904761904761905,0.0,101.07672,9.53802
0.83726173546049,0.0,0.32,-0.5454545454545454,0.0,-0.2833333333333333,0.2052989130434785,0.03308823529411765,0.6552380952380952,1.25,0.0,8.000004772920225e-10,0.0,1.1428571428571428,-0.4444444444444444,1.388888888888889,0.728042328042328,109.08,15.04
0.7020372243141328,0.0,1.271111111111111,-1.3636363636363635,0.0,-0.35,-0.2430706521739129,0.33088235294117646,0.5628571428571428,1.6857142857142857,-0.3333333333333333,0.010285715085714728,0.0,0.8571428571428571,-0.06666666666666667,1.7113850616388688,0.5714285714285715,123.69742222970834,69.28
-0.20909602131941124,0.0,0.6711111111111111,0.42727272727272725,0.0,-0.48333333333333334,-0.8182518115942029,-0.9301470588235294,0.0,3.5714285714285716,-0.3333333333333333,-1.2275776389515523,0.0,-0.14285714285714285,2.811111111111111,2.187705097352877,0.0,93.1016,53.2493
-0.3576377047219688,0.0,-0.3022222222222222,0.2727272727272727,0.0,-0.31666666666666665,-0.2249547101449274,0.3602941176470588,0.0,0.0,0.6666666666666666,-0.9257142849142853,0.0,-0.22857142857142856,0.0,0.0,0.0,115.64,43.0
-0.11222101040469955,0.0,0.6711111111111111,0.42727272727272725,0.0,0.016666666666666666,-0.4695199275362318,-1.2316176470588236,0.0,2.9714285714285715,-0.3333333333333333,-1.20794425007108,0.0,-0.14285714285714285,2.811111111111111,1.8201706409975935,0.0,107.164,68.4283
2.571037393764451,0.0,1.12,-0.8181818181818182,0.0,1.0183333333333333,0.4512228260869566,-2.0779411764705884,0.0,4.34,-1.3333333333333333,1.846132723912129,0.0,-0.17142857142857143,0.8888888888888888,3.616666666666667,0.0,103.06011999999998,8.03376
0.6966853299521624,0.0,0.0,-0.21818181818181817,0.0,0.31666666599999993,0.31399456521739155,-0.5073529411764706,1.3714285714285714,0.0,-0.3333333333333333,-1.0799999997090903,0.0,0.8571428571428571,-0.4444444444444444,0.0,1.523809523809524,157.2526190239833,33.68
-0.7090787158819014,0.0,-0.48,0.5772727272727273,0.0,-0.492499999333333,-0.6959692028985507,0.6095588235294116,0.0,0.0,0.6666666666666666,0.771428573123281,0.0,1.4285714285714286,0.3,0.0,0.0,124.12548667756668,45.65
-0.3576377047219688,0.0,-0.48,0.45454545454545453,0.0,-0.65,0.8801177536231888,-0.7941176470588235,1.0,0.5714285714285714,1.0,8.000004772920225e-10,0.0,0.5714285714285714,0.0,0.5714285714285715,1.0,114.96,35.0
0.6810462057072247,0.0,1.2977777777777777,-1.3636363636363635,0.0,0.6685000000000002,-0.8001358695652173,-0.31985294117647056,0.0,0.0,0.3333333333333333,-0.013253942202590373,0.0,-0.14285714285714285,0.0,0.0,0.0,142.261312,54.1558
1.0481263425515124,0.0,0.08,-0.02727272727272727,0.0,1.2166666666666666,0.4978713768115946,-0.5330882352941176,1.6,0.0,-0.3333333333333333,8.000004772920225e-10,0.0,-0.14285714285714285,0.2222222222222222,0.0,1.523809523809524,156.76128,25.0279
2.6486472838743413,0.0,1.12,-0.8181818181818182,0.0,1.0166666666666666,0.37830615942029033,-2.1183823529411767,0.0,4.494285714285715,-0.3333333333333333,-0.0013494369342765416,0.0,-0.17142857142857143,0.8888888888888888,3.745238095238096,0.0,129.27328,47.3402
-1.7586420700275842,0.0,1.2724000000000002,0.4285909090909092,0.0,-0.3458333333333333,-0.6642663043478261,0.6727941176470589,0.0,0.0,1.0,-0.027406014237593465,0.0,2.0,4.317555555555556,0.0,0.0,175.517,62.3
-0.7089051654233925,0.0,0.19777777777777777,-0.2159090909090909,0.0,-0.6206666666666668,-0.5134510869565219,0.6326470588235291,0.0,0.0,1.0,-1.3885714277714283,0.0,-0.17142857142857143,0.05555555555555555,0.0,0.0,130.305152,39.52
-0.7089051654233925,0.0,0.19777777777777777,-0.2159090909090909,0.0,-0.6206666666666668,-0.5134510869565219,0.6326470588235291,0.0,0.0,1.8333333333333333,-1.3885714277714283,0.0,0.8571428571428571,0.05555555555555555,0.0,0.0,179.91052533333334,43.24
0.6966853299521624,0.0,0.16,-0.38181818181818183,0.0,0.31666666599999993,0.31399456521739155,-0.5073529411764706,1.3714285714285714,0.0,-0.3333333333333333,-1.0799999997090903,0.0,0.8571428571428571,-0.4444444444444444,0.0,1.523809523809524,158.9806190239833,51.53
1.5738820962317952,0.0,-0.48,0.22727272727272727,0.0,0.9530000000000001,0.3456974637681162,0.20588235294117646,0.0,0.0,0.0,-1.3885714277714283,0.0,0.8571428571428571,-0.5555555555555556,0.0,0.0,166.15887333333333,31.1
0.6966853307331425,0.0,-0.32,0.10909090909090909,0.0,0.31666666666666665,0.31399456521739155,-0.07720588235294118,0.0,0.0,-0.3333333333333333,8.000004772920225e-10,0.0,0.0,-0.4444444444444444,0.0,0.0,97.68,34.83
2.7614012751660684,0.0,1.12,-0.8181818181818182,0.0,1.0166666666666666,0.31580615942029,-2.152941176470588,0.0,4.714285714285714,0.3333333333333333,-0.4628571420571424,0.0,-0.17142857142857143,0.8888888888888888,3.928571428571429,0.0,156.55584,59.1157
-0.07648489526727265,0.0,-0.48,0.45454545454545453,0.0,-0.65,0.8121829710144931,-0.8492647058823529,0.7142857142857143,1.0,1.0,8.000004772920225e-10,0.0,0.5714285714285714,0.0,1.0,0.7142857142857143,109.17,30.5
0.0,0.0,-0.48,0.4409090909090909,0.0,0.0,-0.6959692028985507,0.6102941176470589,0.7561904761904762,0.0,0.0,0.009075631052101286,0.0,0.8571428571428571,-0.03333333333333333,0.0,0.761904761904762,132.87473333333332,35.6706
0.3452443195005069,0.0,0.16,-0.38181818181818183,0.0,0.01666666716666659,0.3321105072463771,-0.07426470588235311,1.3714285714285714,0.0,-0.3333333333333333,1.2500005145251896e-09,0.0,0.8571428571428571,-0.4444444444444444,0.0,1.523809523809524,144.63451620623334,57.3112
0.3452443189147718,0.0,-0.48,0.6818181818181818,0.0,0.7833333333333333,-0.9586503623188406,0.33088235294117646,0.42857142857142855,0.0,0.0,-1.3885714277714283,0.0,0.0,0.5555555555555556,0.0,0.380952380952381,145.61,31.5
0.20466791418742353,0.0,0.4288888888888889,-0.4340909090909091,0.0,-0.6,-0.6642663043478261,0.6691176470588235,0.0,1.5714285714285714,0.0,8.000004772920225e-10,0.0,0.0,0.1,1.53684945860985,0.0,88.39,46.32
-0.006236140766637857,0.0,1.1038222222222223,-1.3636363636363635,0.0,-0.3106666666666664,-1.0577445652173914,0.637095588235294,0.33904761904761904,0.0,0.6666666666666666,-1.3885714277714283,0.0,-0.17142857142857143,-0.48488888888888876,0.0,0.3805675373752599,148.48012,48.7669
-1.8213714034294086,0.0,0.38222222222222224,-0.4818181818181818,0.0,-1.7433333333333332,-0.8046648550724638,0.47794117647058826,0.0,0.0,-1.1666666666666667,-0.4628571420571424,0.0,0.8571428571428571,-0.13333333333333333,0.0,0.0,65.34457333333333,55.0
-0.006196692903598508,0.0,1.36,-1.3636363636363635,0.0,0.11666666666666667,-0.06644021739130418,0.5183823529411765,0.0,0.0,0.3333333333333333,8.000004772920225e-10,0.0,0.0,0.15555555555555556,0.0,0.0,127.51,51.44
5.883954665172289,0.0,-0.14666666666666667,-0.5681818181818182,0.0,0.35,0.18718297101449297,0.29044117647058826,0.0,3.4857142857142858,0.6666666666666666,-0.9257142849142853,0.0,-0.17142857142857143,-1.6666666666666667,5.577142857142857,0.0,142.8656,32.73
1.5637293558903747,0.0,-0.48,0.6818181818181818,0.0,2.0668333333333333,-0.003034420289854888,-0.22058823529411764,0.0,0.0,0.6666666666666666,-1.1338227525091622,0.0,0.8571428571428571,0.5555555555555556,0.0,0.0,236.6241653333333,42.5
-0.006196693098843921,0.0,0.0,-0.21818181818181817,0.0,-0.2833333335000001,0.3321105072463771,-0.07426470588235311,1.3714285714285714,0.0,-0.3333333333333333,3.0000043592183703e-10,0.0,0.8571428571428571,-0.4444444444444444,0.0,1.523809523809524,135.12640189688332,41.4502
-0.14882394703678334,0.0,0.6933333333333334,-0.85,0.0,-0.2833333333333333,0.09207427536231905,0.0,0.0,0.0,-0.4166666666666667,-1.1856751459710368,0.0,-0.2857142857142857,-0.25555555555555554,0.0,0.0,96.9521,77.3575
2.4538903898249944,0.0,-0.48,-0.22727272727272727,0.0,0.35,-1.4523097826086957,1.6764705882352942,0.0,0.0,1.0,-0.9257142849142853,0.0,0.8571428571428571,-1.6666666666666667,0.0,0.0,174.05193333333332,23.45
-0.0263700440351667,0.0,-0.48,0.1409090909090909,0.0,-0.5166666666666667,-0.5646286231884057,0.8566176470588235,0.6304761904761905,0.0,0.6666666666666666,0.022040817126531425,0.0,0.8571428571428571,-0.7666666666666667,0.0,0.761904761904762,128.6447333333333,36.5169
-0.7089051654233925,0.0,-0.03,0.017045454545454544,0.0,-0.6206666666666668,-0.5134510869565219,0.6326470588235291,0.0,0.0,0.8333333333333334,-1.3885714277714283,0.0,-0.17142857142857143,0.05555555555555555,0.0,0.0,122.415744,32.64
0.34524431875857575,0.0,0.12,0.06818181818181818,0.0,0.7666666664999998,0.270969202898551,-0.5110294117647058,1.7142857142857142,0.0,-0.3333333333333333,4.4000044750548897e-10,0.0,0.8571428571428571,0.5555555555555556,0.0,1.523809523809524,170.14576189688333,44.3791
1.6729103635619487,0.0,-0.48,0.2727272727272727,0.0,0.35,0.6763134057971018,-0.5919117647058824,2.2857142857142856,1.3714285714285714,0.0,0.008120301551879996,0.0,1.1428571428571428,-0.4444444444444444,1.523809523809524,2.5396825396825395,208.092,51.52
0.6966853307331425,0.0,-0.48,0.4954545454545455,0.0,0.7833333333333333,-0.8997735507246377,0.44485294117647056,0.3904761904761904,0.0,0.8333333333333334,-1.3885714277714283,0.0,0.0,0.1,0.0,0.3818838048666899,188.18,33.5
0.6966853307331425,0.0,0.26666666666666666,-0.21818181818181817,0.0,0.8666666666666667,0.4978713768115946,-0.5330882352941176,1.6,0.0,-0.3333333333333333,8.000004772920225e-10,0.0,-0.14285714285714285,0.2222222222222222,0.0,1.523809523809524,149.70048,44.581
1.1887027472788607,0.0,-0.48,0.45454545454545453,0.0,0.35,0.6763134057971018,-0.5919117647058824,2.6666666666666665,1.3714285714285714,0.3333333333333333,0.008120301551879996,0.0,1.1428571428571428,0.0,1.3714285714285714,2.666666666666667,224.5044,53.08
0.8724058366423271,0.0,1.2977777777777777,-1.3636363636363635,0.0,0.35,0.7125452898550728,-0.9301470588235294,1.1428571428571428,0.8571428571428571,0.0,0.6941873604017254,0.0,0.8571428571428571,0.0,0.8571428571428572,1.1428571428571428,187.61982666666668,67.44
1.0481263425515124,0.0,0.4533333333333333,-0.4090909090909091,0.0,1.2166666666666666,0.4978713768115946,-0.5330882352941176,1.6,0.0,-0.3333333333333333,8.000004772920225e-10,0.0,0.8571428571428571,0.2222222222222222,0.0,1.523809523809524,183.25161333333327,51.0335
1.0481263425515124,0.0,-0.48,0.41818181818181815,0.0,0.95,-0.9178894927536232,0.39338235294117646,0.37142857142857144,0.0,0.8333333333333334,-1.3885714277714283,0.0,0.0,-0.08888888888888889,0.0,0.37900874635568516,195.2,19.0
0.20466791418742353,0.0,1.3377777777777777,-1.3636363636363635,0.0,-0.6,-0.6642663043478261,-1.2316176470588236,0.0,1.5714285714285714,0.0,8.000004772920225e-10,0.0,0.0,0.1,1.53684945860985,0.0,95.72,38.6
0.6853485239002912,0.0,0.3466666666666667,-0.09545454545454546,0.0,1.2666666666666666,-0.8907155797101449,0.23897058823529413,0.0,0.0,-0.3333333333333333,-0.006340508006261574,0.0,-0.14285714285714285,0.7222222222222222,0.0,0.0,129.1064,41.8947
-0.7090787165403395,0.0,-0.48,0.45454545454545453,0.0,-0.65,-0.19325181159420277,0.40808823529411764,0.5714285714285714,0.0,0.6666666666666666,-0.9257142849142853,0.0,-0.22857142857142856,0.0,0.0,0.5714285714285714,112.2,27.0
1.0481263427467575,0.0,0.0,-0.21818181818181817,0.0,0.6166666668333335,0.3321105072463771,-0.07426470588235311,1.3714285714285714,0.0,-0.3333333333333333,1.1750003027697988e-09,0.0,0.8571428571428571,-0.4444444444444444,0.0,1.523809523809524,158.4667447697833,28.5498
-0.17359617207056646,0.0,0.6355555555555555,-0.8727272727272727,0.0,-0.43333333333333335,0.09207427536231905,0.0,0.0,0.0,-0.4166666666666667,-1.1873291917465834,0.0,-0.2857142857142857,-0.45555555555555555,0.0,0.0,92.1581,70.8577
-0.3576377047219688,0.0,-0.1688888888888889,-0.09090909090909091,0.0,-0.65,-0.9858242753623189,-0.11029411764705882,0.0,0.0,0.6666666666666666,8.000004772920225e-10,0.0,-0.17142857142857143,-0.5555555555555556,0.0,0.0,91.1632,32.86
0.38099089040258294,0.0,-0.48,0.22727272727272727,0.0,-0.036999999999999984,0.3456974637681162,0.20588235294117646,0.0,0.0,0.0,-1.3885714277714283,0.0,0.8571428571428571,-0.5555555555555556,0.0,0.0,132.71667333333335,22.5
1.0481263425515124,0.0,-0.48,0.41818181818181815,0.0,0.95,-0.9224184782608695,0.3860294117647059,0.37142857142857144,0.0,0.0,-1.3885714277714283,0.0,0.0,-0.08888888888888889,0.0,0.37900874635568516,149.99,25.0
1.4497732132010788,0.0,0.14222222222222222,-0.4090909090909091,0.0,-0.48333333333333334,0.13283514492753645,0.03308823529411765,0.0,2.2857142857142856,0.0,-1.1675053296904048,0.0,-0.14285714285714285,-0.5555555555555556,2.612244897959184,0.0,98.202,56.1
-1.4370636695926782,0.0,2.008888888888889,-1.3636363636363635,0.0,-0.6833333333333333,-0.14796195652173896,0.13602941176470587,0.0,0.0,0.6666666666666666,-1.7191836726693874,0.0,0.8571428571428571,1.7777777777777777,0.0,0.0,152.97298333333333,28.88
-0.03632020800149294,0.0,-0.48,0.22727272727272727,0.0,-0.9666666665000001,0.9933423913043482,-0.7022058823529411,1.0,1.0,1.0,2.6446374233403604e-10,0.0,0.5714285714285714,-0.5555555555555556,1.142857142857143,1.1428571428571428,135.54036191348334,22.1614
-0.006196693528382581,0.0,0.12,0.06818181818181818,0.0,0.39166666599999994,0.270969202898551,-0.5110294117647058,1.7142857142857142,0.0,-0.3333333333333333,0.0,0.0,-0.14285714285714285,0.5555555555555556,0.0,1.523809523809524,137.96228569065,33.8562
0.6966853301474074,0.0,0.0,-0.21818181818181817,0.0,0.3166666661666667,0.3321105072463771,-0.07426470588235311,1.3714285714285714,0.0,-0.3333333333333333,3.9090979596169617e-10,0.0,-0.14285714285714285,-0.4444444444444444,0.0,1.523809523809524,128.2282971271,31.0876
0.5209648248239571,0.0,1.2977777777777777,-1.3636363636363635,0.0,0.016666666666666666,0.7940670289855076,-0.8639705882352942,1.1428571428571428,0.8571428571428571,0.6666666666666666,-8.999670006917578e-05,0.0,0.8571428571428571,0.0,0.8571428571428572,1.1428571428571428,198.12499866666667,77.4
-0.09405694585819119,0.0,-0.48,0.45454545454545453,0.0,-0.65,0.8438858695652177,-0.8235294117647058,0.23809523809523808,1.0,1.0,8.000004772920225e-10,0.0,0.5714285714285714,0.0,1.0,0.2380952380952381,131.92253333333332,32.9508
-0.006236140766637857,0.0,1.1038222222222223,-1.3636363636363635,0.0,-0.3106666666666664,-1.0577445652173914,0.637095588235294,0.33904761904761904,0.0,0.6666666666666666,-0.9257142849142855,0.0,-0.17142857142857143,-0.48488888888888876,0.0,0.3805675373752599,137.0560736,61.3713
-0.015635077107251587,0.0,0.17777777777777778,0.8409090909090909,0.0,0.016666666666666666,-0.8182518115942029,-0.9301470588235294,0.0,2.9714285714285715,-0.3333333333333333,-1.20794425007108,0.0,-0.14285714285714285,2.588888888888889,1.8776799819453849,0.0,101.78,34.2926
2.673541022211476,0.0,1.12,-0.8181818181818182,0.0,1.0166666666666666,0.4045742753623191,-2.1036764705882356,0.0,4.542857142857143,-0.6666666666666666,1.388571429371429,0.0,-0.17142857142857143,0.8888888888888888,3.785714285714286,0.0,116.75904,28.2022
0.0,0.0,-0.48,0.4409090909090909,0.0,0.0,-0.6959692028985507,0.6102941176470589,0.7561904761904762,0.0,-0.3333333333333333,0.009075631052101286,0.0,0.8571428571428571,-0.03333333333333333,0.0,0.761904761904762,125.06153333333332,32.6797
1.0481263431762973,0.0,0.32,-0.13636363636363635,0.0,1.5166666673333338,0.270969202898551,-0.5110294117647058,1.7142857142857142,0.0,-0.3333333333333333,1.4000005269362452e-09,0.0,-0.14285714285714285,0.5555555555555556,0.0,1.523809523809524,169.29771430935,45.7516
-0.42792590708564293,0.0,-0.48,0.45454545454545453,0.0,-0.9833333333333333,0.7216032608695655,-0.9227941176470589,1.0,1.0,1.0,8.000004772920225e-10,0.0,0.5714285714285714,0.0,1.0,1.0,102.47,32.5
2.7452935621243926,0.0,1.12,-0.8181818181818182,0.0,1.0166666666666666,0.3565670289855074,-2.130147058823529,0.0,4.682857142857143,0.0,0.46285714365714337,0.0,-0.17142857142857143,0.8888888888888888,3.902380952380953,0.0,136.25279999999998,54.2342
-0.709164664452254,0.0,-0.48,0.4949999999999999,0.0,-0.5981666666666664,-0.6642663043478261,0.6727941176470589,0.5714285714285714,0.0,1.0,-0.00011319488179374053,0.0,0.8571428571428571,0.09888888888888864,0.0,0.558991021206722,131.15831733333334,71.07
0.6966853307331425,0.0,0.0,-0.21818181818181817,0.0,0.31666666666666665,0.31399456521739155,-0.07720588235294118,0.0,0.0,-0.3333333333333333,8.000004772920225e-10,0.0,0.8571428571428571,-0.4444444444444444,0.0,0.0,101.13,41.27
-1.4119607401770802,0.0,-0.48,0.5772727272727273,0.0,-1.2041666666666666,-0.6959692028985507,0.6095588235294116,0.0,0.0,0.6666666666666666,8.000004772920225e-10,0.0,1.4285714285714286,0.3,0.0,0.0,105.91210666666667,42.37
2.730650186631961,0.0,1.12,-0.8181818181818182,0.0,1.0166666666666666,0.38328804347826095,-2.115441176470588,0.0,4.654285714285715,-0.3333333333333333,1.388571429371429,0.0,-0.17142857142857143,0.8888888888888888,3.8785714285714294,0.0,124.07472,40.4923
0.83726173546049,0.0,0.32,-0.5454545454545454,0.0,-0.2833333333333333,0.2052989130434785,0.03308823529411765,1.100952380952381,1.25,-0.6666666666666666,-1.3885714277714283,0.0,-0.6857142857142857,-0.4444444444444444,1.388888888888889,1.2232804232804233,107.16,7.43
-1.7586420700275842,0.0,1.2724000000000002,0.4285909090909092,0.0,-0.3458333333333333,-0.6642663043478261,0.6727941176470589,0.0,0.0,0.3333333333333333,-0.027406014237593465,0.0,2.0,4.317555555555556,0.0,0.0,161.54516,58.9
-0.3576377047219688,0.0,-0.12444444444444444,0.09090909090909091,0.0,-0.31666666666666665,-0.2249547101449274,0.3602941176470588,0.0,0.0,0.6666666666666666,8.000004772920225e-10,0.0,-0.22857142857142856,0.0,0.0,0.0,104.53,47.0
1.0481263425515124,0.0,0.26666666666666666,-0.21818181818181817,0.0,1.2166666666666666,0.4978713768115946,-0.5330882352941176,1.6,0.0,-0.3333333333333333,8.000004772920225e-10,0.0,0.8571428571428571,0.2222222222222222,0.0,1.523809523809524,181.23561333333333,56.7039
0.0,0.0,-0.48,0.4409090909090909,0.0,0.0,-0.6959692028985507,0.6102941176470589,0.7561904761904762,0.0,0.0,0.009075631052101286,0.0,1.4285714285714286,-0.03333333333333333,0.0,0.761904761904762,145.70806666666667,34.4945
0.3452443195005069,0.0,0.0,-0.21818181818181817,0.0,0.01666666716666659,0.3321105072463771,-0.07426470588235311,1.3714285714285714,0.0,-0.3333333333333333,1.2500005145251896e-09,0.0,-0.14285714285714285,-0.4444444444444444,0.0,1.523809523809524,120.4481828729,36.1631
-0.14800622398820415,0.0,-0.17777777777777778,-0.11818181818181818,0.0,-0.5333333333333333,0.23700181159420314,0.1801470588235294,0.0,0.0,-0.4166666666666667,-1.1781818173818177,0.0,-0.2857142857142857,-0.6444444444444445,0.0,0.0,80.8914,34.0268
0.83726173546049,0.0,0.32,-0.5454545454545454,0.0,-0.2833333333333333,0.2052989130434785,0.03308823529411765,0.9523809523809523,1.25,-0.6666666666666666,-0.9257142849142853,0.0,1.1428571428571428,-0.4444444444444444,1.388888888888889,1.0582010582010581,102.61,13.06
0.9967407115806801,0.0,0.2,-0.3181818181818182,0.0,-0.25,0.09207427536231905,0.0,0.0,1.8,0.0,-1.188416987616988,0.0,-0.14285714285714285,-0.18888888888888888,1.8798955613577024,0.0,106.7536,58.6
2.720399823787258,0.0,1.12,-0.8181818181818182,0.0,1.0166666666666666,0.35113224637681206,-2.133455882352941,0.0,4.634285714285714,0.0,-0.0013494369342765416,0.0,-0.17142857142857143,0.8888888888888888,3.861904761904762,0.0,139.73432,56.2162
0.9915726165117748,0.0,0.13777777777777778,-0.41363636363636364,0.0,-0.5,0.23700181159420314,0.1801470588235294,0.0,1.6285714285714286,0.0,-1.1813219608204688,0.0,-0.14285714285714285,-0.5777777777777777,1.87192118226601,0.0,98.0884,56.8
0.6810462057072247,0.0,1.2977777777777777,-1.3636363636363635,0.0,0.6685000000000002,-0.8001358695652173,-0.31985294117647056,0.0,0.0,0.6666666666666666,-0.013253942202590373,0.0,-0.14285714285714285,0.0,0.0,0.0,151.89146399999998,59.2208
0.20466791418742353,0.0,0.8844444444444445,-0.9,0.0,-0.6,-0.6642663043478261,-1.2316176470588236,0.0,1.5714285714285714,0.0,8.000004772920225e-10,0.0,0.0,0.1,1.53684945860985,0.0,90.82,35.5
-0.7090787165403395,0.0,2.008888888888889,-1.3636363636363635,0.0,0.2833333333333333,-0.14796195652173896,0.13602941176470587,0.0,0.0,0.6666666666666666,-1.7404958669685948,0.0,2.0,1.7777777777777777,0.0,0.0,206.62845,29.46
0.8073838757401519,0.0,-0.48,0.12272727272727273,0.0,-0.26666666666666666,-0.12984601449275346,0.5036764705882353,0.0,0.6285714285714286,-0.3333333333333333,-0.46268675474153126,0.0,0.8571428571428571,-0.8111111111111111,0.7688947138488422,0.0,105.39695733333332,31.3
0.2573840659601791,0.0,-0.48,0.45454545454545453,0.0,-0.31666666666666665,0.7216032608695655,-0.9227941176470589,1.0,1.0,1.0,-0.020124222802484087,0.0,0.5714285714285714,0.0,1.0,1.0,159.09693333333334,31.9355
-0.04763766979489189,0.0,0.6711111111111111,0.42727272727272725,0.0,0.35,-1.1715126811594203,-0.625,0.0,2.5714285714285716,-0.3333333333333333,-1.2275776389515523,0.0,-0.14285714285714285,2.811111111111111,1.5751476700940714,0.0,116.94,57.2846
0.5209648248239571,0.0,1.2977777777777777,-1.3636363636363635,0.0,0.016666666666666666,0.7940670289855076,-0.8639705882352942,1.1428571428571428,0.8571428571428571,0.6666666666666666,-0.69410891549379,0.0,1.7142857142857142,0.0,0.8571428571428572,1.1428571428571428,204.9045133333333,48.23
1.0481263425515124,0.0,0.4533333333333333,-0.4090909090909091,0.0,1.2166666666666666,0.4978713768115946,-0.5330882352941176,1.6,0.0,-0.3333333333333333,8.000004772920225e-10,0.0,-0.14285714285714285,0.2222222222222222,0.0,1.523809523809524,160.79327999999998,47.514
0.8724058366423271,0.0,1.2977777777777777,-1.3636363636363635,0.0,0.35,0.7125452898550728,-0.9301470588235294,1.1428571428571428,0.8571428571428571,0.0,-0.6943811741916518,0.0,0.0,0.0,0.8571428571428572,1.1428571428571428,162.75018,64.4
1.0481263427467575,0.0,0.16,-0.38181818181818183,0.0,0.6166666668333335,0.3321105072463771,-0.07426470588235311,1.3714285714285714,0.0,-0.3333333333333333,1.1750003027697988e-09,0.0,0.8571428571428571,-0.4444444444444444,0.0,1.523809523809524,160.1947447697833,51.1782
-0.6884057158451413,0.0,-0.48,0.4909090909090909,0.0,-0.5833333333333334,-0.6642663043478261,0.6727941176470589,0.5828571428571429,0.0,-0.3333333333333333,0.011289199406272266,0.0,-0.14285714285714285,0.08888888888888889,0.0,0.5714285714285714,84.2128,16.3
2.765794287813797,0.0,1.12,-0.8181818181818182,0.0,1.0183333333333333,0.3610960144927538,-2.1279411764705882,0.0,4.72,0.0,0.9222471918112363,0.0,-0.17142857142857143,0.8888888888888888,3.933333333333333,0.0,133.61687999999998,52.4324
2.7482222372228797,0.0,1.12,-0.8181818181818182,0.0,1.0166666666666666,0.3846467391304351,-2.1150735294117644,0.0,4.688571428571429,-0.3333333333333333,1.8556749680346007,0.0,-0.17142857142857143,0.8888888888888888,3.907142857142857,0.0,122.96432,39.1869
-0.3576377047219688,0.0,0.14222222222222222,-0.4090909090909091,0.0,-0.65,-0.9858242753623189,-0.11029411764705882,0.0,0.0,0.6666666666666666,8.000004772920225e-10,0.0,-0.17142857142857143,-0.5555555555555556,0.0,0.0,94.5232,36.93
0.6966853308893385,0.0,0.32,-0.13636363636363635,0.0,1.1416666668333335,0.270969202898551,-0.5110294117647058,1.7142857142857142,0.0,-0.3333333333333333,1.127273269016119e-09,0.0,-0.14285714285714285,0.5555555555555556,0.0,1.523809523809524,159.57257143645,41.8627
0.34524431875857575,0.0,0.32,-0.13636363636363635,0.0,0.7666666664999998,0.270969202898551,-0.5110294117647058,1.7142857142857142,0.0,-0.3333333333333333,4.4000044750548897e-10,0.0,0.8571428571428571,0.5555555555555556,0.0,1.523809523809524,172.30576189688333,61.5359
0.3452443189147718,0.0,-0.48,0.7727272727272727,0.0,0.95,-1.02205615942029,0.19117647058823528,0.44761904761904764,0.0,0.8333333333333334,-1.3885714277714283,0.0,0.0,0.7777777777777778,0.0,0.380952380952381,196.64,36.0
0.34524431875857575,0.0,0.32,-0.13636363636363635,0.0,0.7666666664999998,0.270969202898551,-0.5110294117647058,1.7142857142857142,0.0,-0.3333333333333333,4.4000044750548897e-10,0.0,-0.14285714285714285,0.5555555555555556,0.0,1.523809523809524,149.84742856355,50.7843
2.7101494609425556,0.0,1.12,-0.8181818181818182,0.0,1.0183333333333333,0.38192934782608723,-2.1161764705882353,0.0,4.611428571428571,-0.3333333333333333,0.9222471918112363,0.0,-0.17142857142857143,0.8888888888888888,3.842857142857143,0.0,125.47343999999998,43.6449
-0.09405694585819119,0.0,-0.48,0.45454545454545453,0.0,-0.65,0.7895380434782612,-0.8676470588235294,1.0,1.0,1.0,8.000004772920225e-10,0.0,0.5714285714285714,0.0,1.0,1.0,146.84733333333332,27.3115
-0.3576377047219688,0.0,-0.3022222222222222,0.2727272727272727,0.0,-0.31666666666666665,-0.2249547101449274,0.3602941176470588,0.0,0.0,0.0,-0.9257142849142853,0.0,-0.22857142857142856,0.0,0.0,0.0,96.03,35.5
-1.4370636695926782,0.0,2.008888888888889,-1.3636363636363635,0.0,-0.6833333333333333,-0.14796195652173896,0.13602941176470587,0.0,0.0,0.6666666666666666,-1.7191836726693874,0.0,2.0,1.7777777777777777,0.0,0.0,159.38965,32.64
0.6966853307331425,0.0,0.08,-0.02727272727272727,0.0,0.8666666666666667,0.4978713768115946,-0.5330882352941176,1.6,0.0,-0.3333333333333333,8.000004772920225e-10,0.0,-0.14285714285714285,0.2222222222222222,0.0,1.523809523809524,147.68448,26.2011
0.05098881138912146,0.0,0.17777777777777778,0.8409090909090909,0.0,0.35,-0.8182518115942029,-0.9301470588235294,0.0,2.5714285714285716,-0.3333333333333333,-1.2275776389515523,0.0,-0.14285714285714285,2.588888888888889,1.6249153689911984,0.0,111.508,40.6474
-0.09405694585819119,0.0,-0.48,0.45454545454545453,0.0,-0.65,0.7895380434782612,-0.8676470588235294,4.476190476190476,1.0,1.0,-0.4825531906893612,0.0,0.5714285714285714,0.0,1.0,4.476190476190476,221.52653333333333,25.1063
-0.006236140766637857,0.0,1.1038222222222223,-1.3636363636363635,0.0,-0.3106666666666664,-1.0577445652173914,0.637095588235294,0.33904761904761904,0.0,-0.3333333333333333,-1.3885714277714283,0.0,-0.17142857142857143,-0.48488888888888876,0.0,0.3805675373752599,111.629392,41.291
-0.15065404131973842,0.0,0.5333333333333333,-0.9181818181818182,0.0,-0.65,0.23700181159420314,0.1801470588235294,0.0,0.0,-0.4166666666666667,-1.1828571420571423,0.0,-0.2857142857142857,-0.8222222222222222,0.0,0.0,85.34389999999999,66.8746
-0.0263700440351667,0.0,-0.48,0.1409090909090909,0.0,-0.5166666666666667,-0.5646286231884057,0.8566176470588235,0.6304761904761905,0.0,0.3333333333333333,0.022040817126531425,0.0,0.8571428571428571,-0.7666666666666667,0.0,0.761904761904762,122.21033333333332,35.2233
0.6966853301474074,0.0,0.0,-0.21818181818181817,0.0,0.3166666661666667,0.3321105072463771,-0.07426470588235311,1.3714285714285714,0.0,-0.3333333333333333,3.9090979596169617e-10,0.0,0.8571428571428571,-0.4444444444444444,0.0,1.523809523809524,150.68663046043332,33.8369
0.9895528405817842,0.0,0.16,-0.38181818181818183,0.0,-0.4166666666666667,0.18718297101449297,0.125,0.0,1.6857142857142857,0.0,-1.1739130426782605,0.0,-0.14285714285714285,-0.4444444444444444,1.8730158730158732,0.0,100.8636,56.1
-1.0605197283587098,0.0,2.008888888888889,-1.3636363636363635,0.0,-0.18333333333333332,-0.14796195652173896,0.13602941176470587,0.0,0.0,0.6666666666666666,0.747692308492308,0.0,2.0,1.7777777777777777,0.0,0.0,138.13164999999998,33.78
-1.8213714034294086,0.0,-0.48,0.4,0.0,-1.7433333333333332,-0.8046648550724638,0.47794117647058826,0.0,0.0,-0.3333333333333333,-0.4628571420571424,0.0,0.8571428571428571,-0.13333333333333333,0.0,0.0,65.53097333333332,16.0
-0.07648489526727265,0.0,-0.48,0.45454545454545453,0.0,-0.65,0.834827898550725,-0.8308823529411765,0.47619047619047616,1.0,1.0,8.000004772920225e-10,0.0,0.5714285714285714,0.0,1.0,0.4761904761904762,104.52,32.0
-0.16506728728724532,0.0,0.1688888888888889,-0.36818181818181817,0.0,-0.38333333333333336,0.18718297101449297,0.125,0.0,0.0,-0.4166666666666667,-1.1769795910367342,0.0,-0.2857142857142857,-0.3888888888888889,0.0,0.0,88.7006,58.2677
0.83726173546049,0.0,0.32,-0.5454545454545454,0.0,-0.2833333333333333,0.2052989130434785,0.03308823529411765,0.8038095238095238,1.25,0.0,-0.9257142849142853,0.0,1.1428571428571428,-0.4444444444444444,1.388888888888889,0.893121693121693,119.53,32.42
0.3452443189147718,0.0,0.08,-0.02727272727272727,0.0,0.5166666666666667,0.4978713768115946,-0.5330882352941176,1.6,0.0,-0.3333333333333333,8.000004772920225e-10,0.0,-0.14285714285714285,0.2222222222222222,0.0,1.523809523809524,138.60768000000002,38.1285
0.7020372243141328,0.0,1.271111111111111,-1.3636363636363635,0.0,-0.35,-0.2430706521739129,0.33088235294117646,0.5628571428571428,1.6857142857142857,-0.3333333333333333,0.010285715085714728,0.0,-0.14285714285714285,-0.06666666666666667,1.7113850616388688,0.5714285714285715,108.7252,52.79
-0.5167808044133066,0.0,-0.48,1.0454545454545454,0.0,0.35,-0.8454257246376812,0.022058823529411766,0.0,0.0,0.0,-0.9257142849142853,0.0,1.7142857142857142,1.4444444444444444,0.0,0.0,156.13713333333334,45.02
0.3452443195005069,0.0,0.16,-0.38181818181818183,0.0,0.01666666716666659,0.3321105072463771,-0.07426470588235311,1.3714285714285714,0.0,-0.3333333333333333,1.2500005145251896e-09,0.0,-0.14285714285714285,-0.4444444444444444,0.0,1.523809523809524,122.1761828729,48.006
1.1887027472788607,0.0,-0.48,0.45454545454545453,0.0,0.35,0.6763134057971018,-0.5919117647058824,2.6666666666666665,1.3714285714285714,0.3333333333333333,0.008120301551879996,0.0,1.1428571428571428,0.0,1.3714285714285714,2.666666666666667,224.5044,53.8
2.102449378006624,0.0,-0.48,-0.09090909090909091,0.0,0.5166666666666667,-0.6325634057971014,0.7279411764705882,0.0,0.0,0.3333333333333333,-0.9257142849142853,0.0,-0.14285714285714285,-1.3333333333333333,0.0,0.0,132.6688,25.4
-0.006196692903598508,0.0,-0.3022222222222222,0.2727272727272727,0.0,0.016666666666666666,-0.2249547101449274,0.3602941176470588,0.0,0.0,0.0,8.000004772920225e-10,0.0,-0.22857142857142856,0.0,0.0,0.0,98.13,31.0
0.83726173546049,0.0,0.32,-0.5454545454545454,0.0,-0.2833333333333333,0.2052989130434785,0.03308823529411765,0.8038095238095238,1.25,0.6666666666666666,-0.9257142849142853,0.0,-0.6857142857142857,-0.4444444444444444,1.388888888888889,0.893121693121693,139.39,10.04
-0.07648489526727265,0.0,-0.48,0.45454545454545453,0.0,-0.65,0.7895380434782612,-0.8676470588235294,1.0,1.0,1.0,8.000004772920225e-10,0.0,0.5714285714285714,0.0,1.0,1.0,114.76,27.5
-0.09405694585819119,0.0,-0.48,0.45454545454545453,0.0,-0.65,0.7895380434782612,-0.8676470588235294,1.0,1.0,1.3333333333333333,8.000004772920225e-10,0.0,0.5714285714285714,0.0,1.0,1.0,152.97533333333334,20.3184
0.0,0.0,-0.48,0.4409090909090909,0.0,0.0,-0.6959692028985507,0.6102941176470589,0.7561904761904762,0.0,0.6666666666666666,0.009075631052101286,0.0,0.8571428571428571,-0.03333333333333333,0.0,0.761904761904762,148.5011333333333,28.0907
0.6263971283694684,0.0,-0.48,0.45454545454545453,0.0,0.016666666666666666,0.7895380434782612,-0.8676470588235294,1.0,1.0,1.0,8.000004772920225e-10,0.0,0.5714285714285714,0.0,1.0,1.0,139.06,28.0
